event_id,order_id,store_id,sku_id,event_ts,reason
SO100001_SKU0068,ORD100001,DS001,SKU0068,2025-08-01 17:43:29,Damaged
SO100005_SKU0063,ORD100005,DS001,SKU0063,2025-08-01 19:38:05,Zero on hand
SO100013_SKU0020,ORD100013,DS001,SKU0020,2025-08-01 08:09:06,Damaged
SO100014_SKU0012,ORD100014,DS001,SKU0012,2025-08-01 18:54:59,Zero on hand
SO100017_SKU0078,ORD100017,DS001,SKU0078,2025-08-01 12:35:50,Zero on hand
SO100026_SKU0074,ORD100026,DS001,SKU0074,2025-08-01 11:28:49,Damaged
SO100032_SKU0037,ORD100032,DS001,SKU0037,2025-08-01 18:14:38,Expired
SO100036_SKU0013,ORD100036,DS001,SKU0013,2025-08-01 10:34:52,Zero on hand
SO100040_SKU0066,ORD100040,DS001,SKU0066,2025-08-01 20:12:46,Pick fail
SO100086_SKU0062,ORD100086,DS001,SKU0062,2025-08-01 19:06:50,Pick fail
SO100089_SKU0018,ORD100089,DS001,SKU0018,2025-08-01 19:20:07,Zero on hand
SO100089_SKU0048,ORD100089,DS001,SKU0048,2025-08-01 19:20:07,Expired
SO100113_SKU0050,ORD100113,DS002,SKU0050,2025-08-01 12:01:15,Damaged
SO100115_SKU0062,ORD100115,DS002,SKU0062,2025-08-01 15:05:24,Pick fail
SO100122_SKU0021,ORD100122,DS002,SKU0021,2025-08-01 19:15:21,Damaged
SO100128_SKU0041,ORD100128,DS002,SKU0041,2025-08-01 18:41:57,Zero on hand
SO100146_SKU0019,ORD100146,DS002,SKU0019,2025-08-01 19:08:04,Zero on hand
SO100158_SKU0069,ORD100158,DS002,SKU0069,2025-08-01 10:22:26,Damaged
SO100165_SKU0065,ORD100165,DS002,SKU0065,2025-08-01 20:00:31,Pick fail
SO100169_SKU0026,ORD100169,DS002,SKU0026,2025-08-01 19:59:08,Pick fail
SO100172_SKU0048,ORD100172,DS002,SKU0048,2025-08-01 10:11:45,Damaged
SO100172_SKU0060,ORD100172,DS002,SKU0060,2025-08-01 10:11:45,Expired
SO100184_SKU0048,ORD100184,DS003,SKU0048,2025-08-01 14:30:16,Expired
SO100199_SKU0005,ORD100199,DS003,SKU0005,2025-08-01 19:38:23,Pick fail
SO100206_SKU0061,ORD100206,DS003,SKU0061,2025-08-01 16:19:25,Damaged
SO100213_SKU0060,ORD100213,DS003,SKU0060,2025-08-01 11:45:50,Damaged
SO100215_SKU0073,ORD100215,DS003,SKU0073,2025-08-01 09:18:16,Pick fail
SO100220_SKU0054,ORD100220,DS003,SKU0054,2025-08-01 17:02:43,Pick fail
SO100235_SKU0013,ORD100235,DS003,SKU0013,2025-08-01 16:30:28,Damaged
SO100235_SKU0054,ORD100235,DS003,SKU0054,2025-08-01 16:30:28,Expired
SO100245_SKU0055,ORD100245,DS003,SKU0055,2025-08-01 13:14:40,Zero on hand
SO100245_SKU0006,ORD100245,DS003,SKU0006,2025-08-01 13:14:40,Damaged
SO100256_SKU0051,ORD100256,DS003,SKU0051,2025-08-01 10:44:52,Zero on hand
SO100260_SKU0069,ORD100260,DS003,SKU0069,2025-08-01 12:17:54,Expired
SO100263_SKU0019,ORD100263,DS003,SKU0019,2025-08-01 19:59:35,Pick fail
SO100276_SKU0037,ORD100276,DS003,SKU0037,2025-08-01 22:11:53,Damaged
SO100288_SKU0006,ORD100288,DS003,SKU0006,2025-08-01 19:18:53,Expired
SO100298_SKU0048,ORD100298,DS004,SKU0048,2025-08-01 16:06:33,Pick fail
SO100307_SKU0002,ORD100307,DS004,SKU0002,2025-08-01 20:19:18,Pick fail
SO100338_SKU0066,ORD100338,DS004,SKU0066,2025-08-01 08:50:06,Pick fail
SO100339_SKU0022,ORD100339,DS004,SKU0022,2025-08-01 14:10:51,Expired
SO100350_SKU0038,ORD100350,DS004,SKU0038,2025-08-01 22:07:22,Damaged
SO100353_SKU0010,ORD100353,DS004,SKU0010,2025-08-01 17:38:31,Expired
SO100361_SKU0039,ORD100361,DS004,SKU0039,2025-08-01 17:01:30,Damaged
SO100363_SKU0006,ORD100363,DS004,SKU0006,2025-08-01 22:19:13,Zero on hand
SO100369_SKU0005,ORD100369,DS004,SKU0005,2025-08-01 17:26:25,Pick fail
SO100374_SKU0005,ORD100374,DS005,SKU0005,2025-08-01 15:23:54,Expired
SO100389_SKU0017,ORD100389,DS005,SKU0017,2025-08-01 12:07:27,Pick fail
SO100401_SKU0023,ORD100401,DS005,SKU0023,2025-08-01 14:50:02,Pick fail
SO100401_SKU0003,ORD100401,DS005,SKU0003,2025-08-01 14:50:02,Zero on hand
SO100405_SKU0055,ORD100405,DS005,SKU0055,2025-08-01 22:11:26,Pick fail
SO100407_SKU0072,ORD100407,DS005,SKU0072,2025-08-01 19:29:44,Expired
SO100417_SKU0077,ORD100417,DS005,SKU0077,2025-08-01 16:14:43,Damaged
SO100420_SKU0001,ORD100420,DS005,SKU0001,2025-08-01 15:47:59,Zero on hand
SO100421_SKU0067,ORD100421,DS005,SKU0067,2025-08-01 12:27:52,Expired
SO100430_SKU0055,ORD100430,DS005,SKU0055,2025-08-01 10:23:48,Damaged
SO100432_SKU0036,ORD100432,DS005,SKU0036,2025-08-01 19:56:56,Damaged
SO100440_SKU0012,ORD100440,DS005,SKU0012,2025-08-01 12:05:00,Damaged
SO100441_SKU0055,ORD100441,DS005,SKU0055,2025-08-01 14:19:55,Expired
SO100442_SKU0025,ORD100442,DS005,SKU0025,2025-08-01 13:30:02,Zero on hand
SO100451_SKU0007,ORD100451,DS005,SKU0007,2025-08-01 17:23:41,Damaged
SO100455_SKU0033,ORD100455,DS005,SKU0033,2025-08-01 19:36:18,Pick fail
SO100456_SKU0079,ORD100456,DS005,SKU0079,2025-08-01 12:13:32,Zero on hand
SO100473_SKU0051,ORD100473,DS005,SKU0051,2025-08-01 13:14:16,Zero on hand
SO100475_SKU0020,ORD100475,DS005,SKU0020,2025-08-01 22:47:38,Pick fail
SO100478_SKU0002,ORD100478,DS005,SKU0002,2025-08-01 10:06:42,Expired
SO100484_SKU0070,ORD100484,DS005,SKU0070,2025-08-01 18:34:48,Pick fail
SO100488_SKU0039,ORD100488,DS005,SKU0039,2025-08-01 17:16:14,Pick fail
SO100507_SKU0072,ORD100507,DS006,SKU0072,2025-08-01 16:26:01,Damaged
SO100521_SKU0050,ORD100521,DS006,SKU0050,2025-08-01 13:12:23,Expired
SO100542_SKU0001,ORD100542,DS006,SKU0001,2025-08-01 10:40:31,Pick fail
SO100545_SKU0034,ORD100545,DS006,SKU0034,2025-08-01 08:28:21,Pick fail
SO100547_SKU0033,ORD100547,DS006,SKU0033,2025-08-01 13:03:27,Zero on hand
SO100556_SKU0005,ORD100556,DS006,SKU0005,2025-08-01 23:38:14,Pick fail
SO100556_SKU0009,ORD100556,DS006,SKU0009,2025-08-01 23:38:14,Expired
SO100558_SKU0041,ORD100558,DS006,SKU0041,2025-08-01 16:45:01,Pick fail
SO100575_SKU0051,ORD100575,DS006,SKU0051,2025-08-01 17:34:58,Damaged
SO100582_SKU0057,ORD100582,DS006,SKU0057,2025-08-01 18:36:19,Expired
SO100585_SKU0020,ORD100585,DS006,SKU0020,2025-08-01 13:09:41,Expired
SO100603_SKU0066,ORD100603,DS006,SKU0066,2025-08-01 20:38:58,Pick fail
SO100604_SKU0065,ORD100604,DS006,SKU0065,2025-08-01 20:09:57,Expired
SO100610_SKU0049,ORD100610,DS006,SKU0049,2025-08-01 18:29:02,Pick fail
SO100619_SKU0019,ORD100619,DS006,SKU0019,2025-08-01 16:04:57,Zero on hand
SO100620_SKU0058,ORD100620,DS006,SKU0058,2025-08-01 23:10:16,Pick fail
SO100629_SKU0038,ORD100629,DS007,SKU0038,2025-08-01 19:39:38,Damaged
SO100640_SKU0041,ORD100640,DS007,SKU0041,2025-08-01 18:36:24,Zero on hand
SO100660_SKU0050,ORD100660,DS007,SKU0050,2025-08-01 19:32:33,Expired
SO100677_SKU0078,ORD100677,DS007,SKU0078,2025-08-01 18:49:07,Expired
SO100704_SKU0047,ORD100704,DS007,SKU0047,2025-08-01 19:36:10,Pick fail
SO100707_SKU0041,ORD100707,DS007,SKU0041,2025-08-01 18:35:06,Zero on hand
SO100708_SKU0080,ORD100708,DS007,SKU0080,2025-08-01 19:06:24,Zero on hand
SO100717_SKU0066,ORD100717,DS007,SKU0066,2025-08-01 13:21:48,Damaged
SO100749_SKU0008,ORD100749,DS008,SKU0008,2025-08-01 12:31:11,Zero on hand
SO100752_SKU0046,ORD100752,DS008,SKU0046,2025-08-01 20:00:30,Expired
SO100760_SKU0079,ORD100760,DS008,SKU0079,2025-08-01 21:03:53,Zero on hand
SO100776_SKU0069,ORD100776,DS008,SKU0069,2025-08-01 11:30:56,Expired
SO100784_SKU0052,ORD100784,DS008,SKU0052,2025-08-01 10:21:07,Damaged
SO100792_SKU0078,ORD100792,DS008,SKU0078,2025-08-01 13:34:51,Damaged
SO100797_SKU0006,ORD100797,DS008,SKU0006,2025-08-01 22:55:36,Damaged
SO100809_SKU0005,ORD100809,DS008,SKU0005,2025-08-01 20:21:20,Expired
SO100811_SKU0023,ORD100811,DS008,SKU0023,2025-08-01 18:20:03,Damaged
SO100815_SKU0057,ORD100815,DS008,SKU0057,2025-08-01 12:41:59,Damaged
SO100824_SKU0070,ORD100824,DS008,SKU0070,2025-08-01 13:56:51,Damaged
SO100841_SKU0078,ORD100841,DS008,SKU0078,2025-08-01 13:59:16,Expired
SO100841_SKU0046,ORD100841,DS008,SKU0046,2025-08-01 13:59:16,Damaged
SO100856_SKU0023,ORD100856,DS009,SKU0023,2025-08-01 10:41:05,Damaged
SO100867_SKU0010,ORD100867,DS009,SKU0010,2025-08-01 20:27:11,Zero on hand
SO100875_SKU0067,ORD100875,DS009,SKU0067,2025-08-01 14:22:52,Zero on hand
SO100881_SKU0019,ORD100881,DS009,SKU0019,2025-08-01 13:25:26,Damaged
SO100885_SKU0026,ORD100885,DS009,SKU0026,2025-08-01 18:42:02,Expired
SO100912_SKU0007,ORD100912,DS009,SKU0007,2025-08-01 18:35:43,Pick fail
SO100928_SKU0002,ORD100928,DS009,SKU0002,2025-08-01 14:00:14,Pick fail
SO100934_SKU0033,ORD100934,DS009,SKU0033,2025-08-01 17:57:45,Expired
SO100935_SKU0058,ORD100935,DS009,SKU0058,2025-08-01 10:59:27,Zero on hand
SO100938_SKU0059,ORD100938,DS009,SKU0059,2025-08-01 19:09:57,Expired
SO100940_SKU0024,ORD100940,DS009,SKU0024,2025-08-01 17:14:52,Pick fail
SO100947_SKU0053,ORD100947,DS010,SKU0053,2025-08-01 18:04:32,Pick fail
SO100953_SKU0018,ORD100953,DS010,SKU0018,2025-08-01 16:22:53,Pick fail
SO100956_SKU0049,ORD100956,DS010,SKU0049,2025-08-01 17:16:23,Expired
SO100975_SKU0052,ORD100975,DS010,SKU0052,2025-08-01 16:10:55,Pick fail
SO100985_SKU0007,ORD100985,DS010,SKU0007,2025-08-01 12:09:43,Expired
SO100988_SKU0031,ORD100988,DS010,SKU0031,2025-08-01 14:46:49,Zero on hand
SO100990_SKU0031,ORD100990,DS010,SKU0031,2025-08-01 22:25:13,Damaged
SO100992_SKU0053,ORD100992,DS010,SKU0053,2025-08-01 20:15:50,Expired
SO101004_SKU0002,ORD101004,DS010,SKU0002,2025-08-01 20:34:18,Expired
SO101028_SKU0026,ORD101028,DS010,SKU0026,2025-08-01 20:10:33,Damaged
SO101036_SKU0008,ORD101036,DS010,SKU0008,2025-08-01 13:21:09,Zero on hand
SO101040_SKU0062,ORD101040,DS010,SKU0062,2025-08-01 18:58:25,Zero on hand
SO101042_SKU0054,ORD101042,DS010,SKU0054,2025-08-01 19:13:07,Pick fail
SO101042_SKU0003,ORD101042,DS010,SKU0003,2025-08-01 19:13:07,Zero on hand
SO101044_SKU0005,ORD101044,DS010,SKU0005,2025-08-01 12:15:58,Pick fail
SO101052_SKU0041,ORD101052,DS010,SKU0041,2025-08-01 20:14:27,Zero on hand
SO101062_SKU0079,ORD101062,DS010,SKU0079,2025-08-01 20:24:30,Pick fail
SO101064_SKU0019,ORD101064,DS010,SKU0019,2025-08-01 20:57:57,Damaged
SO101066_SKU0068,ORD101066,DS010,SKU0068,2025-08-01 22:55:51,Zero on hand
SO101071_SKU0033,ORD101071,DS010,SKU0033,2025-08-01 19:51:23,Expired
SO101076_SKU0046,ORD101076,DS010,SKU0046,2025-08-01 21:31:35,Zero on hand
SO101079_SKU0063,ORD101079,DS010,SKU0063,2025-08-01 15:54:18,Expired
SO101086_SKU0013,ORD101086,DS011,SKU0013,2025-08-01 12:41:25,Pick fail
SO101088_SKU0055,ORD101088,DS011,SKU0055,2025-08-01 21:59:13,Zero on hand
SO101093_SKU0063,ORD101093,DS011,SKU0063,2025-08-01 20:25:25,Damaged
SO101093_SKU0032,ORD101093,DS011,SKU0032,2025-08-01 20:25:25,Pick fail
SO101101_SKU0003,ORD101101,DS011,SKU0003,2025-08-01 20:04:49,Expired
SO101106_SKU0041,ORD101106,DS011,SKU0041,2025-08-01 17:38:13,Expired
SO101108_SKU0077,ORD101108,DS011,SKU0077,2025-08-01 20:21:02,Expired
SO101113_SKU0006,ORD101113,DS011,SKU0006,2025-08-01 08:16:49,Expired
SO101114_SKU0061,ORD101114,DS011,SKU0061,2025-08-01 13:23:03,Damaged
SO101117_SKU0032,ORD101117,DS011,SKU0032,2025-08-01 08:41:41,Damaged
SO101123_SKU0033,ORD101123,DS011,SKU0033,2025-08-01 19:54:05,Damaged
SO101126_SKU0049,ORD101126,DS011,SKU0049,2025-08-01 19:53:05,Expired
SO101136_SKU0031,ORD101136,DS011,SKU0031,2025-08-01 23:23:02,Pick fail
SO101138_SKU0062,ORD101138,DS011,SKU0062,2025-08-01 20:32:32,Pick fail
SO101141_SKU0049,ORD101141,DS011,SKU0049,2025-08-01 16:52:47,Expired
SO101154_SKU0063,ORD101154,DS011,SKU0063,2025-08-01 16:36:04,Expired
SO101161_SKU0054,ORD101161,DS012,SKU0054,2025-08-01 20:20:13,Pick fail
SO101180_SKU0021,ORD101180,DS012,SKU0021,2025-08-01 10:08:43,Expired
SO101194_SKU0027,ORD101194,DS012,SKU0027,2025-08-01 13:57:27,Damaged
SO101213_SKU0056,ORD101213,DS012,SKU0056,2025-08-01 20:14:35,Damaged
SO101217_SKU0040,ORD101217,DS012,SKU0040,2025-08-01 15:38:36,Pick fail
SO101224_SKU0047,ORD101224,DS012,SKU0047,2025-08-01 14:53:25,Damaged
SO101273_SKU0053,ORD101273,DS013,SKU0053,2025-08-01 14:19:17,Expired
SO101305_SKU0004,ORD101305,DS013,SKU0004,2025-08-01 14:42:50,Expired
SO101305_SKU0072,ORD101305,DS013,SKU0072,2025-08-01 14:42:50,Zero on hand
SO101310_SKU0059,ORD101310,DS013,SKU0059,2025-08-01 12:03:58,Expired
SO101311_SKU0053,ORD101311,DS013,SKU0053,2025-08-01 15:42:32,Zero on hand
SO101317_SKU0021,ORD101317,DS013,SKU0021,2025-08-01 20:53:27,Expired
SO101319_SKU0003,ORD101319,DS013,SKU0003,2025-08-01 20:34:35,Damaged
SO101320_SKU0050,ORD101320,DS013,SKU0050,2025-08-01 19:03:58,Zero on hand
SO101327_SKU0064,ORD101327,DS013,SKU0064,2025-08-01 16:35:15,Zero on hand
SO101328_SKU0008,ORD101328,DS013,SKU0008,2025-08-01 17:47:35,Pick fail
SO101330_SKU0001,ORD101330,DS014,SKU0001,2025-08-01 16:30:18,Damaged
SO101345_SKU0079,ORD101345,DS014,SKU0079,2025-08-01 13:54:28,Pick fail
SO101352_SKU0023,ORD101352,DS014,SKU0023,2025-08-01 19:30:13,Pick fail
SO101352_SKU0044,ORD101352,DS014,SKU0044,2025-08-01 19:30:13,Pick fail
SO101364_SKU0047,ORD101364,DS014,SKU0047,2025-08-01 22:43:48,Pick fail
SO101367_SKU0014,ORD101367,DS014,SKU0014,2025-08-01 21:01:49,Zero on hand
SO101381_SKU0079,ORD101381,DS014,SKU0079,2025-08-01 08:03:43,Expired
SO101384_SKU0063,ORD101384,DS014,SKU0063,2025-08-01 08:42:35,Pick fail
SO101388_SKU0050,ORD101388,DS014,SKU0050,2025-08-01 21:07:54,Pick fail
SO101402_SKU0038,ORD101402,DS014,SKU0038,2025-08-01 19:58:01,Pick fail
SO101410_SKU0064,ORD101410,DS014,SKU0064,2025-08-01 08:53:17,Pick fail
SO101424_SKU0035,ORD101424,DS014,SKU0035,2025-08-01 19:19:20,Expired
SO101425_SKU0042,ORD101425,DS014,SKU0042,2025-08-01 11:26:35,Pick fail
SO101425_SKU0052,ORD101425,DS014,SKU0052,2025-08-01 11:26:35,Damaged
SO101427_SKU0058,ORD101427,DS014,SKU0058,2025-08-01 21:36:09,Zero on hand
SO101433_SKU0059,ORD101433,DS014,SKU0059,2025-08-01 20:27:22,Damaged
SO101444_SKU0005,ORD101444,DS014,SKU0005,2025-08-01 14:17:15,Pick fail
SO101451_SKU0080,ORD101451,DS014,SKU0080,2025-08-01 21:15:12,Expired
SO101456_SKU0080,ORD101456,DS014,SKU0080,2025-08-01 15:44:52,Damaged
SO101460_SKU0066,ORD101460,DS014,SKU0066,2025-08-01 19:30:40,Zero on hand
SO101511_SKU0048,ORD101511,DS015,SKU0048,2025-08-01 19:43:49,Expired
SO101518_SKU0062,ORD101518,DS015,SKU0062,2025-08-01 10:00:20,Pick fail
SO101526_SKU0053,ORD101526,DS015,SKU0053,2025-08-01 19:42:26,Damaged
SO101528_SKU0062,ORD101528,DS015,SKU0062,2025-08-01 14:36:22,Zero on hand
SO101535_SKU0006,ORD101535,DS016,SKU0006,2025-08-01 14:58:34,Pick fail
SO101551_SKU0014,ORD101551,DS016,SKU0014,2025-08-01 20:23:43,Pick fail
SO101556_SKU0072,ORD101556,DS016,SKU0072,2025-08-01 17:43:46,Damaged
SO101568_SKU0010,ORD101568,DS016,SKU0010,2025-08-01 10:13:34,Damaged
SO101569_SKU0053,ORD101569,DS016,SKU0053,2025-08-01 21:39:38,Damaged
SO101580_SKU0062,ORD101580,DS016,SKU0062,2025-08-01 17:56:26,Damaged
SO101596_SKU0079,ORD101596,DS016,SKU0079,2025-08-01 18:52:58,Zero on hand
SO101610_SKU0002,ORD101610,DS016,SKU0002,2025-08-01 16:51:48,Damaged
SO101610_SKU0004,ORD101610,DS016,SKU0004,2025-08-01 16:51:48,Zero on hand
SO101610_SKU0065,ORD101610,DS016,SKU0065,2025-08-01 16:51:48,Zero on hand
SO101616_SKU0059,ORD101616,DS016,SKU0059,2025-08-01 08:24:23,Pick fail
SO101616_SKU0051,ORD101616,DS016,SKU0051,2025-08-01 08:24:23,Damaged
SO101618_SKU0017,ORD101618,DS016,SKU0017,2025-08-01 18:36:54,Expired
SO101621_SKU0037,ORD101621,DS016,SKU0037,2025-08-01 18:13:24,Damaged
SO101622_SKU0067,ORD101622,DS016,SKU0067,2025-08-01 17:33:28,Zero on hand
SO101622_SKU0005,ORD101622,DS016,SKU0005,2025-08-01 17:33:28,Expired
SO101634_SKU0026,ORD101634,DS016,SKU0026,2025-08-01 10:43:25,Zero on hand
SO101644_SKU0006,ORD101644,DS016,SKU0006,2025-08-01 12:40:28,Pick fail
SO101644_SKU0054,ORD101644,DS016,SKU0054,2025-08-01 12:40:28,Expired
SO101661_SKU0068,ORD101661,DS017,SKU0068,2025-08-01 18:50:08,Zero on hand
SO101670_SKU0007,ORD101670,DS017,SKU0007,2025-08-01 10:11:18,Expired
SO101679_SKU0020,ORD101679,DS017,SKU0020,2025-08-01 08:34:18,Expired
SO101691_SKU0006,ORD101691,DS017,SKU0006,2025-08-01 10:44:26,Damaged
SO101698_SKU0070,ORD101698,DS017,SKU0070,2025-08-01 14:30:51,Damaged
SO101699_SKU0044,ORD101699,DS017,SKU0044,2025-08-01 19:51:11,Damaged
SO101701_SKU0032,ORD101701,DS017,SKU0032,2025-08-01 13:48:00,Expired
SO101720_SKU0007,ORD101720,DS017,SKU0007,2025-08-01 19:24:06,Damaged
SO101745_SKU0023,ORD101745,DS017,SKU0023,2025-08-01 16:55:48,Zero on hand
SO101779_SKU0001,ORD101779,DS017,SKU0001,2025-08-01 17:31:25,Zero on hand
SO101783_SKU0061,ORD101783,DS001,SKU0061,2025-08-02 08:29:17,Pick fail
SO101795_SKU0068,ORD101795,DS001,SKU0068,2025-08-02 18:56:51,Damaged
SO101795_SKU0061,ORD101795,DS001,SKU0061,2025-08-02 18:56:51,Expired
SO101799_SKU0001,ORD101799,DS001,SKU0001,2025-08-02 18:16:28,Pick fail
SO101804_SKU0065,ORD101804,DS001,SKU0065,2025-08-02 13:13:31,Expired
SO101817_SKU0008,ORD101817,DS001,SKU0008,2025-08-02 19:07:32,Zero on hand
SO101827_SKU0055,ORD101827,DS001,SKU0055,2025-08-02 20:15:10,Expired
SO101830_SKU0004,ORD101830,DS001,SKU0004,2025-08-02 18:11:27,Expired
SO101845_SKU0065,ORD101845,DS001,SKU0065,2025-08-02 16:28:01,Expired
SO101846_SKU0008,ORD101846,DS001,SKU0008,2025-08-02 20:11:29,Damaged
SO101849_SKU0060,ORD101849,DS001,SKU0060,2025-08-02 17:23:15,Expired
SO101878_SKU0003,ORD101878,DS001,SKU0003,2025-08-02 20:03:06,Expired
SO101884_SKU0006,ORD101884,DS001,SKU0006,2025-08-02 17:23:31,Damaged
SO101887_SKU0015,ORD101887,DS001,SKU0015,2025-08-02 12:46:07,Damaged
SO101896_SKU0047,ORD101896,DS001,SKU0047,2025-08-02 17:08:12,Zero on hand
SO101912_SKU0080,ORD101912,DS002,SKU0080,2025-08-02 14:12:16,Expired
SO101918_SKU0028,ORD101918,DS002,SKU0028,2025-08-02 15:17:20,Pick fail
SO101920_SKU0014,ORD101920,DS002,SKU0014,2025-08-02 13:54:00,Damaged
SO101928_SKU0071,ORD101928,DS002,SKU0071,2025-08-02 09:18:26,Expired
SO101956_SKU0004,ORD101956,DS002,SKU0004,2025-08-02 19:35:25,Damaged
SO101966_SKU0054,ORD101966,DS002,SKU0054,2025-08-02 19:08:50,Damaged
SO101969_SKU0066,ORD101969,DS002,SKU0066,2025-08-02 18:34:07,Expired
SO101971_SKU0047,ORD101971,DS002,SKU0047,2025-08-02 10:32:47,Expired
SO101972_SKU0052,ORD101972,DS002,SKU0052,2025-08-02 20:17:07,Expired
SO101973_SKU0058,ORD101973,DS002,SKU0058,2025-08-02 08:07:30,Zero on hand
SO101987_SKU0019,ORD101987,DS002,SKU0019,2025-08-02 18:07:01,Damaged
SO102009_SKU0075,ORD102009,DS002,SKU0075,2025-08-02 23:30:46,Damaged
SO102014_SKU0027,ORD102014,DS002,SKU0027,2025-08-02 19:54:01,Expired
SO102031_SKU0059,ORD102031,DS002,SKU0059,2025-08-02 12:34:01,Pick fail
SO102036_SKU0007,ORD102036,DS003,SKU0007,2025-08-02 20:56:44,Damaged
SO102039_SKU0018,ORD102039,DS003,SKU0018,2025-08-02 11:25:01,Expired
SO102041_SKU0065,ORD102041,DS003,SKU0065,2025-08-02 11:55:33,Expired
SO102043_SKU0046,ORD102043,DS003,SKU0046,2025-08-02 16:57:42,Damaged
SO102045_SKU0003,ORD102045,DS003,SKU0003,2025-08-02 18:17:31,Zero on hand
SO102046_SKU0043,ORD102046,DS003,SKU0043,2025-08-02 13:53:22,Pick fail
SO102051_SKU0049,ORD102051,DS003,SKU0049,2025-08-02 09:08:34,Expired
SO102058_SKU0041,ORD102058,DS003,SKU0041,2025-08-02 18:22:45,Pick fail
SO102063_SKU0038,ORD102063,DS003,SKU0038,2025-08-02 11:13:01,Expired
SO102068_SKU0029,ORD102068,DS003,SKU0029,2025-08-02 20:29:39,Damaged
SO102071_SKU0069,ORD102071,DS003,SKU0069,2025-08-02 20:54:26,Expired
SO102073_SKU0065,ORD102073,DS003,SKU0065,2025-08-02 17:13:26,Pick fail
SO102095_SKU0028,ORD102095,DS003,SKU0028,2025-08-02 20:10:30,Expired
SO102100_SKU0027,ORD102100,DS003,SKU0027,2025-08-02 17:42:59,Zero on hand
SO102101_SKU0052,ORD102101,DS003,SKU0052,2025-08-02 19:02:28,Zero on hand
SO102103_SKU0064,ORD102103,DS003,SKU0064,2025-08-02 21:53:29,Zero on hand
SO102111_SKU0004,ORD102111,DS004,SKU0004,2025-08-02 20:53:29,Damaged
SO102118_SKU0072,ORD102118,DS004,SKU0072,2025-08-02 16:28:23,Damaged
SO102122_SKU0008,ORD102122,DS004,SKU0008,2025-08-02 13:53:04,Damaged
SO102131_SKU0035,ORD102131,DS004,SKU0035,2025-08-02 23:07:46,Pick fail
SO102149_SKU0036,ORD102149,DS004,SKU0036,2025-08-02 21:52:03,Expired
SO102153_SKU0016,ORD102153,DS004,SKU0016,2025-08-02 18:17:34,Expired
SO102157_SKU0067,ORD102157,DS004,SKU0067,2025-08-02 22:40:59,Expired
SO102165_SKU0030,ORD102165,DS004,SKU0030,2025-08-02 18:09:29,Zero on hand
SO102165_SKU0048,ORD102165,DS004,SKU0048,2025-08-02 18:09:29,Zero on hand
SO102187_SKU0022,ORD102187,DS005,SKU0022,2025-08-02 18:24:37,Expired
SO102187_SKU0079,ORD102187,DS005,SKU0079,2025-08-02 18:24:37,Pick fail
SO102189_SKU0006,ORD102189,DS005,SKU0006,2025-08-02 18:21:00,Damaged
SO102193_SKU0051,ORD102193,DS005,SKU0051,2025-08-02 11:36:14,Pick fail
SO102194_SKU0035,ORD102194,DS005,SKU0035,2025-08-02 22:30:42,Pick fail
SO102195_SKU0065,ORD102195,DS005,SKU0065,2025-08-02 18:37:17,Pick fail
SO102204_SKU0032,ORD102204,DS005,SKU0032,2025-08-02 20:54:31,Zero on hand
SO102205_SKU0043,ORD102205,DS005,SKU0043,2025-08-02 15:56:06,Expired
SO102209_SKU0021,ORD102209,DS005,SKU0021,2025-08-02 18:47:20,Zero on hand
SO102209_SKU0031,ORD102209,DS005,SKU0031,2025-08-02 18:47:20,Expired
SO102224_SKU0048,ORD102224,DS005,SKU0048,2025-08-02 23:08:35,Pick fail
SO102236_SKU0050,ORD102236,DS005,SKU0050,2025-08-02 18:38:41,Zero on hand
SO102240_SKU0047,ORD102240,DS005,SKU0047,2025-08-02 17:44:09,Damaged
SO102247_SKU0059,ORD102247,DS005,SKU0059,2025-08-02 10:56:37,Zero on hand
SO102249_SKU0034,ORD102249,DS005,SKU0034,2025-08-02 12:34:25,Damaged
SO102250_SKU0046,ORD102250,DS005,SKU0046,2025-08-02 19:03:45,Damaged
SO102254_SKU0053,ORD102254,DS005,SKU0053,2025-08-02 14:20:59,Zero on hand
SO102260_SKU0054,ORD102260,DS005,SKU0054,2025-08-02 20:20:58,Zero on hand
SO102263_SKU0011,ORD102263,DS005,SKU0011,2025-08-02 10:58:24,Expired
SO102265_SKU0006,ORD102265,DS005,SKU0006,2025-08-02 23:18:36,Pick fail
SO102272_SKU0060,ORD102272,DS005,SKU0060,2025-08-02 14:39:48,Damaged
SO102274_SKU0007,ORD102274,DS005,SKU0007,2025-08-02 13:10:12,Zero on hand
SO102283_SKU0005,ORD102283,DS005,SKU0005,2025-08-02 20:42:33,Zero on hand
SO102285_SKU0039,ORD102285,DS005,SKU0039,2025-08-02 13:47:00,Zero on hand
SO102286_SKU0060,ORD102286,DS005,SKU0060,2025-08-02 16:51:42,Damaged
SO102287_SKU0037,ORD102287,DS005,SKU0037,2025-08-02 16:25:39,Pick fail
SO102287_SKU0031,ORD102287,DS005,SKU0031,2025-08-02 16:25:39,Expired
SO102291_SKU0047,ORD102291,DS005,SKU0047,2025-08-02 23:43:46,Expired
SO102301_SKU0044,ORD102301,DS005,SKU0044,2025-08-02 19:06:43,Pick fail
SO102314_SKU0025,ORD102314,DS005,SKU0025,2025-08-02 14:17:01,Expired
SO102327_SKU0009,ORD102327,DS006,SKU0009,2025-08-02 12:39:15,Zero on hand
SO102329_SKU0062,ORD102329,DS006,SKU0062,2025-08-02 20:20:11,Expired
SO102336_SKU0026,ORD102336,DS006,SKU0026,2025-08-02 15:59:51,Damaged
SO102337_SKU0026,ORD102337,DS006,SKU0026,2025-08-02 19:31:11,Pick fail
SO102338_SKU0056,ORD102338,DS006,SKU0056,2025-08-02 18:45:04,Zero on hand
SO102343_SKU0053,ORD102343,DS006,SKU0053,2025-08-02 17:36:10,Zero on hand
SO102368_SKU0043,ORD102368,DS006,SKU0043,2025-08-02 11:38:10,Expired
SO102380_SKU0041,ORD102380,DS006,SKU0041,2025-08-02 20:17:03,Pick fail
SO102383_SKU0077,ORD102383,DS006,SKU0077,2025-08-02 12:10:34,Expired
SO102388_SKU0062,ORD102388,DS006,SKU0062,2025-08-02 15:50:59,Zero on hand
SO102392_SKU0052,ORD102392,DS006,SKU0052,2025-08-02 22:09:55,Damaged
SO102424_SKU0049,ORD102424,DS006,SKU0049,2025-08-02 14:37:21,Pick fail
SO102440_SKU0051,ORD102440,DS006,SKU0051,2025-08-02 19:16:11,Expired
SO102468_SKU0046,ORD102468,DS006,SKU0046,2025-08-02 13:51:49,Zero on hand
SO102472_SKU0069,ORD102472,DS006,SKU0069,2025-08-02 16:52:01,Damaged
SO102480_SKU0007,ORD102480,DS007,SKU0007,2025-08-02 09:36:55,Pick fail
SO102483_SKU0044,ORD102483,DS007,SKU0044,2025-08-02 17:09:53,Damaged
SO102491_SKU0023,ORD102491,DS007,SKU0023,2025-08-02 11:16:33,Expired
SO102504_SKU0014,ORD102504,DS007,SKU0014,2025-08-02 11:23:03,Pick fail
SO102520_SKU0038,ORD102520,DS007,SKU0038,2025-08-02 20:17:22,Damaged
SO102532_SKU0009,ORD102532,DS007,SKU0009,2025-08-02 17:18:19,Expired
SO102549_SKU0074,ORD102549,DS007,SKU0074,2025-08-02 12:47:27,Pick fail
SO102549_SKU0046,ORD102549,DS007,SKU0046,2025-08-02 12:47:27,Pick fail
SO102551_SKU0007,ORD102551,DS007,SKU0007,2025-08-02 09:44:32,Pick fail
SO102552_SKU0026,ORD102552,DS007,SKU0026,2025-08-02 19:29:54,Expired
SO102559_SKU0052,ORD102559,DS007,SKU0052,2025-08-02 08:24:20,Damaged
SO102570_SKU0063,ORD102570,DS007,SKU0063,2025-08-02 11:50:47,Expired
SO102571_SKU0070,ORD102571,DS007,SKU0070,2025-08-02 20:03:37,Pick fail
SO102577_SKU0004,ORD102577,DS007,SKU0004,2025-08-02 11:10:28,Expired
SO102579_SKU0059,ORD102579,DS007,SKU0059,2025-08-02 11:48:35,Pick fail
SO102589_SKU0046,ORD102589,DS007,SKU0046,2025-08-02 14:31:32,Pick fail
SO102628_SKU0025,ORD102628,DS008,SKU0025,2025-08-02 21:35:07,Damaged
SO102629_SKU0002,ORD102629,DS008,SKU0002,2025-08-02 18:42:37,Pick fail
SO102634_SKU0057,ORD102634,DS008,SKU0057,2025-08-02 19:33:20,Expired
SO102636_SKU0074,ORD102636,DS008,SKU0074,2025-08-02 20:38:27,Expired
SO102637_SKU0062,ORD102637,DS008,SKU0062,2025-08-02 12:29:28,Damaged
SO102639_SKU0038,ORD102639,DS008,SKU0038,2025-08-02 18:03:08,Pick fail
SO102640_SKU0062,ORD102640,DS008,SKU0062,2025-08-02 14:38:29,Pick fail
SO102645_SKU0007,ORD102645,DS008,SKU0007,2025-08-02 12:31:04,Pick fail
SO102648_SKU0065,ORD102648,DS008,SKU0065,2025-08-02 10:38:12,Damaged
SO102661_SKU0002,ORD102661,DS008,SKU0002,2025-08-02 16:47:40,Pick fail
SO102662_SKU0076,ORD102662,DS008,SKU0076,2025-08-02 18:50:57,Expired
SO102687_SKU0065,ORD102687,DS008,SKU0065,2025-08-02 18:16:55,Damaged
SO102698_SKU0074,ORD102698,DS009,SKU0074,2025-08-02 19:25:24,Damaged
SO102707_SKU0038,ORD102707,DS009,SKU0038,2025-08-02 18:03:44,Zero on hand
SO102710_SKU0031,ORD102710,DS009,SKU0031,2025-08-02 15:48:25,Damaged
SO102715_SKU0026,ORD102715,DS009,SKU0026,2025-08-02 18:27:16,Expired
SO102716_SKU0053,ORD102716,DS009,SKU0053,2025-08-02 12:36:16,Pick fail
SO102728_SKU0077,ORD102728,DS009,SKU0077,2025-08-02 18:33:26,Pick fail
SO102736_SKU0013,ORD102736,DS009,SKU0013,2025-08-02 16:22:43,Expired
SO102746_SKU0046,ORD102746,DS009,SKU0046,2025-08-02 18:57:45,Expired
SO102747_SKU0046,ORD102747,DS009,SKU0046,2025-08-02 12:26:02,Damaged
SO102750_SKU0025,ORD102750,DS009,SKU0025,2025-08-02 18:21:17,Pick fail
SO102758_SKU0062,ORD102758,DS009,SKU0062,2025-08-02 19:46:09,Expired
SO102759_SKU0058,ORD102759,DS009,SKU0058,2025-08-02 19:39:07,Damaged
SO102760_SKU0001,ORD102760,DS009,SKU0001,2025-08-02 19:14:40,Zero on hand
SO102781_SKU0001,ORD102781,DS009,SKU0001,2025-08-02 20:47:24,Expired
SO102797_SKU0071,ORD102797,DS009,SKU0071,2025-08-02 20:25:24,Damaged
SO102804_SKU0002,ORD102804,DS010,SKU0002,2025-08-02 23:17:04,Damaged
SO102821_SKU0002,ORD102821,DS010,SKU0002,2025-08-02 17:54:18,Zero on hand
SO102828_SKU0049,ORD102828,DS010,SKU0049,2025-08-02 16:07:02,Zero on hand
SO102846_SKU0043,ORD102846,DS010,SKU0043,2025-08-02 09:32:43,Zero on hand
SO102865_SKU0066,ORD102865,DS010,SKU0066,2025-08-02 08:09:44,Zero on hand
SO102869_SKU0070,ORD102869,DS010,SKU0070,2025-08-02 16:39:10,Damaged
SO102892_SKU0053,ORD102892,DS010,SKU0053,2025-08-02 09:33:56,Zero on hand
SO102902_SKU0048,ORD102902,DS010,SKU0048,2025-08-02 10:57:03,Zero on hand
SO102915_SKU0065,ORD102915,DS010,SKU0065,2025-08-02 15:04:27,Zero on hand
SO102927_SKU0012,ORD102927,DS011,SKU0012,2025-08-02 11:33:31,Pick fail
SO102933_SKU0013,ORD102933,DS011,SKU0013,2025-08-02 15:21:55,Expired
SO102934_SKU0073,ORD102934,DS011,SKU0073,2025-08-02 17:08:55,Pick fail
SO102937_SKU0007,ORD102937,DS011,SKU0007,2025-08-02 18:27:42,Zero on hand
SO102937_SKU0046,ORD102937,DS011,SKU0046,2025-08-02 18:27:42,Pick fail
SO102944_SKU0016,ORD102944,DS011,SKU0016,2025-08-02 17:36:24,Zero on hand
SO102944_SKU0040,ORD102944,DS011,SKU0040,2025-08-02 17:36:24,Pick fail
SO102958_SKU0039,ORD102958,DS011,SKU0039,2025-08-02 18:02:57,Expired
SO102968_SKU0037,ORD102968,DS011,SKU0037,2025-08-02 08:08:43,Damaged
SO102968_SKU0080,ORD102968,DS011,SKU0080,2025-08-02 08:08:43,Damaged
SO102969_SKU0027,ORD102969,DS011,SKU0027,2025-08-02 18:49:34,Damaged
SO102980_SKU0056,ORD102980,DS011,SKU0056,2025-08-02 17:59:44,Zero on hand
SO102983_SKU0078,ORD102983,DS011,SKU0078,2025-08-02 09:21:21,Expired
SO102983_SKU0032,ORD102983,DS011,SKU0032,2025-08-02 09:21:21,Damaged
SO102985_SKU0078,ORD102985,DS011,SKU0078,2025-08-02 19:31:15,Zero on hand
SO102987_SKU0058,ORD102987,DS011,SKU0058,2025-08-02 20:44:45,Damaged
SO102988_SKU0005,ORD102988,DS011,SKU0005,2025-08-02 17:28:59,Damaged
SO102994_SKU0055,ORD102994,DS011,SKU0055,2025-08-02 10:03:04,Zero on hand
SO102996_SKU0048,ORD102996,DS011,SKU0048,2025-08-02 18:43:36,Pick fail
SO102999_SKU0009,ORD102999,DS011,SKU0009,2025-08-02 20:39:24,Damaged
SO102999_SKU0026,ORD102999,DS011,SKU0026,2025-08-02 20:39:24,Pick fail
SO103000_SKU0041,ORD103000,DS011,SKU0041,2025-08-02 12:32:02,Pick fail
SO103001_SKU0072,ORD103001,DS011,SKU0072,2025-08-02 21:11:43,Pick fail
SO103009_SKU0051,ORD103009,DS011,SKU0051,2025-08-02 18:11:33,Damaged
SO103013_SKU0066,ORD103013,DS012,SKU0066,2025-08-02 11:54:01,Pick fail
SO103018_SKU0072,ORD103018,DS012,SKU0072,2025-08-02 21:44:33,Damaged
SO103019_SKU0015,ORD103019,DS012,SKU0015,2025-08-02 19:38:20,Expired
SO103020_SKU0075,ORD103020,DS012,SKU0075,2025-08-02 13:57:39,Pick fail
SO103033_SKU0009,ORD103033,DS012,SKU0009,2025-08-02 18:57:32,Damaged
SO103035_SKU0019,ORD103035,DS012,SKU0019,2025-08-02 20:28:00,Pick fail
SO103037_SKU0061,ORD103037,DS012,SKU0061,2025-08-02 09:38:23,Pick fail
SO103042_SKU0022,ORD103042,DS012,SKU0022,2025-08-02 09:30:59,Zero on hand
SO103047_SKU0007,ORD103047,DS012,SKU0007,2025-08-02 22:49:30,Pick fail
SO103048_SKU0004,ORD103048,DS012,SKU0004,2025-08-02 14:43:13,Zero on hand
SO103049_SKU0071,ORD103049,DS012,SKU0071,2025-08-02 17:06:57,Damaged
SO103056_SKU0072,ORD103056,DS012,SKU0072,2025-08-02 11:39:07,Expired
SO103056_SKU0025,ORD103056,DS012,SKU0025,2025-08-02 11:39:07,Pick fail
SO103068_SKU0056,ORD103068,DS012,SKU0056,2025-08-02 18:37:42,Pick fail
SO103092_SKU0041,ORD103092,DS012,SKU0041,2025-08-02 08:40:24,Zero on hand
SO103113_SKU0005,ORD103113,DS012,SKU0005,2025-08-02 11:46:00,Damaged
SO103115_SKU0007,ORD103115,DS012,SKU0007,2025-08-02 18:06:11,Pick fail
SO103118_SKU0007,ORD103118,DS012,SKU0007,2025-08-02 19:02:54,Expired
SO103127_SKU0022,ORD103127,DS012,SKU0022,2025-08-02 11:30:26,Pick fail
SO103136_SKU0051,ORD103136,DS013,SKU0051,2025-08-02 20:46:46,Zero on hand
SO103143_SKU0062,ORD103143,DS013,SKU0062,2025-08-02 08:28:13,Zero on hand
SO103152_SKU0036,ORD103152,DS013,SKU0036,2025-08-02 17:30:56,Expired
SO103155_SKU0023,ORD103155,DS013,SKU0023,2025-08-02 12:55:15,Pick fail
SO103158_SKU0068,ORD103158,DS013,SKU0068,2025-08-02 18:33:33,Damaged
SO103168_SKU0063,ORD103168,DS013,SKU0063,2025-08-02 12:23:08,Zero on hand
SO103174_SKU0063,ORD103174,DS013,SKU0063,2025-08-02 15:16:41,Zero on hand
SO103175_SKU0051,ORD103175,DS013,SKU0051,2025-08-02 18:33:19,Expired
SO103193_SKU0005,ORD103193,DS013,SKU0005,2025-08-02 18:05:32,Zero on hand
SO103198_SKU0077,ORD103198,DS013,SKU0077,2025-08-02 18:52:56,Expired
SO103213_SKU0068,ORD103213,DS013,SKU0068,2025-08-02 08:08:23,Zero on hand
SO103219_SKU0077,ORD103219,DS013,SKU0077,2025-08-02 20:36:19,Expired
SO103221_SKU0054,ORD103221,DS013,SKU0054,2025-08-02 19:23:44,Damaged
SO103224_SKU0017,ORD103224,DS013,SKU0017,2025-08-02 20:48:32,Expired
SO103251_SKU0049,ORD103251,DS014,SKU0049,2025-08-02 17:04:08,Pick fail
SO103252_SKU0077,ORD103252,DS014,SKU0077,2025-08-02 10:52:02,Damaged
SO103262_SKU0066,ORD103262,DS014,SKU0066,2025-08-02 12:52:22,Zero on hand
SO103270_SKU0060,ORD103270,DS014,SKU0060,2025-08-02 19:19:04,Damaged
SO103271_SKU0001,ORD103271,DS014,SKU0001,2025-08-02 18:05:34,Damaged
SO103271_SKU0070,ORD103271,DS014,SKU0070,2025-08-02 18:05:34,Expired
SO103272_SKU0019,ORD103272,DS014,SKU0019,2025-08-02 19:51:38,Zero on hand
SO103275_SKU0028,ORD103275,DS014,SKU0028,2025-08-02 10:46:57,Expired
SO103277_SKU0007,ORD103277,DS014,SKU0007,2025-08-02 15:30:40,Pick fail
SO103284_SKU0056,ORD103284,DS014,SKU0056,2025-08-02 19:32:15,Pick fail
SO103293_SKU0073,ORD103293,DS014,SKU0073,2025-08-02 12:08:25,Damaged
SO103295_SKU0050,ORD103295,DS014,SKU0050,2025-08-02 19:41:42,Zero on hand
SO103298_SKU0057,ORD103298,DS014,SKU0057,2025-08-02 08:24:19,Zero on hand
SO103305_SKU0049,ORD103305,DS014,SKU0049,2025-08-02 18:52:34,Expired
SO103314_SKU0002,ORD103314,DS014,SKU0002,2025-08-02 10:51:34,Expired
SO103315_SKU0063,ORD103315,DS014,SKU0063,2025-08-02 19:53:57,Pick fail
SO103317_SKU0054,ORD103317,DS014,SKU0054,2025-08-02 13:46:32,Pick fail
SO103326_SKU0061,ORD103326,DS014,SKU0061,2025-08-02 10:32:06,Expired
SO103338_SKU0002,ORD103338,DS014,SKU0002,2025-08-02 15:56:45,Expired
SO103354_SKU0007,ORD103354,DS015,SKU0007,2025-08-02 10:42:42,Zero on hand
SO103354_SKU0063,ORD103354,DS015,SKU0063,2025-08-02 10:42:42,Damaged
SO103355_SKU0073,ORD103355,DS015,SKU0073,2025-08-02 16:16:59,Pick fail
SO103369_SKU0054,ORD103369,DS015,SKU0054,2025-08-02 13:19:16,Zero on hand
SO103371_SKU0062,ORD103371,DS015,SKU0062,2025-08-02 13:33:39,Damaged
SO103375_SKU0012,ORD103375,DS015,SKU0012,2025-08-02 15:16:09,Pick fail
SO103378_SKU0004,ORD103378,DS015,SKU0004,2025-08-02 15:40:26,Damaged
SO103381_SKU0009,ORD103381,DS015,SKU0009,2025-08-02 14:00:46,Zero on hand
SO103387_SKU0058,ORD103387,DS015,SKU0058,2025-08-02 12:21:20,Damaged
SO103401_SKU0002,ORD103401,DS015,SKU0002,2025-08-02 17:47:41,Zero on hand
SO103410_SKU0068,ORD103410,DS015,SKU0068,2025-08-02 20:26:04,Expired
SO103411_SKU0057,ORD103411,DS015,SKU0057,2025-08-02 12:40:38,Zero on hand
SO103413_SKU0011,ORD103413,DS015,SKU0011,2025-08-02 18:31:58,Damaged
SO103426_SKU0044,ORD103426,DS016,SKU0044,2025-08-02 15:20:13,Pick fail
SO103427_SKU0035,ORD103427,DS016,SKU0035,2025-08-02 19:03:24,Expired
SO103429_SKU0060,ORD103429,DS016,SKU0060,2025-08-02 12:26:02,Pick fail
SO103446_SKU0060,ORD103446,DS016,SKU0060,2025-08-02 17:10:11,Zero on hand
SO103452_SKU0032,ORD103452,DS016,SKU0032,2025-08-02 12:39:30,Zero on hand
SO103456_SKU0010,ORD103456,DS016,SKU0010,2025-08-02 18:58:01,Expired
SO103456_SKU0001,ORD103456,DS016,SKU0001,2025-08-02 18:58:01,Zero on hand
SO103479_SKU0067,ORD103479,DS016,SKU0067,2025-08-02 13:16:03,Expired
SO103481_SKU0037,ORD103481,DS016,SKU0037,2025-08-02 19:43:31,Damaged
SO103482_SKU0008,ORD103482,DS016,SKU0008,2025-08-02 18:08:22,Damaged
SO103497_SKU0058,ORD103497,DS016,SKU0058,2025-08-02 10:17:28,Expired
SO103499_SKU0026,ORD103499,DS016,SKU0026,2025-08-02 22:51:52,Zero on hand
SO103507_SKU0051,ORD103507,DS016,SKU0051,2025-08-02 12:39:42,Pick fail
SO103512_SKU0056,ORD103512,DS016,SKU0056,2025-08-02 19:23:17,Damaged
SO103523_SKU0017,ORD103523,DS016,SKU0017,2025-08-02 14:34:15,Expired
SO103544_SKU0011,ORD103544,DS016,SKU0011,2025-08-02 12:39:41,Zero on hand
SO103552_SKU0071,ORD103552,DS016,SKU0071,2025-08-02 19:30:32,Pick fail
SO103555_SKU0067,ORD103555,DS016,SKU0067,2025-08-02 20:13:02,Damaged
SO103556_SKU0032,ORD103556,DS016,SKU0032,2025-08-02 19:52:58,Pick fail
SO103567_SKU0052,ORD103567,DS017,SKU0052,2025-08-02 17:52:23,Pick fail
SO103583_SKU0036,ORD103583,DS017,SKU0036,2025-08-02 18:00:13,Pick fail
SO103588_SKU0052,ORD103588,DS017,SKU0052,2025-08-02 19:13:11,Pick fail
SO103589_SKU0029,ORD103589,DS017,SKU0029,2025-08-02 19:23:57,Zero on hand
SO103594_SKU0056,ORD103594,DS017,SKU0056,2025-08-02 19:18:13,Damaged
SO103598_SKU0038,ORD103598,DS017,SKU0038,2025-08-02 20:18:27,Expired
SO103600_SKU0058,ORD103600,DS017,SKU0058,2025-08-02 18:08:32,Zero on hand
SO103606_SKU0066,ORD103606,DS017,SKU0066,2025-08-02 22:28:59,Expired
SO103611_SKU0025,ORD103611,DS017,SKU0025,2025-08-02 19:15:42,Expired
SO103613_SKU0066,ORD103613,DS017,SKU0066,2025-08-02 18:53:20,Expired
SO103628_SKU0007,ORD103628,DS017,SKU0007,2025-08-02 10:07:11,Pick fail
SO103634_SKU0010,ORD103634,DS017,SKU0010,2025-08-02 20:02:38,Expired
SO103640_SKU0068,ORD103640,DS017,SKU0068,2025-08-02 11:43:32,Damaged
SO103643_SKU0050,ORD103643,DS017,SKU0050,2025-08-02 15:00:58,Damaged
SO103645_SKU0044,ORD103645,DS017,SKU0044,2025-08-02 13:33:14,Damaged
SO103652_SKU0062,ORD103652,DS017,SKU0062,2025-08-02 15:37:34,Expired
SO103655_SKU0023,ORD103655,DS017,SKU0023,2025-08-02 14:55:28,Expired
SO103659_SKU0004,ORD103659,DS017,SKU0004,2025-08-02 13:07:49,Expired
SO103692_SKU0003,ORD103692,DS017,SKU0003,2025-08-02 17:20:15,Damaged
SO103700_SKU0072,ORD103700,DS001,SKU0072,2025-08-03 18:21:19,Pick fail
SO103704_SKU0001,ORD103704,DS001,SKU0001,2025-08-03 12:53:25,Expired
SO103728_SKU0036,ORD103728,DS001,SKU0036,2025-08-03 20:39:52,Pick fail
SO103742_SKU0052,ORD103742,DS001,SKU0052,2025-08-03 17:57:48,Damaged
SO103743_SKU0069,ORD103743,DS001,SKU0069,2025-08-03 18:15:51,Zero on hand
SO103758_SKU0037,ORD103758,DS001,SKU0037,2025-08-03 17:52:12,Pick fail
SO103760_SKU0064,ORD103760,DS001,SKU0064,2025-08-03 22:26:58,Zero on hand
SO103772_SKU0014,ORD103772,DS001,SKU0014,2025-08-03 11:08:41,Pick fail
SO103773_SKU0020,ORD103773,DS001,SKU0020,2025-08-03 18:37:20,Zero on hand
SO103776_SKU0061,ORD103776,DS001,SKU0061,2025-08-03 11:23:49,Damaged
SO103778_SKU0009,ORD103778,DS001,SKU0009,2025-08-03 19:30:08,Pick fail
SO103782_SKU0002,ORD103782,DS001,SKU0002,2025-08-03 13:35:32,Pick fail
SO103785_SKU0073,ORD103785,DS001,SKU0073,2025-08-03 18:30:27,Pick fail
SO103789_SKU0029,ORD103789,DS002,SKU0029,2025-08-03 20:24:12,Zero on hand
SO103792_SKU0009,ORD103792,DS002,SKU0009,2025-08-03 18:40:45,Zero on hand
SO103806_SKU0045,ORD103806,DS002,SKU0045,2025-08-03 20:02:07,Damaged
SO103807_SKU0070,ORD103807,DS002,SKU0070,2025-08-03 12:00:46,Pick fail
SO103812_SKU0041,ORD103812,DS002,SKU0041,2025-08-03 10:25:07,Zero on hand
SO103815_SKU0063,ORD103815,DS002,SKU0063,2025-08-03 09:55:10,Pick fail
SO103818_SKU0065,ORD103818,DS002,SKU0065,2025-08-03 10:56:39,Expired
SO103821_SKU0037,ORD103821,DS002,SKU0037,2025-08-03 16:04:07,Pick fail
SO103823_SKU0080,ORD103823,DS002,SKU0080,2025-08-03 21:05:01,Expired
SO103823_SKU0039,ORD103823,DS002,SKU0039,2025-08-03 21:05:01,Damaged
SO103829_SKU0064,ORD103829,DS002,SKU0064,2025-08-03 21:00:39,Damaged
SO103847_SKU0064,ORD103847,DS002,SKU0064,2025-08-03 14:47:56,Zero on hand
SO103858_SKU0021,ORD103858,DS002,SKU0021,2025-08-03 14:58:30,Damaged
SO103866_SKU0005,ORD103866,DS002,SKU0005,2025-08-03 18:01:23,Zero on hand
SO103867_SKU0002,ORD103867,DS002,SKU0002,2025-08-03 20:10:01,Expired
SO103870_SKU0036,ORD103870,DS002,SKU0036,2025-08-03 10:16:55,Pick fail
SO103871_SKU0080,ORD103871,DS002,SKU0080,2025-08-03 11:18:50,Expired
SO103872_SKU0008,ORD103872,DS002,SKU0008,2025-08-03 10:21:46,Zero on hand
SO103875_SKU0005,ORD103875,DS002,SKU0005,2025-08-03 13:38:59,Zero on hand
SO103890_SKU0049,ORD103890,DS003,SKU0049,2025-08-03 21:30:49,Damaged
SO103915_SKU0027,ORD103915,DS003,SKU0027,2025-08-03 19:42:36,Zero on hand
SO103922_SKU0006,ORD103922,DS003,SKU0006,2025-08-03 10:23:28,Zero on hand
SO103924_SKU0023,ORD103924,DS003,SKU0023,2025-08-03 15:29:40,Pick fail
SO103928_SKU0049,ORD103928,DS003,SKU0049,2025-08-03 18:20:19,Zero on hand
SO103930_SKU0026,ORD103930,DS003,SKU0026,2025-08-03 16:07:59,Damaged
SO103931_SKU0004,ORD103931,DS003,SKU0004,2025-08-03 13:51:12,Expired
SO103942_SKU0059,ORD103942,DS003,SKU0059,2025-08-03 13:50:14,Expired
SO103953_SKU0055,ORD103953,DS003,SKU0055,2025-08-03 08:32:42,Expired
SO103966_SKU0034,ORD103966,DS003,SKU0034,2025-08-03 12:15:30,Damaged
SO103972_SKU0006,ORD103972,DS003,SKU0006,2025-08-03 12:11:08,Damaged
SO103976_SKU0062,ORD103976,DS003,SKU0062,2025-08-03 19:12:06,Pick fail
SO103982_SKU0024,ORD103982,DS004,SKU0024,2025-08-03 13:40:31,Zero on hand
SO104000_SKU0057,ORD104000,DS004,SKU0057,2025-08-03 09:05:55,Expired
SO104003_SKU0013,ORD104003,DS004,SKU0013,2025-08-03 13:59:00,Damaged
SO104017_SKU0054,ORD104017,DS004,SKU0054,2025-08-03 19:37:22,Pick fail
SO104029_SKU0066,ORD104029,DS004,SKU0066,2025-08-03 20:10:12,Damaged
SO104062_SKU0054,ORD104062,DS005,SKU0054,2025-08-03 11:02:23,Zero on hand
SO104068_SKU0002,ORD104068,DS005,SKU0002,2025-08-03 17:46:36,Expired
SO104075_SKU0070,ORD104075,DS005,SKU0070,2025-08-03 23:08:13,Pick fail
SO104075_SKU0050,ORD104075,DS005,SKU0050,2025-08-03 23:08:13,Expired
SO104077_SKU0018,ORD104077,DS005,SKU0018,2025-08-03 17:13:31,Zero on hand
SO104081_SKU0037,ORD104081,DS005,SKU0037,2025-08-03 18:28:22,Pick fail
SO104084_SKU0019,ORD104084,DS005,SKU0019,2025-08-03 17:20:27,Damaged
SO104085_SKU0051,ORD104085,DS005,SKU0051,2025-08-03 17:33:47,Expired
SO104092_SKU0047,ORD104092,DS005,SKU0047,2025-08-03 17:07:40,Zero on hand
SO104100_SKU0011,ORD104100,DS005,SKU0011,2025-08-03 21:24:36,Expired
SO104104_SKU0017,ORD104104,DS005,SKU0017,2025-08-03 16:59:01,Pick fail
SO104115_SKU0022,ORD104115,DS005,SKU0022,2025-08-03 11:26:46,Expired
SO104119_SKU0005,ORD104119,DS005,SKU0005,2025-08-03 11:32:47,Damaged
SO104133_SKU0075,ORD104133,DS006,SKU0075,2025-08-03 11:58:01,Zero on hand
SO104139_SKU0054,ORD104139,DS006,SKU0054,2025-08-03 09:49:11,Pick fail
SO104141_SKU0053,ORD104141,DS006,SKU0053,2025-08-03 19:15:09,Damaged
SO104153_SKU0018,ORD104153,DS006,SKU0018,2025-08-03 13:35:19,Zero on hand
SO104163_SKU0049,ORD104163,DS006,SKU0049,2025-08-03 18:43:29,Pick fail
SO104174_SKU0041,ORD104174,DS006,SKU0041,2025-08-03 15:10:14,Pick fail
SO104200_SKU0065,ORD104200,DS006,SKU0065,2025-08-03 19:38:16,Damaged
SO104201_SKU0059,ORD104201,DS006,SKU0059,2025-08-03 22:13:11,Expired
SO104213_SKU0030,ORD104213,DS006,SKU0030,2025-08-03 12:46:20,Pick fail
SO104219_SKU0061,ORD104219,DS006,SKU0061,2025-08-03 18:38:36,Damaged
SO104227_SKU0064,ORD104227,DS006,SKU0064,2025-08-03 14:01:08,Pick fail
SO104227_SKU0007,ORD104227,DS006,SKU0007,2025-08-03 14:01:08,Pick fail
SO104246_SKU0054,ORD104246,DS006,SKU0054,2025-08-03 16:35:35,Pick fail
SO104270_SKU0044,ORD104270,DS007,SKU0044,2025-08-03 10:08:54,Damaged
SO104272_SKU0052,ORD104272,DS007,SKU0052,2025-08-03 17:06:27,Zero on hand
SO104282_SKU0075,ORD104282,DS007,SKU0075,2025-08-03 20:52:52,Expired
SO104294_SKU0039,ORD104294,DS007,SKU0039,2025-08-03 19:10:14,Pick fail
SO104307_SKU0011,ORD104307,DS007,SKU0011,2025-08-03 14:37:55,Zero on hand
SO104319_SKU0022,ORD104319,DS007,SKU0022,2025-08-03 18:10:27,Damaged
SO104333_SKU0034,ORD104333,DS008,SKU0034,2025-08-03 14:33:11,Pick fail
SO104363_SKU0006,ORD104363,DS008,SKU0006,2025-08-03 09:19:50,Expired
SO104377_SKU0018,ORD104377,DS008,SKU0018,2025-08-03 08:24:10,Damaged
SO104379_SKU0007,ORD104379,DS008,SKU0007,2025-08-03 12:14:11,Zero on hand
SO104381_SKU0023,ORD104381,DS008,SKU0023,2025-08-03 18:48:59,Damaged
SO104383_SKU0049,ORD104383,DS008,SKU0049,2025-08-03 16:05:59,Damaged
SO104393_SKU0018,ORD104393,DS008,SKU0018,2025-08-03 19:16:05,Pick fail
SO104399_SKU0009,ORD104399,DS008,SKU0009,2025-08-03 10:15:10,Damaged
SO104419_SKU0055,ORD104419,DS009,SKU0055,2025-08-03 16:56:38,Expired
SO104423_SKU0062,ORD104423,DS009,SKU0062,2025-08-03 20:36:45,Zero on hand
SO104430_SKU0041,ORD104430,DS009,SKU0041,2025-08-03 20:29:05,Damaged
SO104437_SKU0048,ORD104437,DS009,SKU0048,2025-08-03 11:22:09,Expired
SO104451_SKU0034,ORD104451,DS009,SKU0034,2025-08-03 18:26:49,Zero on hand
SO104453_SKU0017,ORD104453,DS009,SKU0017,2025-08-03 13:35:47,Zero on hand
SO104457_SKU0051,ORD104457,DS009,SKU0051,2025-08-03 19:43:49,Damaged
SO104460_SKU0003,ORD104460,DS009,SKU0003,2025-08-03 15:02:59,Zero on hand
SO104466_SKU0059,ORD104466,DS009,SKU0059,2025-08-03 12:43:54,Zero on hand
SO104467_SKU0061,ORD104467,DS009,SKU0061,2025-08-03 23:17:39,Zero on hand
SO104474_SKU0019,ORD104474,DS009,SKU0019,2025-08-03 18:45:52,Expired
SO104483_SKU0047,ORD104483,DS009,SKU0047,2025-08-03 12:19:48,Pick fail
SO104488_SKU0058,ORD104488,DS010,SKU0058,2025-08-03 15:36:21,Expired
SO104497_SKU0068,ORD104497,DS010,SKU0068,2025-08-03 12:30:40,Damaged
SO104504_SKU0051,ORD104504,DS010,SKU0051,2025-08-03 20:35:07,Zero on hand
SO104507_SKU0050,ORD104507,DS010,SKU0050,2025-08-03 11:03:12,Zero on hand
SO104514_SKU0063,ORD104514,DS010,SKU0063,2025-08-03 19:09:28,Pick fail
SO104514_SKU0058,ORD104514,DS010,SKU0058,2025-08-03 19:09:28,Zero on hand
SO104539_SKU0077,ORD104539,DS010,SKU0077,2025-08-03 15:28:06,Pick fail
SO104543_SKU0073,ORD104543,DS010,SKU0073,2025-08-03 19:15:27,Expired
SO104549_SKU0003,ORD104549,DS010,SKU0003,2025-08-03 08:40:50,Pick fail
SO104552_SKU0063,ORD104552,DS010,SKU0063,2025-08-03 16:08:13,Damaged
SO104561_SKU0045,ORD104561,DS010,SKU0045,2025-08-03 13:06:01,Expired
SO104567_SKU0008,ORD104567,DS010,SKU0008,2025-08-03 12:48:42,Pick fail
SO104567_SKU0075,ORD104567,DS010,SKU0075,2025-08-03 12:48:42,Pick fail
SO104569_SKU0050,ORD104569,DS010,SKU0050,2025-08-03 10:24:14,Pick fail
SO104575_SKU0009,ORD104575,DS010,SKU0009,2025-08-03 10:10:21,Damaged
SO104583_SKU0031,ORD104583,DS011,SKU0031,2025-08-03 20:33:30,Damaged
SO104589_SKU0014,ORD104589,DS011,SKU0014,2025-08-03 10:40:05,Expired
SO104591_SKU0014,ORD104591,DS011,SKU0014,2025-08-03 13:58:19,Zero on hand
SO104604_SKU0003,ORD104604,DS011,SKU0003,2025-08-03 23:09:24,Zero on hand
SO104605_SKU0060,ORD104605,DS011,SKU0060,2025-08-03 13:44:58,Damaged
SO104607_SKU0076,ORD104607,DS011,SKU0076,2025-08-03 13:21:55,Pick fail
SO104609_SKU0059,ORD104609,DS011,SKU0059,2025-08-03 20:04:15,Pick fail
SO104613_SKU0013,ORD104613,DS011,SKU0013,2025-08-03 20:28:13,Expired
SO104614_SKU0020,ORD104614,DS011,SKU0020,2025-08-03 20:50:56,Expired
SO104624_SKU0048,ORD104624,DS011,SKU0048,2025-08-03 20:37:18,Damaged
SO104630_SKU0025,ORD104630,DS011,SKU0025,2025-08-03 17:14:33,Pick fail
SO104631_SKU0069,ORD104631,DS011,SKU0069,2025-08-03 08:35:50,Zero on hand
SO104637_SKU0044,ORD104637,DS011,SKU0044,2025-08-03 19:46:49,Damaged
SO104656_SKU0076,ORD104656,DS012,SKU0076,2025-08-03 11:36:56,Zero on hand
SO104657_SKU0071,ORD104657,DS012,SKU0071,2025-08-03 21:54:07,Expired
SO104675_SKU0079,ORD104675,DS012,SKU0079,2025-08-03 11:04:16,Zero on hand
SO104676_SKU0061,ORD104676,DS012,SKU0061,2025-08-03 16:23:03,Expired
SO104676_SKU0063,ORD104676,DS012,SKU0063,2025-08-03 16:23:03,Damaged
SO104678_SKU0069,ORD104678,DS012,SKU0069,2025-08-03 21:51:34,Damaged
SO104681_SKU0044,ORD104681,DS012,SKU0044,2025-08-03 15:20:08,Expired
SO104683_SKU0057,ORD104683,DS012,SKU0057,2025-08-03 16:06:17,Pick fail
SO104685_SKU0045,ORD104685,DS012,SKU0045,2025-08-03 21:35:52,Damaged
SO104700_SKU0040,ORD104700,DS012,SKU0040,2025-08-03 11:31:16,Pick fail
SO104705_SKU0037,ORD104705,DS012,SKU0037,2025-08-03 16:39:54,Expired
SO104716_SKU0078,ORD104716,DS012,SKU0078,2025-08-03 13:46:36,Expired
SO104730_SKU0054,ORD104730,DS012,SKU0054,2025-08-03 12:09:27,Expired
SO104735_SKU0043,ORD104735,DS013,SKU0043,2025-08-03 08:19:48,Zero on hand
SO104741_SKU0009,ORD104741,DS013,SKU0009,2025-08-03 21:30:14,Damaged
SO104742_SKU0037,ORD104742,DS013,SKU0037,2025-08-03 18:01:53,Pick fail
SO104748_SKU0054,ORD104748,DS013,SKU0054,2025-08-03 16:00:14,Damaged
SO104751_SKU0009,ORD104751,DS013,SKU0009,2025-08-03 11:40:12,Expired
SO104762_SKU0065,ORD104762,DS013,SKU0065,2025-08-03 14:00:08,Pick fail
SO104764_SKU0034,ORD104764,DS013,SKU0034,2025-08-03 17:23:49,Damaged
SO104769_SKU0064,ORD104769,DS013,SKU0064,2025-08-03 19:15:42,Damaged
SO104772_SKU0078,ORD104772,DS013,SKU0078,2025-08-03 20:29:03,Expired
SO104797_SKU0034,ORD104797,DS013,SKU0034,2025-08-03 19:29:44,Damaged
SO104806_SKU0068,ORD104806,DS013,SKU0068,2025-08-03 12:33:46,Zero on hand
SO104809_SKU0040,ORD104809,DS014,SKU0040,2025-08-03 18:35:26,Pick fail
SO104814_SKU0017,ORD104814,DS014,SKU0017,2025-08-03 19:17:39,Damaged
SO104819_SKU0003,ORD104819,DS014,SKU0003,2025-08-03 15:54:54,Pick fail
SO104820_SKU0016,ORD104820,DS014,SKU0016,2025-08-03 21:04:08,Damaged
SO104822_SKU0076,ORD104822,DS014,SKU0076,2025-08-03 13:41:08,Damaged
SO104824_SKU0055,ORD104824,DS014,SKU0055,2025-08-03 09:02:31,Expired
SO104827_SKU0003,ORD104827,DS014,SKU0003,2025-08-03 15:25:43,Zero on hand
SO104831_SKU0034,ORD104831,DS014,SKU0034,2025-08-03 21:41:04,Damaged
SO104832_SKU0009,ORD104832,DS014,SKU0009,2025-08-03 12:03:38,Damaged
SO104834_SKU0061,ORD104834,DS014,SKU0061,2025-08-03 14:04:52,Zero on hand
SO104834_SKU0019,ORD104834,DS014,SKU0019,2025-08-03 14:04:52,Zero on hand
SO104840_SKU0044,ORD104840,DS014,SKU0044,2025-08-03 18:51:55,Damaged
SO104843_SKU0067,ORD104843,DS014,SKU0067,2025-08-03 21:59:13,Zero on hand
SO104846_SKU0043,ORD104846,DS014,SKU0043,2025-08-03 12:47:36,Zero on hand
SO104846_SKU0039,ORD104846,DS014,SKU0039,2025-08-03 12:47:36,Zero on hand
SO104856_SKU0060,ORD104856,DS014,SKU0060,2025-08-03 19:22:41,Expired
SO104858_SKU0042,ORD104858,DS014,SKU0042,2025-08-03 15:46:42,Damaged
SO104861_SKU0005,ORD104861,DS014,SKU0005,2025-08-03 19:13:51,Damaged
SO104864_SKU0047,ORD104864,DS014,SKU0047,2025-08-03 16:24:44,Pick fail
SO104864_SKU0062,ORD104864,DS014,SKU0062,2025-08-03 16:24:44,Damaged
SO104865_SKU0025,ORD104865,DS014,SKU0025,2025-08-03 13:11:07,Damaged
SO104870_SKU0018,ORD104870,DS014,SKU0018,2025-08-03 19:12:00,Pick fail
SO104873_SKU0050,ORD104873,DS014,SKU0050,2025-08-03 22:40:51,Damaged
SO104890_SKU0004,ORD104890,DS014,SKU0004,2025-08-03 19:05:17,Zero on hand
SO104891_SKU0055,ORD104891,DS014,SKU0055,2025-08-03 21:46:19,Damaged
SO104895_SKU0050,ORD104895,DS015,SKU0050,2025-08-03 13:24:53,Zero on hand
SO104896_SKU0058,ORD104896,DS015,SKU0058,2025-08-03 19:30:51,Pick fail
SO104904_SKU0034,ORD104904,DS015,SKU0034,2025-08-03 22:56:46,Zero on hand
SO104905_SKU0043,ORD104905,DS015,SKU0043,2025-08-03 11:12:54,Damaged
SO104913_SKU0043,ORD104913,DS015,SKU0043,2025-08-03 19:06:12,Expired
SO104918_SKU0056,ORD104918,DS015,SKU0056,2025-08-03 19:41:15,Expired
SO104922_SKU0016,ORD104922,DS015,SKU0016,2025-08-03 19:16:59,Pick fail
SO104929_SKU0054,ORD104929,DS015,SKU0054,2025-08-03 17:48:58,Zero on hand
SO104936_SKU0033,ORD104936,DS015,SKU0033,2025-08-03 11:08:33,Damaged
SO104945_SKU0074,ORD104945,DS015,SKU0074,2025-08-03 17:57:18,Damaged
SO104949_SKU0046,ORD104949,DS015,SKU0046,2025-08-03 14:45:14,Damaged
SO104958_SKU0002,ORD104958,DS015,SKU0002,2025-08-03 22:33:15,Zero on hand
SO104965_SKU0055,ORD104965,DS016,SKU0055,2025-08-03 18:41:33,Zero on hand
SO104966_SKU0010,ORD104966,DS016,SKU0010,2025-08-03 11:08:38,Expired
SO104967_SKU0060,ORD104967,DS016,SKU0060,2025-08-03 19:49:03,Expired
SO104975_SKU0019,ORD104975,DS016,SKU0019,2025-08-03 09:46:53,Zero on hand
SO104978_SKU0076,ORD104978,DS016,SKU0076,2025-08-03 11:02:15,Zero on hand
SO104979_SKU0008,ORD104979,DS016,SKU0008,2025-08-03 19:27:00,Damaged
SO104984_SKU0038,ORD104984,DS016,SKU0038,2025-08-03 13:43:59,Pick fail
SO104984_SKU0015,ORD104984,DS016,SKU0015,2025-08-03 13:43:59,Pick fail
SO104985_SKU0080,ORD104985,DS016,SKU0080,2025-08-03 19:23:52,Pick fail
SO104985_SKU0047,ORD104985,DS016,SKU0047,2025-08-03 19:23:52,Damaged
SO104995_SKU0001,ORD104995,DS016,SKU0001,2025-08-03 19:34:12,Zero on hand
SO104997_SKU0058,ORD104997,DS016,SKU0058,2025-08-03 19:31:32,Zero on hand
SO105004_SKU0054,ORD105004,DS016,SKU0054,2025-08-03 19:48:29,Zero on hand
SO105009_SKU0066,ORD105009,DS016,SKU0066,2025-08-03 08:59:22,Pick fail
SO105011_SKU0063,ORD105011,DS016,SKU0063,2025-08-03 18:12:14,Expired
SO105015_SKU0027,ORD105015,DS016,SKU0027,2025-08-03 22:35:23,Zero on hand
SO105018_SKU0064,ORD105018,DS016,SKU0064,2025-08-03 10:35:41,Zero on hand
SO105019_SKU0066,ORD105019,DS016,SKU0066,2025-08-03 15:14:03,Zero on hand
SO105021_SKU0036,ORD105021,DS016,SKU0036,2025-08-03 17:56:09,Pick fail
SO105024_SKU0056,ORD105024,DS016,SKU0056,2025-08-03 19:07:35,Zero on hand
SO105034_SKU0049,ORD105034,DS016,SKU0049,2025-08-03 14:02:27,Pick fail
SO105036_SKU0035,ORD105036,DS016,SKU0035,2025-08-03 21:01:02,Expired
SO105050_SKU0063,ORD105050,DS016,SKU0063,2025-08-03 13:05:07,Damaged
SO105055_SKU0002,ORD105055,DS016,SKU0002,2025-08-03 20:33:31,Zero on hand
SO105079_SKU0047,ORD105079,DS017,SKU0047,2025-08-03 13:12:22,Pick fail
SO105108_SKU0069,ORD105108,DS017,SKU0069,2025-08-03 20:30:19,Damaged
SO105127_SKU0073,ORD105127,DS017,SKU0073,2025-08-03 19:58:49,Pick fail
SO105137_SKU0002,ORD105137,DS017,SKU0002,2025-08-03 14:58:40,Expired
SO105138_SKU0078,ORD105138,DS017,SKU0078,2025-08-03 21:15:08,Zero on hand
SO105171_SKU0010,ORD105171,DS017,SKU0010,2025-08-03 18:13:21,Damaged
SO105171_SKU0020,ORD105171,DS017,SKU0020,2025-08-03 18:13:21,Pick fail
SO105179_SKU0068,ORD105179,DS017,SKU0068,2025-08-03 12:03:07,Expired
SO105184_SKU0034,ORD105184,DS017,SKU0034,2025-08-03 11:51:20,Zero on hand
SO105187_SKU0024,ORD105187,DS017,SKU0024,2025-08-03 17:52:46,Expired
SO105202_SKU0005,ORD105202,DS001,SKU0005,2025-08-04 17:06:34,Damaged
SO105218_SKU0053,ORD105218,DS001,SKU0053,2025-08-04 11:40:06,Pick fail
SO105220_SKU0060,ORD105220,DS001,SKU0060,2025-08-04 10:08:12,Zero on hand
SO105222_SKU0009,ORD105222,DS001,SKU0009,2025-08-04 09:39:46,Pick fail
SO105227_SKU0018,ORD105227,DS001,SKU0018,2025-08-04 17:49:45,Pick fail
SO105245_SKU0051,ORD105245,DS001,SKU0051,2025-08-04 19:19:59,Pick fail
SO105249_SKU0006,ORD105249,DS001,SKU0006,2025-08-04 13:03:09,Expired
SO105257_SKU0002,ORD105257,DS001,SKU0002,2025-08-04 15:06:55,Damaged
SO105262_SKU0066,ORD105262,DS001,SKU0066,2025-08-04 18:36:19,Zero on hand
SO105264_SKU0028,ORD105264,DS001,SKU0028,2025-08-04 13:34:09,Zero on hand
SO105265_SKU0065,ORD105265,DS001,SKU0065,2025-08-04 18:02:53,Pick fail
SO105270_SKU0006,ORD105270,DS001,SKU0006,2025-08-04 22:11:25,Pick fail
SO105279_SKU0064,ORD105279,DS002,SKU0064,2025-08-04 21:34:50,Pick fail
SO105285_SKU0068,ORD105285,DS002,SKU0068,2025-08-04 19:14:06,Expired
SO105289_SKU0046,ORD105289,DS002,SKU0046,2025-08-04 14:17:02,Damaged
SO105292_SKU0004,ORD105292,DS002,SKU0004,2025-08-04 23:57:26,Zero on hand
SO105300_SKU0027,ORD105300,DS002,SKU0027,2025-08-04 16:00:07,Zero on hand
SO105305_SKU0002,ORD105305,DS002,SKU0002,2025-08-04 14:46:18,Damaged
SO105306_SKU0028,ORD105306,DS002,SKU0028,2025-08-04 12:00:16,Damaged
SO105308_SKU0004,ORD105308,DS002,SKU0004,2025-08-04 18:36:59,Zero on hand
SO105308_SKU0020,ORD105308,DS002,SKU0020,2025-08-04 18:36:59,Expired
SO105309_SKU0037,ORD105309,DS002,SKU0037,2025-08-04 13:36:21,Expired
SO105312_SKU0025,ORD105312,DS002,SKU0025,2025-08-04 15:19:51,Damaged
SO105325_SKU0020,ORD105325,DS002,SKU0020,2025-08-04 09:30:39,Zero on hand
SO105326_SKU0005,ORD105326,DS002,SKU0005,2025-08-04 13:38:36,Expired
SO105333_SKU0064,ORD105333,DS002,SKU0064,2025-08-04 19:28:24,Pick fail
SO105338_SKU0019,ORD105338,DS002,SKU0019,2025-08-04 17:35:55,Zero on hand
SO105340_SKU0054,ORD105340,DS002,SKU0054,2025-08-04 19:49:28,Zero on hand
SO105342_SKU0003,ORD105342,DS002,SKU0003,2025-08-04 20:19:38,Pick fail
SO105344_SKU0077,ORD105344,DS002,SKU0077,2025-08-04 16:03:37,Expired
SO105349_SKU0021,ORD105349,DS003,SKU0021,2025-08-04 12:12:09,Zero on hand
SO105362_SKU0051,ORD105362,DS003,SKU0051,2025-08-04 18:43:38,Pick fail
SO105363_SKU0050,ORD105363,DS003,SKU0050,2025-08-04 11:39:24,Damaged
SO105366_SKU0002,ORD105366,DS003,SKU0002,2025-08-04 20:59:18,Zero on hand
SO105385_SKU0053,ORD105385,DS003,SKU0053,2025-08-04 17:45:40,Damaged
SO105403_SKU0012,ORD105403,DS003,SKU0012,2025-08-04 10:29:42,Damaged
SO105414_SKU0001,ORD105414,DS003,SKU0001,2025-08-04 14:31:16,Damaged
SO105420_SKU0061,ORD105420,DS003,SKU0061,2025-08-04 22:28:13,Damaged
SO105420_SKU0036,ORD105420,DS003,SKU0036,2025-08-04 22:28:13,Pick fail
SO105423_SKU0005,ORD105423,DS003,SKU0005,2025-08-04 20:19:40,Expired
SO105426_SKU0001,ORD105426,DS003,SKU0001,2025-08-04 20:22:30,Pick fail
SO105428_SKU0020,ORD105428,DS003,SKU0020,2025-08-04 14:57:52,Zero on hand
SO105431_SKU0055,ORD105431,DS003,SKU0055,2025-08-04 20:29:48,Zero on hand
SO105437_SKU0031,ORD105437,DS004,SKU0031,2025-08-04 21:37:59,Damaged
SO105458_SKU0055,ORD105458,DS004,SKU0055,2025-08-04 08:26:40,Pick fail
SO105485_SKU0068,ORD105485,DS004,SKU0068,2025-08-04 08:24:30,Expired
SO105500_SKU0067,ORD105500,DS005,SKU0067,2025-08-04 18:02:48,Pick fail
SO105503_SKU0030,ORD105503,DS005,SKU0030,2025-08-04 11:43:29,Zero on hand
SO105505_SKU0020,ORD105505,DS005,SKU0020,2025-08-04 11:51:16,Expired
SO105506_SKU0052,ORD105506,DS005,SKU0052,2025-08-04 13:59:48,Damaged
SO105521_SKU0055,ORD105521,DS005,SKU0055,2025-08-04 12:20:45,Zero on hand
SO105523_SKU0022,ORD105523,DS005,SKU0022,2025-08-04 17:18:45,Damaged
SO105543_SKU0035,ORD105543,DS005,SKU0035,2025-08-04 18:10:21,Expired
SO105546_SKU0053,ORD105546,DS005,SKU0053,2025-08-04 12:45:58,Zero on hand
SO105547_SKU0025,ORD105547,DS005,SKU0025,2025-08-04 08:36:17,Zero on hand
SO105555_SKU0014,ORD105555,DS005,SKU0014,2025-08-04 19:01:29,Damaged
SO105556_SKU0074,ORD105556,DS005,SKU0074,2025-08-04 20:49:15,Damaged
SO105564_SKU0080,ORD105564,DS005,SKU0080,2025-08-04 17:18:24,Zero on hand
SO105565_SKU0007,ORD105565,DS005,SKU0007,2025-08-04 08:19:55,Pick fail
SO105580_SKU0032,ORD105580,DS005,SKU0032,2025-08-04 20:02:17,Pick fail
SO105580_SKU0080,ORD105580,DS005,SKU0080,2025-08-04 20:02:17,Damaged
SO105585_SKU0033,ORD105585,DS006,SKU0033,2025-08-04 12:16:29,Damaged
SO105596_SKU0010,ORD105596,DS006,SKU0010,2025-08-04 12:03:46,Damaged
SO105598_SKU0010,ORD105598,DS006,SKU0010,2025-08-04 17:30:28,Expired
SO105603_SKU0032,ORD105603,DS006,SKU0032,2025-08-04 16:39:25,Expired
SO105605_SKU0039,ORD105605,DS006,SKU0039,2025-08-04 22:50:49,Damaged
SO105607_SKU0014,ORD105607,DS006,SKU0014,2025-08-04 19:27:28,Zero on hand
SO105615_SKU0052,ORD105615,DS006,SKU0052,2025-08-04 12:25:06,Zero on hand
SO105624_SKU0067,ORD105624,DS006,SKU0067,2025-08-04 15:19:54,Expired
SO105625_SKU0047,ORD105625,DS006,SKU0047,2025-08-04 19:45:52,Expired
SO105626_SKU0062,ORD105626,DS006,SKU0062,2025-08-04 20:48:46,Zero on hand
SO105626_SKU0002,ORD105626,DS006,SKU0002,2025-08-04 20:48:46,Zero on hand
SO105644_SKU0069,ORD105644,DS006,SKU0069,2025-08-04 13:47:19,Damaged
SO105662_SKU0018,ORD105662,DS006,SKU0018,2025-08-04 21:32:04,Damaged
SO105677_SKU0065,ORD105677,DS006,SKU0065,2025-08-04 13:56:38,Pick fail
SO105680_SKU0020,ORD105680,DS006,SKU0020,2025-08-04 13:13:55,Expired
SO105682_SKU0066,ORD105682,DS006,SKU0066,2025-08-04 18:05:42,Pick fail
SO105684_SKU0057,ORD105684,DS007,SKU0057,2025-08-04 22:42:47,Zero on hand
SO105705_SKU0021,ORD105705,DS007,SKU0021,2025-08-04 18:42:17,Expired
SO105713_SKU0032,ORD105713,DS007,SKU0032,2025-08-04 09:53:28,Damaged
SO105716_SKU0008,ORD105716,DS007,SKU0008,2025-08-04 11:31:32,Damaged
SO105718_SKU0039,ORD105718,DS007,SKU0039,2025-08-04 19:09:59,Damaged
SO105720_SKU0057,ORD105720,DS007,SKU0057,2025-08-04 11:19:01,Pick fail
SO105723_SKU0052,ORD105723,DS007,SKU0052,2025-08-04 09:01:28,Damaged
SO105723_SKU0065,ORD105723,DS007,SKU0065,2025-08-04 09:01:28,Damaged
SO105728_SKU0029,ORD105728,DS007,SKU0029,2025-08-04 14:32:30,Damaged
SO105742_SKU0071,ORD105742,DS007,SKU0071,2025-08-04 18:05:58,Zero on hand
SO105760_SKU0059,ORD105760,DS007,SKU0059,2025-08-04 17:52:18,Zero on hand
SO105766_SKU0053,ORD105766,DS007,SKU0053,2025-08-04 21:41:40,Zero on hand
SO105793_SKU0014,ORD105793,DS008,SKU0014,2025-08-04 19:10:24,Zero on hand
SO105793_SKU0048,ORD105793,DS008,SKU0048,2025-08-04 19:10:24,Zero on hand
SO105806_SKU0078,ORD105806,DS008,SKU0078,2025-08-04 18:12:15,Damaged
SO105818_SKU0066,ORD105818,DS008,SKU0066,2025-08-04 13:56:16,Damaged
SO105822_SKU0022,ORD105822,DS008,SKU0022,2025-08-04 12:04:35,Expired
SO105826_SKU0061,ORD105826,DS008,SKU0061,2025-08-04 18:47:25,Zero on hand
SO105834_SKU0024,ORD105834,DS008,SKU0024,2025-08-04 20:32:08,Zero on hand
SO105839_SKU0073,ORD105839,DS008,SKU0073,2025-08-04 19:39:35,Damaged
SO105854_SKU0053,ORD105854,DS008,SKU0053,2025-08-04 16:48:16,Damaged
SO105856_SKU0023,ORD105856,DS008,SKU0023,2025-08-04 15:24:31,Expired
SO105858_SKU0047,ORD105858,DS008,SKU0047,2025-08-04 08:42:54,Expired
SO105869_SKU0040,ORD105869,DS008,SKU0040,2025-08-04 13:01:34,Expired
SO105874_SKU0024,ORD105874,DS009,SKU0024,2025-08-04 12:10:32,Expired
SO105880_SKU0065,ORD105880,DS009,SKU0065,2025-08-04 14:45:34,Expired
SO105885_SKU0028,ORD105885,DS009,SKU0028,2025-08-04 20:49:37,Damaged
SO105889_SKU0052,ORD105889,DS009,SKU0052,2025-08-04 20:39:12,Zero on hand
SO105899_SKU0035,ORD105899,DS009,SKU0035,2025-08-04 18:41:10,Zero on hand
SO105917_SKU0076,ORD105917,DS009,SKU0076,2025-08-04 18:21:53,Expired
SO105918_SKU0050,ORD105918,DS009,SKU0050,2025-08-04 22:21:20,Damaged
SO105946_SKU0075,ORD105946,DS009,SKU0075,2025-08-04 12:07:13,Expired
SO105952_SKU0057,ORD105952,DS009,SKU0057,2025-08-04 19:49:14,Expired
SO105959_SKU0064,ORD105959,DS009,SKU0064,2025-08-04 16:10:11,Pick fail
SO105964_SKU0016,ORD105964,DS009,SKU0016,2025-08-04 15:28:37,Expired
SO105971_SKU0063,ORD105971,DS010,SKU0063,2025-08-04 15:58:37,Damaged
SO105972_SKU0070,ORD105972,DS010,SKU0070,2025-08-04 20:58:09,Zero on hand
SO105973_SKU0060,ORD105973,DS010,SKU0060,2025-08-04 19:23:57,Zero on hand
SO105980_SKU0075,ORD105980,DS010,SKU0075,2025-08-04 23:35:19,Expired
SO105982_SKU0079,ORD105982,DS010,SKU0079,2025-08-04 16:56:38,Zero on hand
SO105989_SKU0001,ORD105989,DS010,SKU0001,2025-08-04 19:17:00,Expired
SO105993_SKU0032,ORD105993,DS010,SKU0032,2025-08-04 12:15:40,Expired
SO106002_SKU0063,ORD106002,DS010,SKU0063,2025-08-04 14:06:47,Zero on hand
SO106003_SKU0017,ORD106003,DS010,SKU0017,2025-08-04 23:53:07,Expired
SO106007_SKU0007,ORD106007,DS010,SKU0007,2025-08-04 12:55:31,Pick fail
SO106014_SKU0012,ORD106014,DS010,SKU0012,2025-08-04 21:04:04,Damaged
SO106024_SKU0030,ORD106024,DS010,SKU0030,2025-08-04 20:41:05,Damaged
SO106040_SKU0051,ORD106040,DS010,SKU0051,2025-08-04 19:04:16,Damaged
SO106056_SKU0067,ORD106056,DS010,SKU0067,2025-08-04 21:26:38,Pick fail
SO106056_SKU0032,ORD106056,DS010,SKU0032,2025-08-04 21:26:38,Pick fail
SO106063_SKU0029,ORD106063,DS011,SKU0029,2025-08-04 11:26:52,Pick fail
SO106065_SKU0044,ORD106065,DS011,SKU0044,2025-08-04 11:08:49,Expired
SO106071_SKU0002,ORD106071,DS011,SKU0002,2025-08-04 20:44:19,Expired
SO106094_SKU0022,ORD106094,DS011,SKU0022,2025-08-04 19:35:28,Expired
SO106095_SKU0054,ORD106095,DS011,SKU0054,2025-08-04 19:31:56,Pick fail
SO106107_SKU0006,ORD106107,DS011,SKU0006,2025-08-04 22:43:02,Pick fail
SO106115_SKU0074,ORD106115,DS011,SKU0074,2025-08-04 15:58:43,Damaged
SO106122_SKU0066,ORD106122,DS011,SKU0066,2025-08-04 19:16:31,Expired
SO106122_SKU0045,ORD106122,DS011,SKU0045,2025-08-04 19:16:31,Damaged
SO106129_SKU0002,ORD106129,DS012,SKU0002,2025-08-04 23:05:22,Zero on hand
SO106136_SKU0015,ORD106136,DS012,SKU0015,2025-08-04 18:47:08,Damaged
SO106141_SKU0050,ORD106141,DS012,SKU0050,2025-08-04 21:44:22,Expired
SO106151_SKU0043,ORD106151,DS012,SKU0043,2025-08-04 20:42:38,Damaged
SO106161_SKU0059,ORD106161,DS012,SKU0059,2025-08-04 14:55:03,Damaged
SO106171_SKU0019,ORD106171,DS012,SKU0019,2025-08-04 18:34:48,Pick fail
SO106175_SKU0079,ORD106175,DS012,SKU0079,2025-08-04 20:01:43,Zero on hand
SO106180_SKU0072,ORD106180,DS012,SKU0072,2025-08-04 13:31:08,Damaged
SO106188_SKU0067,ORD106188,DS012,SKU0067,2025-08-04 11:27:37,Damaged
SO106196_SKU0057,ORD106196,DS012,SKU0057,2025-08-04 16:41:21,Expired
SO106197_SKU0062,ORD106197,DS012,SKU0062,2025-08-04 11:24:37,Expired
SO106202_SKU0005,ORD106202,DS012,SKU0005,2025-08-04 20:13:18,Zero on hand
SO106208_SKU0019,ORD106208,DS012,SKU0019,2025-08-04 08:30:55,Expired
SO106222_SKU0048,ORD106222,DS013,SKU0048,2025-08-04 10:45:15,Expired
SO106225_SKU0071,ORD106225,DS013,SKU0071,2025-08-04 08:43:04,Damaged
SO106231_SKU0060,ORD106231,DS013,SKU0060,2025-08-04 19:08:56,Damaged
SO106234_SKU0061,ORD106234,DS013,SKU0061,2025-08-04 08:23:30,Pick fail
SO106239_SKU0061,ORD106239,DS013,SKU0061,2025-08-04 14:15:58,Damaged
SO106244_SKU0069,ORD106244,DS013,SKU0069,2025-08-04 19:25:40,Damaged
SO106251_SKU0005,ORD106251,DS013,SKU0005,2025-08-04 21:42:25,Zero on hand
SO106251_SKU0041,ORD106251,DS013,SKU0041,2025-08-04 21:42:25,Zero on hand
SO106261_SKU0063,ORD106261,DS013,SKU0063,2025-08-04 15:24:34,Expired
SO106266_SKU0048,ORD106266,DS013,SKU0048,2025-08-04 11:38:22,Expired
SO106274_SKU0029,ORD106274,DS013,SKU0029,2025-08-04 15:43:34,Expired
SO106280_SKU0058,ORD106280,DS014,SKU0058,2025-08-04 12:22:42,Expired
SO106281_SKU0065,ORD106281,DS014,SKU0065,2025-08-04 09:05:13,Expired
SO106281_SKU0077,ORD106281,DS014,SKU0077,2025-08-04 09:05:13,Pick fail
SO106283_SKU0001,ORD106283,DS014,SKU0001,2025-08-04 09:53:46,Zero on hand
SO106287_SKU0010,ORD106287,DS014,SKU0010,2025-08-04 10:41:35,Zero on hand
SO106297_SKU0070,ORD106297,DS014,SKU0070,2025-08-04 12:50:12,Expired
SO106301_SKU0002,ORD106301,DS014,SKU0002,2025-08-04 13:57:01,Damaged
SO106303_SKU0056,ORD106303,DS014,SKU0056,2025-08-04 23:57:52,Pick fail
SO106304_SKU0016,ORD106304,DS014,SKU0016,2025-08-04 16:17:24,Pick fail
SO106310_SKU0072,ORD106310,DS014,SKU0072,2025-08-04 09:11:21,Zero on hand
SO106312_SKU0027,ORD106312,DS014,SKU0027,2025-08-04 17:54:01,Zero on hand
SO106326_SKU0064,ORD106326,DS014,SKU0064,2025-08-04 19:48:10,Expired
SO106330_SKU0021,ORD106330,DS014,SKU0021,2025-08-04 20:26:53,Expired
SO106331_SKU0018,ORD106331,DS014,SKU0018,2025-08-04 22:39:28,Zero on hand
SO106332_SKU0078,ORD106332,DS014,SKU0078,2025-08-04 11:18:27,Pick fail
SO106337_SKU0024,ORD106337,DS014,SKU0024,2025-08-04 12:28:08,Damaged
SO106338_SKU0052,ORD106338,DS014,SKU0052,2025-08-04 10:36:24,Zero on hand
SO106339_SKU0001,ORD106339,DS014,SKU0001,2025-08-04 17:56:37,Zero on hand
SO106341_SKU0054,ORD106341,DS014,SKU0054,2025-08-04 18:29:01,Pick fail
SO106341_SKU0063,ORD106341,DS014,SKU0063,2025-08-04 18:29:01,Pick fail
SO106347_SKU0065,ORD106347,DS014,SKU0065,2025-08-04 19:11:35,Pick fail
SO106352_SKU0003,ORD106352,DS014,SKU0003,2025-08-04 21:01:06,Expired
SO106355_SKU0062,ORD106355,DS014,SKU0062,2025-08-04 13:04:44,Damaged
SO106356_SKU0072,ORD106356,DS014,SKU0072,2025-08-04 18:14:22,Damaged
SO106369_SKU0053,ORD106369,DS014,SKU0053,2025-08-04 21:18:23,Pick fail
SO106377_SKU0059,ORD106377,DS015,SKU0059,2025-08-04 18:11:35,Expired
SO106390_SKU0046,ORD106390,DS015,SKU0046,2025-08-04 12:53:28,Damaged
SO106394_SKU0054,ORD106394,DS015,SKU0054,2025-08-04 18:42:41,Damaged
SO106395_SKU0053,ORD106395,DS015,SKU0053,2025-08-04 20:43:35,Pick fail
SO106395_SKU0056,ORD106395,DS015,SKU0056,2025-08-04 20:43:35,Zero on hand
SO106429_SKU0049,ORD106429,DS015,SKU0049,2025-08-04 14:45:14,Zero on hand
SO106431_SKU0009,ORD106431,DS016,SKU0009,2025-08-04 08:08:10,Damaged
SO106450_SKU0046,ORD106450,DS016,SKU0046,2025-08-04 18:34:05,Expired
SO106466_SKU0052,ORD106466,DS016,SKU0052,2025-08-04 18:32:48,Damaged
SO106470_SKU0055,ORD106470,DS016,SKU0055,2025-08-04 19:32:12,Zero on hand
SO106475_SKU0009,ORD106475,DS016,SKU0009,2025-08-04 12:16:24,Zero on hand
SO106478_SKU0059,ORD106478,DS016,SKU0059,2025-08-04 18:08:39,Damaged
SO106499_SKU0043,ORD106499,DS016,SKU0043,2025-08-04 20:28:37,Zero on hand
SO106516_SKU0039,ORD106516,DS016,SKU0039,2025-08-04 23:22:35,Zero on hand
SO106521_SKU0040,ORD106521,DS016,SKU0040,2025-08-04 19:16:08,Zero on hand
SO106525_SKU0058,ORD106525,DS016,SKU0058,2025-08-04 18:55:38,Zero on hand
SO106527_SKU0002,ORD106527,DS016,SKU0002,2025-08-04 13:04:53,Pick fail
SO106531_SKU0060,ORD106531,DS016,SKU0060,2025-08-04 16:06:01,Zero on hand
SO106544_SKU0047,ORD106544,DS016,SKU0047,2025-08-04 17:56:10,Pick fail
SO106555_SKU0064,ORD106555,DS016,SKU0064,2025-08-04 17:08:24,Zero on hand
SO106559_SKU0051,ORD106559,DS016,SKU0051,2025-08-04 09:41:28,Expired
SO106568_SKU0004,ORD106568,DS017,SKU0004,2025-08-04 19:31:36,Expired
SO106570_SKU0018,ORD106570,DS017,SKU0018,2025-08-04 11:42:06,Damaged
SO106585_SKU0003,ORD106585,DS017,SKU0003,2025-08-04 15:41:00,Damaged
SO106586_SKU0079,ORD106586,DS017,SKU0079,2025-08-04 20:48:47,Pick fail
SO106587_SKU0051,ORD106587,DS017,SKU0051,2025-08-04 08:24:44,Expired
SO106598_SKU0054,ORD106598,DS017,SKU0054,2025-08-04 20:01:04,Damaged
SO106602_SKU0051,ORD106602,DS017,SKU0051,2025-08-04 21:30:49,Pick fail
SO106610_SKU0058,ORD106610,DS017,SKU0058,2025-08-04 17:22:11,Zero on hand
SO106614_SKU0056,ORD106614,DS017,SKU0056,2025-08-04 17:11:55,Damaged
SO106622_SKU0022,ORD106622,DS017,SKU0022,2025-08-04 13:02:12,Damaged
SO106626_SKU0053,ORD106626,DS017,SKU0053,2025-08-04 19:15:59,Zero on hand
SO106627_SKU0043,ORD106627,DS017,SKU0043,2025-08-04 18:23:20,Zero on hand
SO106629_SKU0045,ORD106629,DS017,SKU0045,2025-08-04 12:35:38,Damaged
SO106630_SKU0077,ORD106630,DS017,SKU0077,2025-08-04 23:11:12,Expired
SO106632_SKU0068,ORD106632,DS017,SKU0068,2025-08-04 12:14:10,Zero on hand
SO106636_SKU0052,ORD106636,DS017,SKU0052,2025-08-04 14:36:04,Expired
SO106641_SKU0055,ORD106641,DS017,SKU0055,2025-08-04 17:00:03,Damaged
SO106652_SKU0072,ORD106652,DS017,SKU0072,2025-08-04 15:19:00,Damaged
SO106665_SKU0032,ORD106665,DS017,SKU0032,2025-08-04 22:53:49,Expired
SO106678_SKU0005,ORD106678,DS001,SKU0005,2025-08-05 13:03:48,Pick fail
SO106680_SKU0080,ORD106680,DS001,SKU0080,2025-08-05 11:31:29,Damaged
SO106681_SKU0063,ORD106681,DS001,SKU0063,2025-08-05 19:59:43,Expired
SO106682_SKU0069,ORD106682,DS001,SKU0069,2025-08-05 19:38:02,Pick fail
SO106682_SKU0066,ORD106682,DS001,SKU0066,2025-08-05 19:38:02,Zero on hand
SO106699_SKU0032,ORD106699,DS001,SKU0032,2025-08-05 19:23:53,Pick fail
SO106701_SKU0047,ORD106701,DS001,SKU0047,2025-08-05 08:01:00,Damaged
SO106702_SKU0054,ORD106702,DS001,SKU0054,2025-08-05 19:04:08,Zero on hand
SO106723_SKU0010,ORD106723,DS001,SKU0010,2025-08-05 21:45:35,Expired
SO106729_SKU0001,ORD106729,DS001,SKU0001,2025-08-05 20:34:04,Damaged
SO106754_SKU0006,ORD106754,DS002,SKU0006,2025-08-05 12:32:33,Damaged
SO106758_SKU0009,ORD106758,DS002,SKU0009,2025-08-05 14:42:30,Damaged
SO106762_SKU0077,ORD106762,DS002,SKU0077,2025-08-05 17:04:06,Expired
SO106766_SKU0050,ORD106766,DS002,SKU0050,2025-08-05 11:20:18,Zero on hand
SO106772_SKU0075,ORD106772,DS002,SKU0075,2025-08-05 12:54:31,Zero on hand
SO106775_SKU0033,ORD106775,DS002,SKU0033,2025-08-05 19:39:13,Pick fail
SO106777_SKU0006,ORD106777,DS002,SKU0006,2025-08-05 11:03:02,Zero on hand
SO106779_SKU0032,ORD106779,DS002,SKU0032,2025-08-05 08:50:57,Damaged
SO106779_SKU0065,ORD106779,DS002,SKU0065,2025-08-05 08:50:57,Expired
SO106783_SKU0070,ORD106783,DS002,SKU0070,2025-08-05 20:46:10,Pick fail
SO106785_SKU0064,ORD106785,DS002,SKU0064,2025-08-05 16:44:04,Expired
SO106791_SKU0056,ORD106791,DS002,SKU0056,2025-08-05 21:53:03,Pick fail
SO106792_SKU0046,ORD106792,DS002,SKU0046,2025-08-05 15:51:31,Zero on hand
SO106797_SKU0014,ORD106797,DS002,SKU0014,2025-08-05 10:44:30,Expired
SO106799_SKU0046,ORD106799,DS002,SKU0046,2025-08-05 12:19:22,Damaged
SO106803_SKU0059,ORD106803,DS002,SKU0059,2025-08-05 17:04:49,Damaged
SO106805_SKU0034,ORD106805,DS002,SKU0034,2025-08-05 19:47:15,Zero on hand
SO106807_SKU0013,ORD106807,DS002,SKU0013,2025-08-05 20:55:37,Damaged
SO106811_SKU0008,ORD106811,DS002,SKU0008,2025-08-05 19:21:31,Zero on hand
SO106816_SKU0015,ORD106816,DS002,SKU0015,2025-08-05 17:47:55,Zero on hand
SO106817_SKU0005,ORD106817,DS002,SKU0005,2025-08-05 20:25:00,Expired
SO106818_SKU0046,ORD106818,DS002,SKU0046,2025-08-05 19:31:54,Expired
SO106820_SKU0054,ORD106820,DS002,SKU0054,2025-08-05 19:07:44,Expired
SO106829_SKU0073,ORD106829,DS002,SKU0073,2025-08-05 12:51:08,Zero on hand
SO106829_SKU0032,ORD106829,DS002,SKU0032,2025-08-05 12:51:08,Damaged
SO106833_SKU0076,ORD106833,DS002,SKU0076,2025-08-05 19:26:22,Pick fail
SO106834_SKU0029,ORD106834,DS002,SKU0029,2025-08-05 19:07:18,Zero on hand
SO106836_SKU0058,ORD106836,DS002,SKU0058,2025-08-05 11:20:22,Zero on hand
SO106839_SKU0054,ORD106839,DS002,SKU0054,2025-08-05 13:03:52,Zero on hand
SO106843_SKU0003,ORD106843,DS002,SKU0003,2025-08-05 22:09:40,Expired
SO106862_SKU0006,ORD106862,DS003,SKU0006,2025-08-05 16:27:13,Zero on hand
SO106868_SKU0049,ORD106868,DS003,SKU0049,2025-08-05 19:08:21,Damaged
SO106889_SKU0021,ORD106889,DS003,SKU0021,2025-08-05 17:57:33,Pick fail
SO106890_SKU0025,ORD106890,DS003,SKU0025,2025-08-05 13:17:33,Zero on hand
SO106892_SKU0069,ORD106892,DS003,SKU0069,2025-08-05 14:32:30,Damaged
SO106894_SKU0037,ORD106894,DS003,SKU0037,2025-08-05 16:26:42,Damaged
SO106898_SKU0010,ORD106898,DS003,SKU0010,2025-08-05 18:56:16,Pick fail
SO106900_SKU0031,ORD106900,DS003,SKU0031,2025-08-05 17:31:07,Pick fail
SO106904_SKU0001,ORD106904,DS003,SKU0001,2025-08-05 12:42:19,Damaged
SO106912_SKU0073,ORD106912,DS003,SKU0073,2025-08-05 19:19:40,Expired
SO106921_SKU0050,ORD106921,DS004,SKU0050,2025-08-05 21:05:23,Expired
SO106922_SKU0027,ORD106922,DS004,SKU0027,2025-08-05 20:21:13,Zero on hand
SO106928_SKU0020,ORD106928,DS004,SKU0020,2025-08-05 19:15:09,Pick fail
SO106929_SKU0016,ORD106929,DS004,SKU0016,2025-08-05 12:07:25,Damaged
SO106942_SKU0074,ORD106942,DS004,SKU0074,2025-08-05 12:34:35,Expired
SO106944_SKU0041,ORD106944,DS004,SKU0041,2025-08-05 08:49:35,Zero on hand
SO106946_SKU0055,ORD106946,DS004,SKU0055,2025-08-05 15:31:55,Damaged
SO106951_SKU0005,ORD106951,DS004,SKU0005,2025-08-05 21:23:00,Damaged
SO106955_SKU0055,ORD106955,DS004,SKU0055,2025-08-05 12:57:18,Damaged
SO106967_SKU0056,ORD106967,DS004,SKU0056,2025-08-05 19:12:20,Damaged
SO106968_SKU0052,ORD106968,DS004,SKU0052,2025-08-05 18:04:05,Pick fail
SO106975_SKU0064,ORD106975,DS004,SKU0064,2025-08-05 19:35:07,Damaged
SO106984_SKU0030,ORD106984,DS004,SKU0030,2025-08-05 16:40:09,Zero on hand
SO106991_SKU0026,ORD106991,DS005,SKU0026,2025-08-05 16:00:24,Pick fail
SO106991_SKU0073,ORD106991,DS005,SKU0073,2025-08-05 16:00:24,Pick fail
SO106992_SKU0002,ORD106992,DS005,SKU0002,2025-08-05 16:01:48,Expired
SO106999_SKU0003,ORD106999,DS005,SKU0003,2025-08-05 12:46:05,Pick fail
SO107001_SKU0018,ORD107001,DS005,SKU0018,2025-08-05 16:29:15,Expired
SO107002_SKU0041,ORD107002,DS005,SKU0041,2025-08-05 08:41:49,Pick fail
SO107009_SKU0058,ORD107009,DS005,SKU0058,2025-08-05 12:05:42,Pick fail
SO107011_SKU0012,ORD107011,DS005,SKU0012,2025-08-05 19:21:20,Expired
SO107012_SKU0056,ORD107012,DS005,SKU0056,2025-08-05 11:05:12,Pick fail
SO107014_SKU0074,ORD107014,DS005,SKU0074,2025-08-05 15:20:54,Damaged
SO107024_SKU0069,ORD107024,DS005,SKU0069,2025-08-05 18:09:09,Expired
SO107030_SKU0066,ORD107030,DS005,SKU0066,2025-08-05 18:44:57,Zero on hand
SO107032_SKU0046,ORD107032,DS005,SKU0046,2025-08-05 09:44:59,Zero on hand
SO107032_SKU0059,ORD107032,DS005,SKU0059,2025-08-05 09:44:59,Pick fail
SO107034_SKU0063,ORD107034,DS005,SKU0063,2025-08-05 13:54:03,Expired
SO107035_SKU0012,ORD107035,DS005,SKU0012,2025-08-05 14:02:54,Pick fail
SO107037_SKU0045,ORD107037,DS005,SKU0045,2025-08-05 18:36:27,Expired
SO107039_SKU0053,ORD107039,DS005,SKU0053,2025-08-05 15:38:37,Pick fail
SO107042_SKU0043,ORD107042,DS005,SKU0043,2025-08-05 14:57:45,Expired
SO107043_SKU0030,ORD107043,DS005,SKU0030,2025-08-05 11:47:54,Expired
SO107046_SKU0017,ORD107046,DS005,SKU0017,2025-08-05 20:06:14,Zero on hand
SO107052_SKU0030,ORD107052,DS005,SKU0030,2025-08-05 20:21:29,Zero on hand
SO107052_SKU0063,ORD107052,DS005,SKU0063,2025-08-05 20:21:29,Expired
SO107055_SKU0059,ORD107055,DS005,SKU0059,2025-08-05 08:52:19,Pick fail
SO107055_SKU0001,ORD107055,DS005,SKU0001,2025-08-05 08:52:19,Zero on hand
SO107056_SKU0016,ORD107056,DS005,SKU0016,2025-08-05 15:49:06,Damaged
SO107056_SKU0061,ORD107056,DS005,SKU0061,2025-08-05 15:49:06,Damaged
SO107090_SKU0069,ORD107090,DS006,SKU0069,2025-08-05 12:21:50,Expired
SO107097_SKU0024,ORD107097,DS006,SKU0024,2025-08-05 12:24:13,Damaged
SO107103_SKU0058,ORD107103,DS006,SKU0058,2025-08-05 20:18:21,Pick fail
SO107104_SKU0030,ORD107104,DS006,SKU0030,2025-08-05 20:46:24,Damaged
SO107106_SKU0038,ORD107106,DS006,SKU0038,2025-08-05 14:46:43,Zero on hand
SO107113_SKU0053,ORD107113,DS006,SKU0053,2025-08-05 12:26:42,Zero on hand
SO107143_SKU0030,ORD107143,DS006,SKU0030,2025-08-05 19:51:22,Expired
SO107148_SKU0072,ORD107148,DS006,SKU0072,2025-08-05 10:33:43,Damaged
SO107152_SKU0068,ORD107152,DS006,SKU0068,2025-08-05 19:01:03,Damaged
SO107152_SKU0008,ORD107152,DS006,SKU0008,2025-08-05 19:01:03,Pick fail
SO107160_SKU0060,ORD107160,DS007,SKU0060,2025-08-05 17:39:06,Expired
SO107164_SKU0007,ORD107164,DS007,SKU0007,2025-08-05 23:31:22,Zero on hand
SO107165_SKU0062,ORD107165,DS007,SKU0062,2025-08-05 20:47:47,Expired
SO107171_SKU0076,ORD107171,DS007,SKU0076,2025-08-05 09:32:23,Pick fail
SO107183_SKU0058,ORD107183,DS007,SKU0058,2025-08-05 18:13:50,Damaged
SO107185_SKU0048,ORD107185,DS007,SKU0048,2025-08-05 14:45:07,Pick fail
SO107187_SKU0003,ORD107187,DS007,SKU0003,2025-08-05 16:23:38,Damaged
SO107191_SKU0041,ORD107191,DS007,SKU0041,2025-08-05 17:14:55,Pick fail
SO107192_SKU0062,ORD107192,DS007,SKU0062,2025-08-05 23:26:26,Expired
SO107192_SKU0054,ORD107192,DS007,SKU0054,2025-08-05 23:26:26,Damaged
SO107204_SKU0010,ORD107204,DS007,SKU0010,2025-08-05 11:42:31,Zero on hand
SO107210_SKU0060,ORD107210,DS007,SKU0060,2025-08-05 08:54:02,Expired
SO107227_SKU0016,ORD107227,DS007,SKU0016,2025-08-05 18:51:30,Damaged
SO107229_SKU0025,ORD107229,DS007,SKU0025,2025-08-05 19:03:45,Expired
SO107230_SKU0002,ORD107230,DS007,SKU0002,2025-08-05 08:26:27,Expired
SO107232_SKU0073,ORD107232,DS007,SKU0073,2025-08-05 09:57:10,Expired
SO107238_SKU0057,ORD107238,DS007,SKU0057,2025-08-05 16:31:40,Pick fail
SO107243_SKU0059,ORD107243,DS007,SKU0059,2025-08-05 08:26:30,Damaged
SO107249_SKU0061,ORD107249,DS007,SKU0061,2025-08-05 11:48:47,Damaged
SO107250_SKU0023,ORD107250,DS007,SKU0023,2025-08-05 13:16:28,Pick fail
SO107251_SKU0020,ORD107251,DS007,SKU0020,2025-08-05 16:47:19,Pick fail
SO107252_SKU0007,ORD107252,DS007,SKU0007,2025-08-05 11:23:50,Damaged
SO107259_SKU0004,ORD107259,DS008,SKU0004,2025-08-05 12:45:36,Pick fail
SO107271_SKU0024,ORD107271,DS008,SKU0024,2025-08-05 17:41:39,Damaged
SO107273_SKU0025,ORD107273,DS008,SKU0025,2025-08-05 10:15:51,Pick fail
SO107275_SKU0068,ORD107275,DS008,SKU0068,2025-08-05 20:57:04,Expired
SO107275_SKU0051,ORD107275,DS008,SKU0051,2025-08-05 20:57:04,Zero on hand
SO107284_SKU0067,ORD107284,DS008,SKU0067,2025-08-05 08:20:26,Damaged
SO107286_SKU0047,ORD107286,DS008,SKU0047,2025-08-05 19:40:39,Zero on hand
SO107295_SKU0066,ORD107295,DS008,SKU0066,2025-08-05 17:16:33,Pick fail
SO107321_SKU0022,ORD107321,DS008,SKU0022,2025-08-05 19:44:32,Pick fail
SO107323_SKU0070,ORD107323,DS008,SKU0070,2025-08-05 17:22:22,Zero on hand
SO107330_SKU0011,ORD107330,DS009,SKU0011,2025-08-05 20:32:34,Expired
SO107344_SKU0055,ORD107344,DS009,SKU0055,2025-08-05 16:34:23,Zero on hand
SO107351_SKU0066,ORD107351,DS009,SKU0066,2025-08-05 18:36:22,Expired
SO107357_SKU0017,ORD107357,DS009,SKU0017,2025-08-05 23:56:57,Pick fail
SO107363_SKU0069,ORD107363,DS009,SKU0069,2025-08-05 18:36:33,Pick fail
SO107368_SKU0016,ORD107368,DS009,SKU0016,2025-08-05 16:01:32,Zero on hand
SO107382_SKU0002,ORD107382,DS009,SKU0002,2025-08-05 09:14:56,Expired
SO107383_SKU0046,ORD107383,DS009,SKU0046,2025-08-05 19:24:57,Damaged
SO107388_SKU0060,ORD107388,DS009,SKU0060,2025-08-05 15:24:05,Pick fail
SO107390_SKU0070,ORD107390,DS009,SKU0070,2025-08-05 12:48:29,Expired
SO107399_SKU0073,ORD107399,DS009,SKU0073,2025-08-05 09:40:56,Expired
SO107405_SKU0077,ORD107405,DS009,SKU0077,2025-08-05 13:14:22,Expired
SO107409_SKU0050,ORD107409,DS009,SKU0050,2025-08-05 08:23:43,Zero on hand
SO107410_SKU0012,ORD107410,DS009,SKU0012,2025-08-05 15:29:59,Damaged
SO107413_SKU0070,ORD107413,DS009,SKU0070,2025-08-05 19:43:24,Pick fail
SO107426_SKU0066,ORD107426,DS010,SKU0066,2025-08-05 08:05:55,Zero on hand
SO107429_SKU0058,ORD107429,DS010,SKU0058,2025-08-05 15:43:38,Pick fail
SO107440_SKU0068,ORD107440,DS010,SKU0068,2025-08-05 20:44:24,Damaged
SO107449_SKU0042,ORD107449,DS010,SKU0042,2025-08-05 10:20:41,Damaged
SO107452_SKU0016,ORD107452,DS010,SKU0016,2025-08-05 19:44:44,Zero on hand
SO107465_SKU0073,ORD107465,DS010,SKU0073,2025-08-05 09:39:29,Zero on hand
SO107466_SKU0076,ORD107466,DS010,SKU0076,2025-08-05 20:14:33,Pick fail
SO107471_SKU0011,ORD107471,DS010,SKU0011,2025-08-05 17:12:24,Damaged
SO107478_SKU0046,ORD107478,DS010,SKU0046,2025-08-05 17:09:14,Expired
SO107484_SKU0026,ORD107484,DS010,SKU0026,2025-08-05 18:16:57,Zero on hand
SO107496_SKU0059,ORD107496,DS010,SKU0059,2025-08-05 15:31:44,Damaged
SO107512_SKU0060,ORD107512,DS010,SKU0060,2025-08-05 12:29:20,Zero on hand
SO107523_SKU0049,ORD107523,DS011,SKU0049,2025-08-05 11:27:12,Expired
SO107527_SKU0057,ORD107527,DS011,SKU0057,2025-08-05 11:55:12,Zero on hand
SO107530_SKU0010,ORD107530,DS011,SKU0010,2025-08-05 17:06:20,Zero on hand
SO107531_SKU0047,ORD107531,DS011,SKU0047,2025-08-05 12:26:08,Damaged
SO107531_SKU0056,ORD107531,DS011,SKU0056,2025-08-05 12:26:08,Zero on hand
SO107542_SKU0051,ORD107542,DS011,SKU0051,2025-08-05 13:18:21,Expired
SO107559_SKU0048,ORD107559,DS011,SKU0048,2025-08-05 12:51:55,Pick fail
SO107563_SKU0076,ORD107563,DS011,SKU0076,2025-08-05 13:55:17,Damaged
SO107563_SKU0047,ORD107563,DS011,SKU0047,2025-08-05 13:55:17,Zero on hand
SO107567_SKU0067,ORD107567,DS011,SKU0067,2025-08-05 17:55:14,Damaged
SO107573_SKU0063,ORD107573,DS011,SKU0063,2025-08-05 18:26:52,Pick fail
SO107574_SKU0031,ORD107574,DS011,SKU0031,2025-08-05 18:52:08,Zero on hand
SO107578_SKU0061,ORD107578,DS011,SKU0061,2025-08-05 11:39:47,Zero on hand
SO107589_SKU0073,ORD107589,DS011,SKU0073,2025-08-05 12:11:26,Expired
SO107590_SKU0040,ORD107590,DS011,SKU0040,2025-08-05 22:39:51,Zero on hand
SO107608_SKU0048,ORD107608,DS012,SKU0048,2025-08-05 16:28:22,Damaged
SO107612_SKU0045,ORD107612,DS012,SKU0045,2025-08-05 21:39:52,Pick fail
SO107614_SKU0079,ORD107614,DS012,SKU0079,2025-08-05 15:08:52,Damaged
SO107618_SKU0013,ORD107618,DS012,SKU0013,2025-08-05 10:30:55,Expired
SO107620_SKU0021,ORD107620,DS012,SKU0021,2025-08-05 14:24:04,Expired
SO107626_SKU0049,ORD107626,DS012,SKU0049,2025-08-05 12:28:33,Damaged
SO107638_SKU0003,ORD107638,DS012,SKU0003,2025-08-05 13:56:44,Damaged
SO107639_SKU0008,ORD107639,DS012,SKU0008,2025-08-05 15:55:28,Expired
SO107641_SKU0011,ORD107641,DS012,SKU0011,2025-08-05 20:37:58,Pick fail
SO107642_SKU0058,ORD107642,DS012,SKU0058,2025-08-05 09:18:04,Pick fail
SO107643_SKU0041,ORD107643,DS012,SKU0041,2025-08-05 09:48:54,Pick fail
SO107646_SKU0015,ORD107646,DS012,SKU0015,2025-08-05 17:53:00,Expired
SO107652_SKU0026,ORD107652,DS012,SKU0026,2025-08-05 10:54:33,Damaged
SO107652_SKU0002,ORD107652,DS012,SKU0002,2025-08-05 10:54:33,Zero on hand
SO107659_SKU0047,ORD107659,DS012,SKU0047,2025-08-05 11:23:00,Expired
SO107661_SKU0025,ORD107661,DS012,SKU0025,2025-08-05 22:54:26,Expired
SO107686_SKU0044,ORD107686,DS012,SKU0044,2025-08-05 17:23:27,Damaged
SO107706_SKU0057,ORD107706,DS013,SKU0057,2025-08-05 13:26:01,Pick fail
SO107709_SKU0033,ORD107709,DS013,SKU0033,2025-08-05 08:48:17,Zero on hand
SO107714_SKU0064,ORD107714,DS013,SKU0064,2025-08-05 16:15:26,Zero on hand
SO107717_SKU0068,ORD107717,DS013,SKU0068,2025-08-05 18:42:55,Damaged
SO107724_SKU0059,ORD107724,DS013,SKU0059,2025-08-05 18:19:53,Damaged
SO107730_SKU0054,ORD107730,DS013,SKU0054,2025-08-05 15:21:35,Pick fail
SO107737_SKU0003,ORD107737,DS013,SKU0003,2025-08-05 11:29:59,Zero on hand
SO107742_SKU0059,ORD107742,DS013,SKU0059,2025-08-05 18:09:11,Expired
SO107743_SKU0053,ORD107743,DS013,SKU0053,2025-08-05 19:53:59,Expired
SO107747_SKU0008,ORD107747,DS013,SKU0008,2025-08-05 11:19:27,Expired
SO107747_SKU0001,ORD107747,DS013,SKU0001,2025-08-05 11:19:27,Pick fail
SO107749_SKU0008,ORD107749,DS013,SKU0008,2025-08-05 11:38:49,Expired
SO107752_SKU0007,ORD107752,DS013,SKU0007,2025-08-05 12:53:14,Zero on hand
SO107753_SKU0055,ORD107753,DS013,SKU0055,2025-08-05 20:00:54,Pick fail
SO107761_SKU0022,ORD107761,DS013,SKU0022,2025-08-05 17:19:45,Zero on hand
SO107763_SKU0026,ORD107763,DS013,SKU0026,2025-08-05 21:11:45,Damaged
SO107765_SKU0013,ORD107765,DS013,SKU0013,2025-08-05 12:31:34,Damaged
SO107769_SKU0042,ORD107769,DS013,SKU0042,2025-08-05 08:34:13,Zero on hand
SO107772_SKU0051,ORD107772,DS013,SKU0051,2025-08-05 18:58:54,Zero on hand
SO107781_SKU0075,ORD107781,DS014,SKU0075,2025-08-05 13:50:35,Zero on hand
SO107797_SKU0060,ORD107797,DS014,SKU0060,2025-08-05 21:33:37,Damaged
SO107800_SKU0021,ORD107800,DS014,SKU0021,2025-08-05 23:18:52,Pick fail
SO107802_SKU0057,ORD107802,DS014,SKU0057,2025-08-05 12:55:34,Zero on hand
SO107809_SKU0061,ORD107809,DS014,SKU0061,2025-08-05 20:19:19,Damaged
SO107810_SKU0080,ORD107810,DS014,SKU0080,2025-08-05 12:29:22,Pick fail
SO107810_SKU0046,ORD107810,DS014,SKU0046,2025-08-05 12:29:22,Zero on hand
SO107816_SKU0074,ORD107816,DS014,SKU0074,2025-08-05 15:53:00,Zero on hand
SO107817_SKU0012,ORD107817,DS014,SKU0012,2025-08-05 17:07:09,Damaged
SO107824_SKU0013,ORD107824,DS014,SKU0013,2025-08-05 19:43:56,Damaged
SO107825_SKU0069,ORD107825,DS014,SKU0069,2025-08-05 11:09:54,Zero on hand
SO107832_SKU0059,ORD107832,DS014,SKU0059,2025-08-05 15:43:38,Expired
SO107838_SKU0019,ORD107838,DS014,SKU0019,2025-08-05 15:40:51,Pick fail
SO107841_SKU0052,ORD107841,DS014,SKU0052,2025-08-05 18:20:47,Expired
SO107844_SKU0048,ORD107844,DS014,SKU0048,2025-08-05 20:44:12,Damaged
SO107855_SKU0079,ORD107855,DS014,SKU0079,2025-08-05 22:17:49,Pick fail
SO107860_SKU0058,ORD107860,DS014,SKU0058,2025-08-05 16:32:46,Zero on hand
SO107866_SKU0027,ORD107866,DS014,SKU0027,2025-08-05 20:35:45,Expired
SO107867_SKU0009,ORD107867,DS014,SKU0009,2025-08-05 14:47:25,Damaged
SO107870_SKU0048,ORD107870,DS014,SKU0048,2025-08-05 19:19:59,Expired
SO107872_SKU0064,ORD107872,DS014,SKU0064,2025-08-05 17:57:36,Expired
SO107876_SKU0043,ORD107876,DS014,SKU0043,2025-08-05 20:09:06,Damaged
SO107876_SKU0028,ORD107876,DS014,SKU0028,2025-08-05 20:09:06,Zero on hand
SO107879_SKU0066,ORD107879,DS014,SKU0066,2025-08-05 18:12:53,Damaged
SO107882_SKU0004,ORD107882,DS014,SKU0004,2025-08-05 15:59:11,Zero on hand
SO107884_SKU0069,ORD107884,DS014,SKU0069,2025-08-05 18:45:00,Expired
SO107886_SKU0003,ORD107886,DS014,SKU0003,2025-08-05 15:11:58,Damaged
SO107889_SKU0005,ORD107889,DS014,SKU0005,2025-08-05 23:42:48,Pick fail
SO107893_SKU0008,ORD107893,DS014,SKU0008,2025-08-05 19:52:48,Damaged
SO107894_SKU0048,ORD107894,DS014,SKU0048,2025-08-05 20:46:20,Zero on hand
SO107901_SKU0058,ORD107901,DS014,SKU0058,2025-08-05 22:33:11,Pick fail
SO107902_SKU0035,ORD107902,DS014,SKU0035,2025-08-05 21:16:54,Pick fail
SO107904_SKU0024,ORD107904,DS014,SKU0024,2025-08-05 09:33:08,Expired
SO107904_SKU0076,ORD107904,DS014,SKU0076,2025-08-05 09:33:08,Pick fail
SO107919_SKU0002,ORD107919,DS015,SKU0002,2025-08-05 21:13:21,Zero on hand
SO107919_SKU0060,ORD107919,DS015,SKU0060,2025-08-05 21:13:21,Damaged
SO107922_SKU0011,ORD107922,DS015,SKU0011,2025-08-05 10:23:22,Pick fail
SO107924_SKU0071,ORD107924,DS015,SKU0071,2025-08-05 16:45:30,Expired
SO107925_SKU0015,ORD107925,DS015,SKU0015,2025-08-05 19:39:27,Zero on hand
SO107930_SKU0061,ORD107930,DS015,SKU0061,2025-08-05 21:23:20,Zero on hand
SO107932_SKU0011,ORD107932,DS015,SKU0011,2025-08-05 08:37:38,Pick fail
SO107935_SKU0067,ORD107935,DS015,SKU0067,2025-08-05 19:47:40,Expired
SO107939_SKU0051,ORD107939,DS015,SKU0051,2025-08-05 18:16:28,Expired
SO107955_SKU0008,ORD107955,DS015,SKU0008,2025-08-05 16:54:02,Damaged
SO107961_SKU0067,ORD107961,DS016,SKU0067,2025-08-05 20:35:26,Damaged
SO107972_SKU0022,ORD107972,DS016,SKU0022,2025-08-05 11:35:09,Expired
SO107976_SKU0058,ORD107976,DS016,SKU0058,2025-08-05 16:06:07,Zero on hand
SO107978_SKU0047,ORD107978,DS016,SKU0047,2025-08-05 23:57:08,Expired
SO107981_SKU0011,ORD107981,DS016,SKU0011,2025-08-05 12:36:32,Pick fail
SO107991_SKU0029,ORD107991,DS016,SKU0029,2025-08-05 18:19:40,Zero on hand
SO107999_SKU0022,ORD107999,DS016,SKU0022,2025-08-05 19:05:18,Expired
SO108002_SKU0074,ORD108002,DS016,SKU0074,2025-08-05 12:19:12,Damaged
SO108008_SKU0005,ORD108008,DS016,SKU0005,2025-08-05 20:06:12,Expired
SO108009_SKU0010,ORD108009,DS016,SKU0010,2025-08-05 09:26:06,Zero on hand
SO108013_SKU0042,ORD108013,DS016,SKU0042,2025-08-05 15:22:58,Damaged
SO108013_SKU0065,ORD108013,DS016,SKU0065,2025-08-05 15:22:58,Zero on hand
SO108019_SKU0025,ORD108019,DS016,SKU0025,2025-08-05 20:41:11,Expired
SO108019_SKU0013,ORD108019,DS016,SKU0013,2025-08-05 20:41:11,Expired
SO108024_SKU0054,ORD108024,DS016,SKU0054,2025-08-05 21:24:48,Zero on hand
SO108050_SKU0044,ORD108050,DS016,SKU0044,2025-08-05 11:50:26,Zero on hand
SO108055_SKU0077,ORD108055,DS016,SKU0077,2025-08-05 16:04:31,Expired
SO108059_SKU0054,ORD108059,DS017,SKU0054,2025-08-05 15:34:57,Zero on hand
SO108061_SKU0033,ORD108061,DS017,SKU0033,2025-08-05 12:40:21,Damaged
SO108076_SKU0008,ORD108076,DS017,SKU0008,2025-08-05 20:13:35,Zero on hand
SO108091_SKU0062,ORD108091,DS017,SKU0062,2025-08-05 11:25:00,Damaged
SO108100_SKU0029,ORD108100,DS017,SKU0029,2025-08-05 16:31:24,Zero on hand
SO108104_SKU0006,ORD108104,DS017,SKU0006,2025-08-05 08:48:14,Zero on hand
SO108110_SKU0010,ORD108110,DS017,SKU0010,2025-08-05 17:53:22,Damaged
SO108111_SKU0001,ORD108111,DS017,SKU0001,2025-08-05 19:56:17,Damaged
SO108117_SKU0050,ORD108117,DS017,SKU0050,2025-08-05 10:33:37,Expired
SO108132_SKU0008,ORD108132,DS017,SKU0008,2025-08-05 08:05:41,Expired
SO108140_SKU0072,ORD108140,DS017,SKU0072,2025-08-05 11:24:16,Damaged
SO108145_SKU0023,ORD108145,DS017,SKU0023,2025-08-05 18:56:42,Expired
SO108150_SKU0072,ORD108150,DS001,SKU0072,2025-08-06 18:36:30,Pick fail
SO108166_SKU0020,ORD108166,DS001,SKU0020,2025-08-06 19:46:33,Pick fail
SO108166_SKU0037,ORD108166,DS001,SKU0037,2025-08-06 19:46:33,Damaged
SO108226_SKU0061,ORD108226,DS001,SKU0061,2025-08-06 18:27:16,Expired
SO108233_SKU0052,ORD108233,DS002,SKU0052,2025-08-06 18:14:07,Expired
SO108246_SKU0079,ORD108246,DS002,SKU0079,2025-08-06 12:32:54,Pick fail
SO108249_SKU0015,ORD108249,DS002,SKU0015,2025-08-06 10:50:22,Damaged
SO108255_SKU0050,ORD108255,DS002,SKU0050,2025-08-06 08:48:39,Damaged
SO108276_SKU0039,ORD108276,DS002,SKU0039,2025-08-06 15:51:26,Zero on hand
SO108284_SKU0058,ORD108284,DS002,SKU0058,2025-08-06 10:57:26,Expired
SO108288_SKU0007,ORD108288,DS002,SKU0007,2025-08-06 20:04:38,Pick fail
SO108299_SKU0027,ORD108299,DS002,SKU0027,2025-08-06 19:30:19,Zero on hand
SO108303_SKU0026,ORD108303,DS002,SKU0026,2025-08-06 08:05:25,Zero on hand
SO108308_SKU0067,ORD108308,DS002,SKU0067,2025-08-06 15:43:37,Expired
SO108319_SKU0074,ORD108319,DS003,SKU0074,2025-08-06 18:15:35,Damaged
SO108327_SKU0080,ORD108327,DS003,SKU0080,2025-08-06 18:14:39,Pick fail
SO108328_SKU0048,ORD108328,DS003,SKU0048,2025-08-06 18:35:03,Expired
SO108332_SKU0051,ORD108332,DS003,SKU0051,2025-08-06 18:17:33,Pick fail
SO108334_SKU0033,ORD108334,DS003,SKU0033,2025-08-06 18:45:38,Expired
SO108336_SKU0030,ORD108336,DS003,SKU0030,2025-08-06 19:13:14,Zero on hand
SO108354_SKU0024,ORD108354,DS003,SKU0024,2025-08-06 20:52:35,Expired
SO108380_SKU0017,ORD108380,DS003,SKU0017,2025-08-06 15:36:59,Zero on hand
SO108387_SKU0062,ORD108387,DS003,SKU0062,2025-08-06 19:29:53,Expired
SO108408_SKU0057,ORD108408,DS004,SKU0057,2025-08-06 11:55:10,Zero on hand
SO108412_SKU0036,ORD108412,DS004,SKU0036,2025-08-06 14:24:19,Zero on hand
SO108416_SKU0050,ORD108416,DS004,SKU0050,2025-08-06 13:46:29,Damaged
SO108427_SKU0009,ORD108427,DS004,SKU0009,2025-08-06 18:01:26,Zero on hand
SO108427_SKU0004,ORD108427,DS004,SKU0004,2025-08-06 18:01:26,Expired
SO108435_SKU0017,ORD108435,DS004,SKU0017,2025-08-06 12:19:45,Pick fail
SO108449_SKU0036,ORD108449,DS005,SKU0036,2025-08-06 15:47:22,Damaged
SO108449_SKU0057,ORD108449,DS005,SKU0057,2025-08-06 15:47:22,Expired
SO108454_SKU0054,ORD108454,DS005,SKU0054,2025-08-06 21:51:26,Zero on hand
SO108460_SKU0073,ORD108460,DS005,SKU0073,2025-08-06 23:01:19,Damaged
SO108464_SKU0061,ORD108464,DS005,SKU0061,2025-08-06 22:24:18,Expired
SO108470_SKU0069,ORD108470,DS005,SKU0069,2025-08-06 20:41:19,Expired
SO108472_SKU0060,ORD108472,DS005,SKU0060,2025-08-06 18:48:02,Expired
SO108475_SKU0054,ORD108475,DS005,SKU0054,2025-08-06 09:55:01,Expired
SO108475_SKU0002,ORD108475,DS005,SKU0002,2025-08-06 09:55:01,Pick fail
SO108476_SKU0055,ORD108476,DS005,SKU0055,2025-08-06 13:34:28,Pick fail
SO108482_SKU0077,ORD108482,DS005,SKU0077,2025-08-06 20:49:04,Expired
SO108484_SKU0040,ORD108484,DS005,SKU0040,2025-08-06 13:18:21,Pick fail
SO108487_SKU0058,ORD108487,DS005,SKU0058,2025-08-06 13:51:47,Pick fail
SO108492_SKU0003,ORD108492,DS005,SKU0003,2025-08-06 17:49:22,Pick fail
SO108495_SKU0055,ORD108495,DS005,SKU0055,2025-08-06 19:41:58,Pick fail
SO108496_SKU0030,ORD108496,DS005,SKU0030,2025-08-06 13:36:17,Pick fail
SO108498_SKU0007,ORD108498,DS005,SKU0007,2025-08-06 10:12:48,Pick fail
SO108499_SKU0029,ORD108499,DS005,SKU0029,2025-08-06 08:48:12,Pick fail
SO108510_SKU0071,ORD108510,DS005,SKU0071,2025-08-06 08:11:55,Pick fail
SO108511_SKU0014,ORD108511,DS005,SKU0014,2025-08-06 12:51:40,Damaged
SO108514_SKU0064,ORD108514,DS005,SKU0064,2025-08-06 14:09:38,Pick fail
SO108524_SKU0042,ORD108524,DS005,SKU0042,2025-08-06 19:36:42,Pick fail
SO108526_SKU0059,ORD108526,DS005,SKU0059,2025-08-06 14:24:02,Expired
SO108531_SKU0044,ORD108531,DS005,SKU0044,2025-08-06 22:45:32,Pick fail
SO108533_SKU0068,ORD108533,DS005,SKU0068,2025-08-06 15:33:08,Damaged
SO108538_SKU0056,ORD108538,DS005,SKU0056,2025-08-06 18:10:17,Damaged
SO108540_SKU0045,ORD108540,DS005,SKU0045,2025-08-06 16:15:41,Zero on hand
SO108541_SKU0042,ORD108541,DS005,SKU0042,2025-08-06 11:42:11,Zero on hand
SO108541_SKU0016,ORD108541,DS005,SKU0016,2025-08-06 11:42:11,Zero on hand
SO108556_SKU0004,ORD108556,DS006,SKU0004,2025-08-06 17:55:30,Zero on hand
SO108559_SKU0079,ORD108559,DS006,SKU0079,2025-08-06 13:31:37,Pick fail
SO108564_SKU0062,ORD108564,DS006,SKU0062,2025-08-06 09:28:44,Pick fail
SO108565_SKU0027,ORD108565,DS006,SKU0027,2025-08-06 17:16:04,Zero on hand
SO108571_SKU0011,ORD108571,DS006,SKU0011,2025-08-06 19:58:15,Pick fail
SO108584_SKU0035,ORD108584,DS006,SKU0035,2025-08-06 12:19:34,Pick fail
SO108588_SKU0019,ORD108588,DS006,SKU0019,2025-08-06 19:13:38,Zero on hand
SO108593_SKU0057,ORD108593,DS006,SKU0057,2025-08-06 12:30:21,Pick fail
SO108608_SKU0030,ORD108608,DS006,SKU0030,2025-08-06 13:50:49,Pick fail
SO108614_SKU0001,ORD108614,DS006,SKU0001,2025-08-06 18:30:38,Expired
SO108617_SKU0064,ORD108617,DS006,SKU0064,2025-08-06 08:18:40,Expired
SO108625_SKU0020,ORD108625,DS006,SKU0020,2025-08-06 14:05:36,Expired
SO108640_SKU0068,ORD108640,DS006,SKU0068,2025-08-06 20:53:23,Pick fail
SO108641_SKU0043,ORD108641,DS006,SKU0043,2025-08-06 20:23:02,Damaged
SO108644_SKU0049,ORD108644,DS007,SKU0049,2025-08-06 20:59:33,Damaged
SO108645_SKU0004,ORD108645,DS007,SKU0004,2025-08-06 17:26:29,Pick fail
SO108649_SKU0058,ORD108649,DS007,SKU0058,2025-08-06 16:03:08,Pick fail
SO108657_SKU0010,ORD108657,DS007,SKU0010,2025-08-06 11:08:35,Pick fail
SO108659_SKU0002,ORD108659,DS007,SKU0002,2025-08-06 16:44:20,Pick fail
SO108660_SKU0059,ORD108660,DS007,SKU0059,2025-08-06 21:19:43,Damaged
SO108667_SKU0033,ORD108667,DS007,SKU0033,2025-08-06 19:53:18,Pick fail
SO108672_SKU0047,ORD108672,DS007,SKU0047,2025-08-06 19:23:49,Expired
SO108673_SKU0054,ORD108673,DS007,SKU0054,2025-08-06 13:20:35,Damaged
SO108678_SKU0052,ORD108678,DS007,SKU0052,2025-08-06 11:37:12,Pick fail
SO108700_SKU0033,ORD108700,DS007,SKU0033,2025-08-06 19:56:38,Expired
SO108708_SKU0067,ORD108708,DS007,SKU0067,2025-08-06 19:50:55,Pick fail
SO108714_SKU0013,ORD108714,DS007,SKU0013,2025-08-06 16:09:02,Zero on hand
SO108725_SKU0068,ORD108725,DS007,SKU0068,2025-08-06 11:04:14,Damaged
SO108728_SKU0046,ORD108728,DS007,SKU0046,2025-08-06 20:04:03,Zero on hand
SO108731_SKU0075,ORD108731,DS007,SKU0075,2025-08-06 21:38:56,Expired
SO108735_SKU0072,ORD108735,DS008,SKU0072,2025-08-06 20:30:00,Damaged
SO108749_SKU0042,ORD108749,DS008,SKU0042,2025-08-06 18:16:41,Zero on hand
SO108760_SKU0067,ORD108760,DS008,SKU0067,2025-08-06 21:45:57,Damaged
SO108764_SKU0048,ORD108764,DS008,SKU0048,2025-08-06 14:38:06,Damaged
SO108799_SKU0038,ORD108799,DS008,SKU0038,2025-08-06 16:43:51,Damaged
SO108807_SKU0015,ORD108807,DS008,SKU0015,2025-08-06 22:54:32,Damaged
SO108813_SKU0045,ORD108813,DS008,SKU0045,2025-08-06 08:44:46,Zero on hand
SO108819_SKU0068,ORD108819,DS008,SKU0068,2025-08-06 17:41:23,Damaged
SO108854_SKU0062,ORD108854,DS009,SKU0062,2025-08-06 16:28:46,Damaged
SO108854_SKU0027,ORD108854,DS009,SKU0027,2025-08-06 16:28:46,Pick fail
SO108857_SKU0040,ORD108857,DS009,SKU0040,2025-08-06 13:42:55,Damaged
SO108857_SKU0051,ORD108857,DS009,SKU0051,2025-08-06 13:42:55,Damaged
SO108872_SKU0056,ORD108872,DS009,SKU0056,2025-08-06 11:37:17,Zero on hand
SO108878_SKU0063,ORD108878,DS009,SKU0063,2025-08-06 11:18:00,Pick fail
SO108889_SKU0001,ORD108889,DS009,SKU0001,2025-08-06 20:16:51,Zero on hand
SO108907_SKU0021,ORD108907,DS009,SKU0021,2025-08-06 19:12:27,Expired
SO108920_SKU0062,ORD108920,DS009,SKU0062,2025-08-06 08:44:05,Damaged
SO108920_SKU0048,ORD108920,DS009,SKU0048,2025-08-06 08:44:05,Expired
SO108921_SKU0004,ORD108921,DS009,SKU0004,2025-08-06 10:00:38,Damaged
SO108922_SKU0008,ORD108922,DS009,SKU0008,2025-08-06 19:58:27,Damaged
SO108922_SKU0003,ORD108922,DS009,SKU0003,2025-08-06 19:58:27,Zero on hand
SO108934_SKU0077,ORD108934,DS010,SKU0077,2025-08-06 08:50:43,Damaged
SO108960_SKU0041,ORD108960,DS010,SKU0041,2025-08-06 19:33:36,Zero on hand
SO108962_SKU0066,ORD108962,DS010,SKU0066,2025-08-06 11:25:20,Zero on hand
SO108967_SKU0031,ORD108967,DS010,SKU0031,2025-08-06 12:44:34,Pick fail
SO108973_SKU0052,ORD108973,DS010,SKU0052,2025-08-06 08:42:36,Pick fail
SO108977_SKU0076,ORD108977,DS010,SKU0076,2025-08-06 19:19:52,Pick fail
SO108981_SKU0061,ORD108981,DS010,SKU0061,2025-08-06 20:46:51,Expired
SO108982_SKU0048,ORD108982,DS010,SKU0048,2025-08-06 15:24:23,Damaged
SO109002_SKU0006,ORD109002,DS010,SKU0006,2025-08-06 22:07:31,Damaged
SO109008_SKU0002,ORD109008,DS010,SKU0002,2025-08-06 13:44:11,Zero on hand
SO109019_SKU0057,ORD109019,DS010,SKU0057,2025-08-06 15:38:43,Zero on hand
SO109019_SKU0076,ORD109019,DS010,SKU0076,2025-08-06 15:38:43,Expired
SO109021_SKU0077,ORD109021,DS010,SKU0077,2025-08-06 10:50:23,Zero on hand
SO109025_SKU0042,ORD109025,DS010,SKU0042,2025-08-06 11:51:44,Zero on hand
SO109029_SKU0026,ORD109029,DS010,SKU0026,2025-08-06 18:09:54,Pick fail
SO109033_SKU0030,ORD109033,DS011,SKU0030,2025-08-06 13:38:17,Expired
SO109035_SKU0053,ORD109035,DS011,SKU0053,2025-08-06 17:08:47,Zero on hand
SO109036_SKU0028,ORD109036,DS011,SKU0028,2025-08-06 19:35:01,Zero on hand
SO109040_SKU0060,ORD109040,DS011,SKU0060,2025-08-06 20:08:46,Zero on hand
SO109047_SKU0057,ORD109047,DS011,SKU0057,2025-08-06 17:33:42,Damaged
SO109055_SKU0030,ORD109055,DS011,SKU0030,2025-08-06 20:15:28,Pick fail
SO109063_SKU0029,ORD109063,DS011,SKU0029,2025-08-06 22:11:55,Zero on hand
SO109067_SKU0029,ORD109067,DS011,SKU0029,2025-08-06 09:01:52,Expired
SO109080_SKU0019,ORD109080,DS011,SKU0019,2025-08-06 20:11:37,Expired
SO109086_SKU0074,ORD109086,DS011,SKU0074,2025-08-06 18:40:21,Zero on hand
SO109087_SKU0018,ORD109087,DS011,SKU0018,2025-08-06 12:52:54,Pick fail
SO109093_SKU0040,ORD109093,DS011,SKU0040,2025-08-06 19:29:52,Damaged
SO109095_SKU0031,ORD109095,DS011,SKU0031,2025-08-06 16:33:02,Zero on hand
SO109103_SKU0056,ORD109103,DS012,SKU0056,2025-08-06 17:45:49,Pick fail
SO109104_SKU0033,ORD109104,DS012,SKU0033,2025-08-06 14:40:54,Zero on hand
SO109104_SKU0008,ORD109104,DS012,SKU0008,2025-08-06 14:40:54,Zero on hand
SO109121_SKU0050,ORD109121,DS012,SKU0050,2025-08-06 17:54:32,Expired
SO109130_SKU0056,ORD109130,DS012,SKU0056,2025-08-06 14:22:12,Expired
SO109132_SKU0001,ORD109132,DS012,SKU0001,2025-08-06 14:35:41,Damaged
SO109134_SKU0012,ORD109134,DS012,SKU0012,2025-08-06 17:42:33,Expired
SO109144_SKU0068,ORD109144,DS012,SKU0068,2025-08-06 13:42:39,Pick fail
SO109148_SKU0048,ORD109148,DS012,SKU0048,2025-08-06 18:59:09,Zero on hand
SO109161_SKU0067,ORD109161,DS012,SKU0067,2025-08-06 17:17:08,Zero on hand
SO109162_SKU0004,ORD109162,DS012,SKU0004,2025-08-06 16:10:41,Pick fail
SO109164_SKU0058,ORD109164,DS012,SKU0058,2025-08-06 14:05:01,Pick fail
SO109192_SKU0066,ORD109192,DS013,SKU0066,2025-08-06 20:11:09,Expired
SO109206_SKU0008,ORD109206,DS013,SKU0008,2025-08-06 10:01:02,Damaged
SO109220_SKU0004,ORD109220,DS013,SKU0004,2025-08-06 23:53:13,Expired
SO109237_SKU0063,ORD109237,DS013,SKU0063,2025-08-06 17:40:13,Damaged
SO109239_SKU0030,ORD109239,DS014,SKU0030,2025-08-06 19:27:58,Zero on hand
SO109239_SKU0003,ORD109239,DS014,SKU0003,2025-08-06 19:27:58,Expired
SO109240_SKU0032,ORD109240,DS014,SKU0032,2025-08-06 17:53:44,Pick fail
SO109241_SKU0051,ORD109241,DS014,SKU0051,2025-08-06 18:15:23,Damaged
SO109255_SKU0014,ORD109255,DS014,SKU0014,2025-08-06 20:18:47,Pick fail
SO109262_SKU0051,ORD109262,DS014,SKU0051,2025-08-06 13:03:57,Pick fail
SO109271_SKU0048,ORD109271,DS014,SKU0048,2025-08-06 18:10:45,Pick fail
SO109276_SKU0077,ORD109276,DS014,SKU0077,2025-08-06 12:55:26,Pick fail
SO109280_SKU0072,ORD109280,DS014,SKU0072,2025-08-06 19:49:48,Expired
SO109292_SKU0049,ORD109292,DS014,SKU0049,2025-08-06 23:06:48,Pick fail
SO109306_SKU0047,ORD109306,DS014,SKU0047,2025-08-06 08:43:16,Pick fail
SO109314_SKU0057,ORD109314,DS014,SKU0057,2025-08-06 20:38:47,Pick fail
SO109319_SKU0071,ORD109319,DS014,SKU0071,2025-08-06 09:03:07,Zero on hand
SO109322_SKU0074,ORD109322,DS014,SKU0074,2025-08-06 13:12:18,Damaged
SO109324_SKU0021,ORD109324,DS014,SKU0021,2025-08-06 19:06:17,Damaged
SO109326_SKU0077,ORD109326,DS014,SKU0077,2025-08-06 18:16:36,Expired
SO109336_SKU0064,ORD109336,DS014,SKU0064,2025-08-06 12:10:57,Damaged
SO109336_SKU0047,ORD109336,DS014,SKU0047,2025-08-06 12:10:57,Damaged
SO109338_SKU0045,ORD109338,DS014,SKU0045,2025-08-06 20:43:48,Damaged
SO109345_SKU0031,ORD109345,DS014,SKU0031,2025-08-06 15:38:23,Zero on hand
SO109345_SKU0024,ORD109345,DS014,SKU0024,2025-08-06 15:38:23,Zero on hand
SO109348_SKU0049,ORD109348,DS015,SKU0049,2025-08-06 18:36:44,Zero on hand
SO109352_SKU0001,ORD109352,DS015,SKU0001,2025-08-06 18:08:06,Damaged
SO109356_SKU0024,ORD109356,DS015,SKU0024,2025-08-06 19:28:10,Zero on hand
SO109369_SKU0049,ORD109369,DS015,SKU0049,2025-08-06 14:52:44,Zero on hand
SO109376_SKU0056,ORD109376,DS015,SKU0056,2025-08-06 17:55:00,Damaged
SO109376_SKU0059,ORD109376,DS015,SKU0059,2025-08-06 17:55:00,Expired
SO109382_SKU0067,ORD109382,DS015,SKU0067,2025-08-06 10:27:56,Expired
SO109384_SKU0064,ORD109384,DS015,SKU0064,2025-08-06 09:44:26,Expired
SO109387_SKU0029,ORD109387,DS015,SKU0029,2025-08-06 18:44:23,Zero on hand
SO109420_SKU0034,ORD109420,DS016,SKU0034,2025-08-06 20:49:18,Pick fail
SO109432_SKU0062,ORD109432,DS016,SKU0062,2025-08-06 16:56:13,Expired
SO109444_SKU0018,ORD109444,DS016,SKU0018,2025-08-06 17:49:42,Zero on hand
SO109446_SKU0039,ORD109446,DS016,SKU0039,2025-08-06 19:36:18,Pick fail
SO109462_SKU0078,ORD109462,DS016,SKU0078,2025-08-06 19:07:22,Pick fail
SO109465_SKU0045,ORD109465,DS016,SKU0045,2025-08-06 19:01:33,Damaged
SO109470_SKU0077,ORD109470,DS016,SKU0077,2025-08-06 20:01:18,Pick fail
SO109485_SKU0040,ORD109485,DS016,SKU0040,2025-08-06 18:30:26,Expired
SO109494_SKU0054,ORD109494,DS016,SKU0054,2025-08-06 20:44:52,Damaged
SO109497_SKU0002,ORD109497,DS016,SKU0002,2025-08-06 20:53:12,Zero on hand
SO109500_SKU0007,ORD109500,DS016,SKU0007,2025-08-06 15:46:39,Zero on hand
SO109503_SKU0010,ORD109503,DS016,SKU0010,2025-08-06 18:10:36,Expired
SO109509_SKU0046,ORD109509,DS016,SKU0046,2025-08-06 12:04:46,Pick fail
SO109519_SKU0072,ORD109519,DS016,SKU0072,2025-08-06 09:13:04,Expired
SO109523_SKU0078,ORD109523,DS016,SKU0078,2025-08-06 20:46:54,Zero on hand
SO109526_SKU0013,ORD109526,DS016,SKU0013,2025-08-06 11:42:14,Expired
SO109527_SKU0051,ORD109527,DS016,SKU0051,2025-08-06 18:05:22,Zero on hand
SO109532_SKU0007,ORD109532,DS016,SKU0007,2025-08-06 13:34:34,Zero on hand
SO109533_SKU0065,ORD109533,DS016,SKU0065,2025-08-06 18:41:53,Pick fail
SO109536_SKU0057,ORD109536,DS016,SKU0057,2025-08-06 09:34:11,Pick fail
SO109539_SKU0005,ORD109539,DS016,SKU0005,2025-08-06 18:48:45,Pick fail
SO109546_SKU0060,ORD109546,DS016,SKU0060,2025-08-06 17:24:32,Damaged
SO109551_SKU0078,ORD109551,DS016,SKU0078,2025-08-06 17:20:38,Damaged
SO109556_SKU0051,ORD109556,DS016,SKU0051,2025-08-06 10:00:10,Damaged
SO109571_SKU0004,ORD109571,DS017,SKU0004,2025-08-06 10:31:08,Damaged
SO109572_SKU0053,ORD109572,DS017,SKU0053,2025-08-06 13:04:52,Expired
SO109577_SKU0005,ORD109577,DS017,SKU0005,2025-08-06 12:53:19,Damaged
SO109581_SKU0046,ORD109581,DS017,SKU0046,2025-08-06 13:15:00,Pick fail
SO109585_SKU0008,ORD109585,DS017,SKU0008,2025-08-06 21:52:20,Pick fail
SO109589_SKU0020,ORD109589,DS017,SKU0020,2025-08-06 20:11:43,Damaged
SO109591_SKU0022,ORD109591,DS017,SKU0022,2025-08-06 17:04:49,Expired
SO109601_SKU0025,ORD109601,DS017,SKU0025,2025-08-06 22:19:43,Damaged
SO109610_SKU0011,ORD109610,DS017,SKU0011,2025-08-06 22:14:22,Pick fail
SO109622_SKU0044,ORD109622,DS017,SKU0044,2025-08-06 15:40:52,Expired
SO109623_SKU0001,ORD109623,DS017,SKU0001,2025-08-06 19:59:28,Expired
SO109624_SKU0061,ORD109624,DS017,SKU0061,2025-08-06 13:45:07,Expired
SO109634_SKU0009,ORD109634,DS017,SKU0009,2025-08-06 22:11:39,Zero on hand
SO109639_SKU0040,ORD109639,DS017,SKU0040,2025-08-06 12:16:27,Expired
SO109647_SKU0053,ORD109647,DS017,SKU0053,2025-08-06 21:20:17,Zero on hand
SO109655_SKU0059,ORD109655,DS017,SKU0059,2025-08-06 17:18:42,Pick fail
SO109656_SKU0007,ORD109656,DS017,SKU0007,2025-08-06 14:07:21,Damaged
SO109669_SKU0009,ORD109669,DS017,SKU0009,2025-08-06 12:12:34,Pick fail
SO109673_SKU0003,ORD109673,DS017,SKU0003,2025-08-06 16:37:50,Expired
SO109675_SKU0004,ORD109675,DS017,SKU0004,2025-08-06 14:03:22,Damaged
SO109685_SKU0058,ORD109685,DS001,SKU0058,2025-08-07 19:34:06,Expired
SO109687_SKU0001,ORD109687,DS001,SKU0001,2025-08-07 20:25:52,Expired
SO109697_SKU0072,ORD109697,DS001,SKU0072,2025-08-07 19:28:28,Zero on hand
SO109709_SKU0051,ORD109709,DS001,SKU0051,2025-08-07 13:50:53,Pick fail
SO109742_SKU0020,ORD109742,DS001,SKU0020,2025-08-07 19:42:42,Pick fail
SO109745_SKU0059,ORD109745,DS001,SKU0059,2025-08-07 18:37:51,Pick fail
SO109747_SKU0061,ORD109747,DS001,SKU0061,2025-08-07 10:21:37,Pick fail
SO109759_SKU0013,ORD109759,DS001,SKU0013,2025-08-07 15:19:56,Zero on hand
SO109763_SKU0011,ORD109763,DS001,SKU0011,2025-08-07 20:43:54,Zero on hand
SO109774_SKU0064,ORD109774,DS002,SKU0064,2025-08-07 13:50:25,Pick fail
SO109784_SKU0049,ORD109784,DS002,SKU0049,2025-08-07 20:26:13,Damaged
SO109788_SKU0001,ORD109788,DS002,SKU0001,2025-08-07 11:37:15,Expired
SO109788_SKU0057,ORD109788,DS002,SKU0057,2025-08-07 11:37:15,Pick fail
SO109789_SKU0047,ORD109789,DS002,SKU0047,2025-08-07 19:24:06,Zero on hand
SO109793_SKU0058,ORD109793,DS002,SKU0058,2025-08-07 14:30:42,Expired
SO109796_SKU0017,ORD109796,DS002,SKU0017,2025-08-07 08:48:49,Expired
SO109803_SKU0007,ORD109803,DS002,SKU0007,2025-08-07 10:35:53,Expired
SO109804_SKU0006,ORD109804,DS002,SKU0006,2025-08-07 18:16:50,Expired
SO109807_SKU0036,ORD109807,DS002,SKU0036,2025-08-07 17:11:43,Pick fail
SO109815_SKU0061,ORD109815,DS002,SKU0061,2025-08-07 19:41:32,Expired
SO109820_SKU0061,ORD109820,DS002,SKU0061,2025-08-07 12:18:28,Damaged
SO109824_SKU0047,ORD109824,DS002,SKU0047,2025-08-07 13:48:29,Expired
SO109832_SKU0022,ORD109832,DS002,SKU0022,2025-08-07 15:34:38,Zero on hand
SO109833_SKU0020,ORD109833,DS002,SKU0020,2025-08-07 18:59:37,Expired
SO109836_SKU0067,ORD109836,DS002,SKU0067,2025-08-07 12:40:29,Expired
SO109837_SKU0012,ORD109837,DS002,SKU0012,2025-08-07 09:04:41,Pick fail
SO109839_SKU0058,ORD109839,DS002,SKU0058,2025-08-07 10:26:26,Expired
SO109840_SKU0043,ORD109840,DS002,SKU0043,2025-08-07 17:16:00,Damaged
SO109842_SKU0006,ORD109842,DS002,SKU0006,2025-08-07 18:23:50,Zero on hand
SO109848_SKU0072,ORD109848,DS002,SKU0072,2025-08-07 12:17:20,Damaged
SO109851_SKU0048,ORD109851,DS002,SKU0048,2025-08-07 17:47:04,Pick fail
SO109856_SKU0060,ORD109856,DS002,SKU0060,2025-08-07 19:09:23,Damaged
SO109858_SKU0050,ORD109858,DS002,SKU0050,2025-08-07 17:20:52,Expired
SO109860_SKU0062,ORD109860,DS002,SKU0062,2025-08-07 09:52:21,Damaged
SO109862_SKU0011,ORD109862,DS002,SKU0011,2025-08-07 19:05:44,Pick fail
SO109879_SKU0060,ORD109879,DS003,SKU0060,2025-08-07 19:20:44,Pick fail
SO109888_SKU0050,ORD109888,DS003,SKU0050,2025-08-07 15:39:34,Pick fail
SO109893_SKU0046,ORD109893,DS003,SKU0046,2025-08-07 21:07:14,Zero on hand
SO109894_SKU0067,ORD109894,DS003,SKU0067,2025-08-07 20:22:05,Expired
SO109905_SKU0066,ORD109905,DS003,SKU0066,2025-08-07 19:26:29,Zero on hand
SO109907_SKU0046,ORD109907,DS003,SKU0046,2025-08-07 10:24:36,Damaged
SO109928_SKU0068,ORD109928,DS003,SKU0068,2025-08-07 19:02:36,Zero on hand
SO109935_SKU0008,ORD109935,DS003,SKU0008,2025-08-07 20:46:00,Damaged
SO109952_SKU0036,ORD109952,DS004,SKU0036,2025-08-07 21:35:46,Zero on hand
SO109953_SKU0078,ORD109953,DS004,SKU0078,2025-08-07 14:28:52,Expired
SO109980_SKU0066,ORD109980,DS004,SKU0066,2025-08-07 15:37:55,Pick fail
SO109985_SKU0064,ORD109985,DS004,SKU0064,2025-08-07 16:22:38,Pick fail
SO110003_SKU0004,ORD110003,DS004,SKU0004,2025-08-07 17:57:19,Expired
SO110015_SKU0002,ORD110015,DS005,SKU0002,2025-08-07 08:42:23,Damaged
SO110015_SKU0061,ORD110015,DS005,SKU0061,2025-08-07 08:42:23,Zero on hand
SO110027_SKU0023,ORD110027,DS005,SKU0023,2025-08-07 16:14:32,Expired
SO110027_SKU0009,ORD110027,DS005,SKU0009,2025-08-07 16:14:32,Damaged
SO110030_SKU0015,ORD110030,DS005,SKU0015,2025-08-07 19:30:38,Expired
SO110031_SKU0069,ORD110031,DS005,SKU0069,2025-08-07 08:44:18,Expired
SO110033_SKU0059,ORD110033,DS005,SKU0059,2025-08-07 11:35:34,Pick fail
SO110037_SKU0062,ORD110037,DS005,SKU0062,2025-08-07 14:12:45,Zero on hand
SO110043_SKU0046,ORD110043,DS005,SKU0046,2025-08-07 12:58:44,Expired
SO110052_SKU0061,ORD110052,DS005,SKU0061,2025-08-07 17:19:58,Zero on hand
SO110070_SKU0050,ORD110070,DS005,SKU0050,2025-08-07 09:33:28,Damaged
SO110071_SKU0065,ORD110071,DS005,SKU0065,2025-08-07 08:52:50,Zero on hand
SO110076_SKU0006,ORD110076,DS005,SKU0006,2025-08-07 17:45:34,Expired
SO110077_SKU0072,ORD110077,DS005,SKU0072,2025-08-07 18:25:33,Damaged
SO110082_SKU0003,ORD110082,DS005,SKU0003,2025-08-07 14:50:35,Pick fail
SO110085_SKU0010,ORD110085,DS005,SKU0010,2025-08-07 10:44:15,Pick fail
SO110088_SKU0070,ORD110088,DS005,SKU0070,2025-08-07 12:38:28,Expired
SO110092_SKU0057,ORD110092,DS005,SKU0057,2025-08-07 13:29:55,Pick fail
SO110134_SKU0028,ORD110134,DS006,SKU0028,2025-08-07 19:14:31,Damaged
SO110140_SKU0054,ORD110140,DS006,SKU0054,2025-08-07 19:09:05,Pick fail
SO110140_SKU0060,ORD110140,DS006,SKU0060,2025-08-07 19:09:05,Pick fail
SO110148_SKU0058,ORD110148,DS006,SKU0058,2025-08-07 18:06:25,Zero on hand
SO110151_SKU0045,ORD110151,DS006,SKU0045,2025-08-07 18:39:27,Zero on hand
SO110164_SKU0054,ORD110164,DS006,SKU0054,2025-08-07 12:06:09,Pick fail
SO110167_SKU0055,ORD110167,DS006,SKU0055,2025-08-07 17:40:57,Zero on hand
SO110176_SKU0013,ORD110176,DS006,SKU0013,2025-08-07 12:01:51,Pick fail
SO110176_SKU0042,ORD110176,DS006,SKU0042,2025-08-07 12:01:51,Zero on hand
SO110177_SKU0031,ORD110177,DS006,SKU0031,2025-08-07 17:03:06,Expired
SO110179_SKU0008,ORD110179,DS006,SKU0008,2025-08-07 18:12:04,Expired
SO110186_SKU0019,ORD110186,DS007,SKU0019,2025-08-07 21:11:43,Pick fail
SO110188_SKU0063,ORD110188,DS007,SKU0063,2025-08-07 20:52:57,Pick fail
SO110193_SKU0011,ORD110193,DS007,SKU0011,2025-08-07 20:27:34,Zero on hand
SO110193_SKU0058,ORD110193,DS007,SKU0058,2025-08-07 20:27:34,Pick fail
SO110207_SKU0010,ORD110207,DS007,SKU0010,2025-08-07 16:08:33,Damaged
SO110209_SKU0003,ORD110209,DS007,SKU0003,2025-08-07 13:55:03,Expired
SO110219_SKU0052,ORD110219,DS007,SKU0052,2025-08-07 11:33:17,Pick fail
SO110224_SKU0050,ORD110224,DS007,SKU0050,2025-08-07 09:30:32,Expired
SO110227_SKU0009,ORD110227,DS007,SKU0009,2025-08-07 16:30:37,Damaged
SO110235_SKU0063,ORD110235,DS007,SKU0063,2025-08-07 19:11:39,Expired
SO110247_SKU0028,ORD110247,DS007,SKU0028,2025-08-07 18:15:20,Expired
SO110252_SKU0070,ORD110252,DS007,SKU0070,2025-08-07 20:01:19,Zero on hand
SO110254_SKU0039,ORD110254,DS007,SKU0039,2025-08-07 17:37:19,Expired
SO110254_SKU0077,ORD110254,DS007,SKU0077,2025-08-07 17:37:19,Expired
SO110279_SKU0009,ORD110279,DS007,SKU0009,2025-08-07 19:46:02,Zero on hand
SO110283_SKU0005,ORD110283,DS008,SKU0005,2025-08-07 17:03:10,Damaged
SO110290_SKU0006,ORD110290,DS008,SKU0006,2025-08-07 14:21:38,Damaged
SO110295_SKU0042,ORD110295,DS008,SKU0042,2025-08-07 13:29:19,Expired
SO110311_SKU0063,ORD110311,DS008,SKU0063,2025-08-07 16:34:45,Damaged
SO110313_SKU0048,ORD110313,DS008,SKU0048,2025-08-07 20:44:39,Expired
SO110320_SKU0020,ORD110320,DS008,SKU0020,2025-08-07 19:29:10,Damaged
SO110321_SKU0021,ORD110321,DS008,SKU0021,2025-08-07 15:03:58,Zero on hand
SO110323_SKU0068,ORD110323,DS008,SKU0068,2025-08-07 15:14:13,Expired
SO110335_SKU0001,ORD110335,DS008,SKU0001,2025-08-07 17:05:32,Zero on hand
SO110343_SKU0005,ORD110343,DS008,SKU0005,2025-08-07 17:46:03,Expired
SO110343_SKU0014,ORD110343,DS008,SKU0014,2025-08-07 17:46:03,Damaged
SO110344_SKU0009,ORD110344,DS008,SKU0009,2025-08-07 21:06:34,Expired
SO110353_SKU0030,ORD110353,DS008,SKU0030,2025-08-07 11:36:21,Damaged
SO110373_SKU0068,ORD110373,DS009,SKU0068,2025-08-07 12:02:17,Zero on hand
SO110377_SKU0049,ORD110377,DS009,SKU0049,2025-08-07 14:11:59,Damaged
SO110379_SKU0011,ORD110379,DS009,SKU0011,2025-08-07 13:56:19,Damaged
SO110406_SKU0025,ORD110406,DS009,SKU0025,2025-08-07 20:08:12,Pick fail
SO110408_SKU0037,ORD110408,DS009,SKU0037,2025-08-07 12:04:15,Expired
SO110409_SKU0002,ORD110409,DS009,SKU0002,2025-08-07 17:13:33,Pick fail
SO110411_SKU0060,ORD110411,DS009,SKU0060,2025-08-07 19:02:28,Zero on hand
SO110416_SKU0020,ORD110416,DS009,SKU0020,2025-08-07 12:08:47,Damaged
SO110428_SKU0016,ORD110428,DS009,SKU0016,2025-08-07 20:42:04,Expired
SO110430_SKU0059,ORD110430,DS009,SKU0059,2025-08-07 20:28:14,Expired
SO110452_SKU0002,ORD110452,DS010,SKU0002,2025-08-07 09:47:09,Pick fail
SO110454_SKU0031,ORD110454,DS010,SKU0031,2025-08-07 22:02:31,Expired
SO110459_SKU0048,ORD110459,DS010,SKU0048,2025-08-07 20:01:04,Expired
SO110469_SKU0058,ORD110469,DS010,SKU0058,2025-08-07 16:17:40,Pick fail
SO110469_SKU0069,ORD110469,DS010,SKU0069,2025-08-07 16:17:40,Expired
SO110469_SKU0051,ORD110469,DS010,SKU0051,2025-08-07 16:17:40,Zero on hand
SO110489_SKU0066,ORD110489,DS010,SKU0066,2025-08-07 10:55:02,Damaged
SO110505_SKU0008,ORD110505,DS010,SKU0008,2025-08-07 16:09:59,Zero on hand
SO110509_SKU0056,ORD110509,DS010,SKU0056,2025-08-07 15:02:04,Pick fail
SO110534_SKU0012,ORD110534,DS010,SKU0012,2025-08-07 13:56:56,Damaged
SO110547_SKU0066,ORD110547,DS010,SKU0066,2025-08-07 18:10:59,Damaged
SO110560_SKU0064,ORD110560,DS011,SKU0064,2025-08-07 14:52:01,Expired
SO110564_SKU0039,ORD110564,DS011,SKU0039,2025-08-07 19:49:05,Damaged
SO110565_SKU0079,ORD110565,DS011,SKU0079,2025-08-07 16:04:59,Expired
SO110566_SKU0008,ORD110566,DS011,SKU0008,2025-08-07 18:54:34,Damaged
SO110570_SKU0038,ORD110570,DS011,SKU0038,2025-08-07 19:38:37,Damaged
SO110571_SKU0008,ORD110571,DS011,SKU0008,2025-08-07 12:08:03,Expired
SO110579_SKU0065,ORD110579,DS011,SKU0065,2025-08-07 20:30:39,Pick fail
SO110595_SKU0054,ORD110595,DS011,SKU0054,2025-08-07 11:18:35,Damaged
SO110626_SKU0022,ORD110626,DS012,SKU0022,2025-08-07 12:19:15,Damaged
SO110633_SKU0051,ORD110633,DS012,SKU0051,2025-08-07 13:35:43,Pick fail
SO110642_SKU0058,ORD110642,DS012,SKU0058,2025-08-07 14:23:37,Zero on hand
SO110645_SKU0037,ORD110645,DS012,SKU0037,2025-08-07 09:21:55,Damaged
SO110650_SKU0045,ORD110650,DS012,SKU0045,2025-08-07 08:02:26,Pick fail
SO110674_SKU0046,ORD110674,DS012,SKU0046,2025-08-07 09:48:37,Zero on hand
SO110676_SKU0066,ORD110676,DS012,SKU0066,2025-08-07 17:06:30,Expired
SO110676_SKU0059,ORD110676,DS012,SKU0059,2025-08-07 17:06:30,Zero on hand
SO110677_SKU0074,ORD110677,DS012,SKU0074,2025-08-07 19:20:00,Damaged
SO110678_SKU0045,ORD110678,DS012,SKU0045,2025-08-07 20:01:50,Expired
SO110687_SKU0055,ORD110687,DS012,SKU0055,2025-08-07 17:47:31,Expired
SO110696_SKU0021,ORD110696,DS013,SKU0021,2025-08-07 21:50:16,Damaged
SO110703_SKU0007,ORD110703,DS013,SKU0007,2025-08-07 18:02:31,Damaged
SO110724_SKU0054,ORD110724,DS013,SKU0054,2025-08-07 20:36:09,Zero on hand
SO110725_SKU0075,ORD110725,DS013,SKU0075,2025-08-07 09:43:16,Zero on hand
SO110734_SKU0006,ORD110734,DS013,SKU0006,2025-08-07 19:20:02,Zero on hand
SO110744_SKU0063,ORD110744,DS013,SKU0063,2025-08-07 12:37:46,Zero on hand
SO110768_SKU0070,ORD110768,DS014,SKU0070,2025-08-07 20:10:12,Pick fail
SO110773_SKU0045,ORD110773,DS014,SKU0045,2025-08-07 19:15:30,Expired
SO110780_SKU0074,ORD110780,DS014,SKU0074,2025-08-07 11:47:33,Pick fail
SO110794_SKU0077,ORD110794,DS014,SKU0077,2025-08-07 19:17:05,Expired
SO110794_SKU0050,ORD110794,DS014,SKU0050,2025-08-07 19:17:05,Damaged
SO110798_SKU0059,ORD110798,DS014,SKU0059,2025-08-07 13:46:59,Damaged
SO110805_SKU0003,ORD110805,DS014,SKU0003,2025-08-07 19:20:01,Expired
SO110806_SKU0006,ORD110806,DS014,SKU0006,2025-08-07 13:23:55,Zero on hand
SO110807_SKU0076,ORD110807,DS014,SKU0076,2025-08-07 10:03:13,Damaged
SO110808_SKU0058,ORD110808,DS014,SKU0058,2025-08-07 11:09:50,Pick fail
SO110814_SKU0008,ORD110814,DS014,SKU0008,2025-08-07 11:38:21,Zero on hand
SO110815_SKU0009,ORD110815,DS014,SKU0009,2025-08-07 18:18:46,Damaged
SO110816_SKU0022,ORD110816,DS014,SKU0022,2025-08-07 15:41:50,Damaged
SO110817_SKU0014,ORD110817,DS014,SKU0014,2025-08-07 18:41:46,Zero on hand
SO110818_SKU0057,ORD110818,DS014,SKU0057,2025-08-07 11:02:20,Pick fail
SO110819_SKU0015,ORD110819,DS014,SKU0015,2025-08-07 12:18:38,Pick fail
SO110824_SKU0029,ORD110824,DS014,SKU0029,2025-08-07 18:54:49,Damaged
SO110841_SKU0051,ORD110841,DS014,SKU0051,2025-08-07 20:14:59,Expired
SO110845_SKU0006,ORD110845,DS014,SKU0006,2025-08-07 19:01:05,Pick fail
SO110850_SKU0059,ORD110850,DS015,SKU0059,2025-08-07 20:09:31,Damaged
SO110855_SKU0030,ORD110855,DS015,SKU0030,2025-08-07 19:28:45,Damaged
SO110865_SKU0003,ORD110865,DS015,SKU0003,2025-08-07 12:44:02,Zero on hand
SO110884_SKU0040,ORD110884,DS015,SKU0040,2025-08-07 10:24:45,Zero on hand
SO110887_SKU0055,ORD110887,DS015,SKU0055,2025-08-07 13:33:55,Zero on hand
SO110931_SKU0009,ORD110931,DS016,SKU0009,2025-08-07 16:51:41,Damaged
SO110936_SKU0004,ORD110936,DS016,SKU0004,2025-08-07 10:56:40,Damaged
SO110941_SKU0067,ORD110941,DS016,SKU0067,2025-08-07 16:07:53,Expired
SO110948_SKU0080,ORD110948,DS016,SKU0080,2025-08-07 09:38:09,Damaged
SO110954_SKU0017,ORD110954,DS016,SKU0017,2025-08-07 17:15:50,Pick fail
SO110978_SKU0005,ORD110978,DS016,SKU0005,2025-08-07 14:06:03,Expired
SO110982_SKU0064,ORD110982,DS016,SKU0064,2025-08-07 10:58:17,Zero on hand
SO110985_SKU0006,ORD110985,DS016,SKU0006,2025-08-07 21:21:23,Damaged
SO110990_SKU0022,ORD110990,DS016,SKU0022,2025-08-07 16:43:04,Zero on hand
SO111002_SKU0003,ORD111002,DS016,SKU0003,2025-08-07 10:48:03,Expired
SO111006_SKU0049,ORD111006,DS016,SKU0049,2025-08-07 08:03:45,Zero on hand
SO111021_SKU0044,ORD111021,DS016,SKU0044,2025-08-07 22:27:40,Damaged
SO111026_SKU0040,ORD111026,DS016,SKU0040,2025-08-07 18:40:13,Expired
SO111032_SKU0045,ORD111032,DS016,SKU0045,2025-08-07 21:02:12,Pick fail
SO111034_SKU0055,ORD111034,DS016,SKU0055,2025-08-07 20:04:07,Zero on hand
SO111039_SKU0020,ORD111039,DS016,SKU0020,2025-08-07 15:26:41,Zero on hand
SO111045_SKU0006,ORD111045,DS016,SKU0006,2025-08-07 12:03:04,Zero on hand
SO111047_SKU0077,ORD111047,DS016,SKU0077,2025-08-07 18:44:01,Damaged
SO111054_SKU0076,ORD111054,DS017,SKU0076,2025-08-07 19:33:36,Expired
SO111058_SKU0021,ORD111058,DS017,SKU0021,2025-08-07 12:23:56,Damaged
SO111079_SKU0060,ORD111079,DS017,SKU0060,2025-08-07 12:07:00,Damaged
SO111083_SKU0009,ORD111083,DS017,SKU0009,2025-08-07 08:35:32,Damaged
SO111083_SKU0023,ORD111083,DS017,SKU0023,2025-08-07 08:35:32,Zero on hand
SO111089_SKU0026,ORD111089,DS017,SKU0026,2025-08-07 19:03:35,Damaged
SO111090_SKU0061,ORD111090,DS017,SKU0061,2025-08-07 09:12:52,Damaged
SO111091_SKU0070,ORD111091,DS017,SKU0070,2025-08-07 16:15:56,Zero on hand
SO111095_SKU0050,ORD111095,DS017,SKU0050,2025-08-07 13:38:29,Zero on hand
SO111114_SKU0060,ORD111114,DS017,SKU0060,2025-08-07 11:53:21,Expired
SO111126_SKU0007,ORD111126,DS017,SKU0007,2025-08-07 19:32:19,Expired
SO111128_SKU0002,ORD111128,DS017,SKU0002,2025-08-07 18:05:52,Expired
SO111140_SKU0014,ORD111140,DS017,SKU0014,2025-08-07 20:37:20,Expired
SO111143_SKU0044,ORD111143,DS017,SKU0044,2025-08-07 21:45:17,Pick fail
SO111153_SKU0052,ORD111153,DS001,SKU0052,2025-08-08 18:05:12,Zero on hand
SO111171_SKU0054,ORD111171,DS001,SKU0054,2025-08-08 15:59:29,Pick fail
SO111199_SKU0032,ORD111199,DS001,SKU0032,2025-08-08 20:14:46,Pick fail
SO111209_SKU0037,ORD111209,DS001,SKU0037,2025-08-08 20:45:07,Expired
SO111217_SKU0065,ORD111217,DS001,SKU0065,2025-08-08 19:20:30,Expired
SO111220_SKU0035,ORD111220,DS001,SKU0035,2025-08-08 18:26:30,Damaged
SO111225_SKU0050,ORD111225,DS001,SKU0050,2025-08-08 18:25:46,Expired
SO111238_SKU0060,ORD111238,DS001,SKU0060,2025-08-08 17:17:47,Zero on hand
SO111243_SKU0036,ORD111243,DS001,SKU0036,2025-08-08 20:25:22,Damaged
SO111243_SKU0029,ORD111243,DS001,SKU0029,2025-08-08 20:25:22,Zero on hand
SO111251_SKU0031,ORD111251,DS001,SKU0031,2025-08-08 20:09:18,Zero on hand
SO111262_SKU0067,ORD111262,DS001,SKU0067,2025-08-08 16:44:20,Zero on hand
SO111265_SKU0063,ORD111265,DS001,SKU0063,2025-08-08 12:57:10,Pick fail
SO111270_SKU0062,ORD111270,DS001,SKU0062,2025-08-08 10:43:34,Zero on hand
SO111276_SKU0068,ORD111276,DS002,SKU0068,2025-08-08 22:52:54,Damaged
SO111288_SKU0051,ORD111288,DS002,SKU0051,2025-08-08 18:26:26,Damaged
SO111289_SKU0046,ORD111289,DS002,SKU0046,2025-08-08 08:07:22,Pick fail
SO111301_SKU0029,ORD111301,DS002,SKU0029,2025-08-08 13:57:25,Pick fail
SO111306_SKU0022,ORD111306,DS002,SKU0022,2025-08-08 19:23:53,Pick fail
SO111307_SKU0018,ORD111307,DS002,SKU0018,2025-08-08 18:04:17,Pick fail
SO111307_SKU0069,ORD111307,DS002,SKU0069,2025-08-08 18:04:17,Expired
SO111318_SKU0024,ORD111318,DS002,SKU0024,2025-08-08 22:52:46,Zero on hand
SO111319_SKU0046,ORD111319,DS002,SKU0046,2025-08-08 16:05:53,Damaged
SO111319_SKU0001,ORD111319,DS002,SKU0001,2025-08-08 16:05:53,Damaged
SO111328_SKU0076,ORD111328,DS002,SKU0076,2025-08-08 10:10:34,Pick fail
SO111334_SKU0039,ORD111334,DS002,SKU0039,2025-08-08 18:20:41,Zero on hand
SO111341_SKU0067,ORD111341,DS002,SKU0067,2025-08-08 16:10:17,Expired
SO111344_SKU0027,ORD111344,DS002,SKU0027,2025-08-08 19:36:53,Expired
SO111348_SKU0057,ORD111348,DS002,SKU0057,2025-08-08 10:11:59,Pick fail
SO111355_SKU0066,ORD111355,DS002,SKU0066,2025-08-08 11:42:50,Pick fail
SO111368_SKU0077,ORD111368,DS002,SKU0077,2025-08-08 19:45:51,Pick fail
SO111368_SKU0046,ORD111368,DS002,SKU0046,2025-08-08 19:45:51,Damaged
SO111377_SKU0034,ORD111377,DS002,SKU0034,2025-08-08 20:41:25,Pick fail
SO111382_SKU0054,ORD111382,DS002,SKU0054,2025-08-08 19:14:54,Expired
SO111392_SKU0062,ORD111392,DS003,SKU0062,2025-08-08 12:00:54,Pick fail
SO111412_SKU0054,ORD111412,DS003,SKU0054,2025-08-08 11:46:35,Damaged
SO111417_SKU0067,ORD111417,DS003,SKU0067,2025-08-08 10:52:15,Damaged
SO111431_SKU0049,ORD111431,DS003,SKU0049,2025-08-08 21:51:55,Zero on hand
SO111433_SKU0018,ORD111433,DS003,SKU0018,2025-08-08 16:31:21,Damaged
SO111433_SKU0077,ORD111433,DS003,SKU0077,2025-08-08 16:31:21,Damaged
SO111437_SKU0059,ORD111437,DS003,SKU0059,2025-08-08 20:27:31,Expired
SO111450_SKU0042,ORD111450,DS003,SKU0042,2025-08-08 16:26:06,Zero on hand
SO111452_SKU0035,ORD111452,DS003,SKU0035,2025-08-08 18:26:04,Expired
SO111460_SKU0024,ORD111460,DS003,SKU0024,2025-08-08 11:54:41,Expired
SO111464_SKU0070,ORD111464,DS004,SKU0070,2025-08-08 18:13:08,Expired
SO111465_SKU0075,ORD111465,DS004,SKU0075,2025-08-08 18:21:15,Zero on hand
SO111465_SKU0059,ORD111465,DS004,SKU0059,2025-08-08 18:21:15,Zero on hand
SO111470_SKU0001,ORD111470,DS004,SKU0001,2025-08-08 14:10:53,Zero on hand
SO111492_SKU0025,ORD111492,DS004,SKU0025,2025-08-08 19:39:05,Damaged
SO111503_SKU0051,ORD111503,DS004,SKU0051,2025-08-08 16:19:45,Expired
SO111522_SKU0076,ORD111522,DS004,SKU0076,2025-08-08 19:20:52,Expired
SO111523_SKU0066,ORD111523,DS004,SKU0066,2025-08-08 19:05:14,Damaged
SO111529_SKU0055,ORD111529,DS004,SKU0055,2025-08-08 18:44:48,Damaged
SO111540_SKU0045,ORD111540,DS005,SKU0045,2025-08-08 22:06:45,Pick fail
SO111549_SKU0039,ORD111549,DS005,SKU0039,2025-08-08 20:51:56,Pick fail
SO111555_SKU0070,ORD111555,DS005,SKU0070,2025-08-08 20:52:57,Expired
SO111557_SKU0016,ORD111557,DS005,SKU0016,2025-08-08 18:28:10,Zero on hand
SO111561_SKU0069,ORD111561,DS005,SKU0069,2025-08-08 22:23:03,Expired
SO111569_SKU0064,ORD111569,DS005,SKU0064,2025-08-08 21:04:45,Damaged
SO111569_SKU0061,ORD111569,DS005,SKU0061,2025-08-08 21:04:45,Zero on hand
SO111578_SKU0053,ORD111578,DS005,SKU0053,2025-08-08 22:03:45,Expired
SO111590_SKU0060,ORD111590,DS005,SKU0060,2025-08-08 13:24:57,Damaged
SO111593_SKU0080,ORD111593,DS005,SKU0080,2025-08-08 18:29:18,Expired
SO111596_SKU0039,ORD111596,DS005,SKU0039,2025-08-08 11:31:56,Pick fail
SO111597_SKU0017,ORD111597,DS005,SKU0017,2025-08-08 10:36:40,Damaged
SO111613_SKU0002,ORD111613,DS005,SKU0002,2025-08-08 10:01:47,Pick fail
SO111617_SKU0056,ORD111617,DS005,SKU0056,2025-08-08 11:21:55,Expired
SO111623_SKU0078,ORD111623,DS005,SKU0078,2025-08-08 11:00:03,Expired
SO111626_SKU0052,ORD111626,DS005,SKU0052,2025-08-08 09:38:11,Expired
SO111630_SKU0021,ORD111630,DS005,SKU0021,2025-08-08 18:14:47,Pick fail
SO111632_SKU0041,ORD111632,DS005,SKU0041,2025-08-08 19:59:46,Expired
SO111634_SKU0016,ORD111634,DS005,SKU0016,2025-08-08 19:13:50,Zero on hand
SO111636_SKU0031,ORD111636,DS005,SKU0031,2025-08-08 16:43:34,Damaged
SO111643_SKU0027,ORD111643,DS005,SKU0027,2025-08-08 12:45:31,Expired
SO111648_SKU0057,ORD111648,DS005,SKU0057,2025-08-08 15:20:31,Damaged
SO111654_SKU0023,ORD111654,DS005,SKU0023,2025-08-08 10:56:53,Damaged
SO111669_SKU0023,ORD111669,DS005,SKU0023,2025-08-08 18:16:16,Expired
SO111673_SKU0034,ORD111673,DS005,SKU0034,2025-08-08 13:57:47,Pick fail
SO111680_SKU0002,ORD111680,DS005,SKU0002,2025-08-08 18:27:27,Zero on hand
SO111708_SKU0005,ORD111708,DS006,SKU0005,2025-08-08 15:36:03,Pick fail
SO111708_SKU0045,ORD111708,DS006,SKU0045,2025-08-08 15:36:03,Zero on hand
SO111709_SKU0013,ORD111709,DS006,SKU0013,2025-08-08 20:32:38,Damaged
SO111710_SKU0019,ORD111710,DS006,SKU0019,2025-08-08 18:00:12,Zero on hand
SO111719_SKU0064,ORD111719,DS006,SKU0064,2025-08-08 18:34:18,Damaged
SO111720_SKU0042,ORD111720,DS006,SKU0042,2025-08-08 10:27:51,Expired
SO111722_SKU0067,ORD111722,DS006,SKU0067,2025-08-08 10:05:50,Expired
SO111757_SKU0003,ORD111757,DS006,SKU0003,2025-08-08 14:21:43,Damaged
SO111774_SKU0072,ORD111774,DS006,SKU0072,2025-08-08 15:20:46,Pick fail
SO111780_SKU0061,ORD111780,DS006,SKU0061,2025-08-08 09:35:37,Pick fail
SO111787_SKU0048,ORD111787,DS006,SKU0048,2025-08-08 18:58:04,Expired
SO111787_SKU0006,ORD111787,DS006,SKU0006,2025-08-08 18:58:04,Expired
SO111791_SKU0073,ORD111791,DS006,SKU0073,2025-08-08 17:55:39,Pick fail
SO111800_SKU0067,ORD111800,DS006,SKU0067,2025-08-08 10:00:28,Pick fail
SO111819_SKU0072,ORD111819,DS006,SKU0072,2025-08-08 11:47:48,Zero on hand
SO111820_SKU0055,ORD111820,DS006,SKU0055,2025-08-08 10:51:30,Damaged
SO111827_SKU0044,ORD111827,DS007,SKU0044,2025-08-08 23:34:37,Pick fail
SO111828_SKU0046,ORD111828,DS007,SKU0046,2025-08-08 16:45:59,Damaged
SO111832_SKU0060,ORD111832,DS007,SKU0060,2025-08-08 16:28:38,Expired
SO111833_SKU0017,ORD111833,DS007,SKU0017,2025-08-08 16:16:36,Expired
SO111835_SKU0016,ORD111835,DS007,SKU0016,2025-08-08 13:47:36,Damaged
SO111861_SKU0061,ORD111861,DS007,SKU0061,2025-08-08 12:27:20,Expired
SO111862_SKU0039,ORD111862,DS007,SKU0039,2025-08-08 16:33:26,Pick fail
SO111868_SKU0070,ORD111868,DS007,SKU0070,2025-08-08 13:07:10,Pick fail
SO111889_SKU0026,ORD111889,DS007,SKU0026,2025-08-08 09:27:37,Expired
SO111894_SKU0052,ORD111894,DS007,SKU0052,2025-08-08 18:03:02,Damaged
SO111898_SKU0004,ORD111898,DS007,SKU0004,2025-08-08 14:38:54,Damaged
SO111900_SKU0067,ORD111900,DS007,SKU0067,2025-08-08 18:03:27,Damaged
SO111902_SKU0074,ORD111902,DS007,SKU0074,2025-08-08 12:35:29,Damaged
SO111904_SKU0050,ORD111904,DS007,SKU0050,2025-08-08 09:45:43,Expired
SO111918_SKU0001,ORD111918,DS007,SKU0001,2025-08-08 18:25:31,Expired
SO111921_SKU0074,ORD111921,DS007,SKU0074,2025-08-08 11:50:35,Pick fail
SO111922_SKU0046,ORD111922,DS007,SKU0046,2025-08-08 12:27:06,Expired
SO111950_SKU0014,ORD111950,DS008,SKU0014,2025-08-08 20:21:56,Damaged
SO111961_SKU0050,ORD111961,DS008,SKU0050,2025-08-08 20:29:37,Pick fail
SO111961_SKU0051,ORD111961,DS008,SKU0051,2025-08-08 20:29:37,Zero on hand
SO111966_SKU0049,ORD111966,DS008,SKU0049,2025-08-08 21:04:37,Pick fail
SO111966_SKU0042,ORD111966,DS008,SKU0042,2025-08-08 21:04:37,Damaged
SO111982_SKU0049,ORD111982,DS008,SKU0049,2025-08-08 20:44:08,Zero on hand
SO111983_SKU0055,ORD111983,DS008,SKU0055,2025-08-08 09:31:00,Expired
SO111999_SKU0079,ORD111999,DS008,SKU0079,2025-08-08 08:31:05,Pick fail
SO112003_SKU0062,ORD112003,DS008,SKU0062,2025-08-08 20:40:01,Pick fail
SO112007_SKU0024,ORD112007,DS008,SKU0024,2025-08-08 10:35:46,Pick fail
SO112012_SKU0047,ORD112012,DS008,SKU0047,2025-08-08 11:39:11,Expired
SO112016_SKU0053,ORD112016,DS008,SKU0053,2025-08-08 18:33:59,Damaged
SO112020_SKU0022,ORD112020,DS008,SKU0022,2025-08-08 16:55:16,Expired
SO112028_SKU0005,ORD112028,DS008,SKU0005,2025-08-08 17:43:27,Expired
SO112048_SKU0020,ORD112048,DS009,SKU0020,2025-08-08 21:02:46,Pick fail
SO112079_SKU0071,ORD112079,DS009,SKU0071,2025-08-08 13:19:34,Damaged
SO112087_SKU0018,ORD112087,DS009,SKU0018,2025-08-08 18:37:30,Damaged
SO112088_SKU0079,ORD112088,DS009,SKU0079,2025-08-08 16:55:18,Damaged
SO112090_SKU0066,ORD112090,DS009,SKU0066,2025-08-08 17:18:19,Expired
SO112095_SKU0078,ORD112095,DS009,SKU0078,2025-08-08 21:51:43,Expired
SO112100_SKU0049,ORD112100,DS009,SKU0049,2025-08-08 18:49:31,Pick fail
SO112107_SKU0049,ORD112107,DS009,SKU0049,2025-08-08 22:47:47,Damaged
SO112108_SKU0002,ORD112108,DS009,SKU0002,2025-08-08 09:18:06,Zero on hand
SO112113_SKU0048,ORD112113,DS009,SKU0048,2025-08-08 12:11:59,Zero on hand
SO112125_SKU0065,ORD112125,DS009,SKU0065,2025-08-08 17:23:12,Zero on hand
SO112144_SKU0058,ORD112144,DS009,SKU0058,2025-08-08 14:22:26,Pick fail
SO112147_SKU0070,ORD112147,DS009,SKU0070,2025-08-08 19:07:29,Expired
SO112149_SKU0051,ORD112149,DS009,SKU0051,2025-08-08 09:23:43,Zero on hand
SO112167_SKU0022,ORD112167,DS010,SKU0022,2025-08-08 20:56:18,Pick fail
SO112171_SKU0074,ORD112171,DS010,SKU0074,2025-08-08 13:52:26,Damaged
SO112210_SKU0060,ORD112210,DS010,SKU0060,2025-08-08 20:11:19,Damaged
SO112216_SKU0069,ORD112216,DS010,SKU0069,2025-08-08 17:08:50,Pick fail
SO112216_SKU0057,ORD112216,DS010,SKU0057,2025-08-08 17:08:50,Pick fail
SO112219_SKU0027,ORD112219,DS010,SKU0027,2025-08-08 18:10:22,Zero on hand
SO112219_SKU0047,ORD112219,DS010,SKU0047,2025-08-08 18:10:22,Damaged
SO112224_SKU0025,ORD112224,DS010,SKU0025,2025-08-08 15:12:27,Damaged
SO112237_SKU0030,ORD112237,DS010,SKU0030,2025-08-08 20:31:57,Zero on hand
SO112239_SKU0061,ORD112239,DS010,SKU0061,2025-08-08 09:32:34,Expired
SO112249_SKU0003,ORD112249,DS010,SKU0003,2025-08-08 09:12:44,Damaged
SO112257_SKU0063,ORD112257,DS010,SKU0063,2025-08-08 18:42:48,Zero on hand
SO112268_SKU0016,ORD112268,DS010,SKU0016,2025-08-08 09:12:54,Pick fail
SO112277_SKU0035,ORD112277,DS011,SKU0035,2025-08-08 20:25:15,Damaged
SO112280_SKU0044,ORD112280,DS011,SKU0044,2025-08-08 10:53:46,Damaged
SO112281_SKU0052,ORD112281,DS011,SKU0052,2025-08-08 12:11:08,Zero on hand
SO112289_SKU0050,ORD112289,DS011,SKU0050,2025-08-08 09:38:58,Expired
SO112290_SKU0080,ORD112290,DS011,SKU0080,2025-08-08 10:46:24,Zero on hand
SO112297_SKU0008,ORD112297,DS011,SKU0008,2025-08-08 13:06:59,Pick fail
SO112298_SKU0020,ORD112298,DS011,SKU0020,2025-08-08 08:10:46,Pick fail
SO112304_SKU0001,ORD112304,DS011,SKU0001,2025-08-08 11:38:50,Expired
SO112305_SKU0029,ORD112305,DS011,SKU0029,2025-08-08 16:51:56,Pick fail
SO112310_SKU0063,ORD112310,DS011,SKU0063,2025-08-08 19:30:13,Damaged
SO112331_SKU0004,ORD112331,DS011,SKU0004,2025-08-08 17:19:37,Expired
SO112332_SKU0030,ORD112332,DS011,SKU0030,2025-08-08 10:09:34,Damaged
SO112340_SKU0048,ORD112340,DS011,SKU0048,2025-08-08 08:24:27,Zero on hand
SO112344_SKU0021,ORD112344,DS011,SKU0021,2025-08-08 14:28:26,Pick fail
SO112360_SKU0026,ORD112360,DS012,SKU0026,2025-08-08 18:37:28,Expired
SO112363_SKU0016,ORD112363,DS012,SKU0016,2025-08-08 23:22:57,Zero on hand
SO112364_SKU0043,ORD112364,DS012,SKU0043,2025-08-08 20:41:50,Zero on hand
SO112379_SKU0016,ORD112379,DS012,SKU0016,2025-08-08 17:32:48,Pick fail
SO112384_SKU0010,ORD112384,DS012,SKU0010,2025-08-08 18:43:14,Damaged
SO112387_SKU0008,ORD112387,DS012,SKU0008,2025-08-08 19:50:22,Pick fail
SO112401_SKU0052,ORD112401,DS012,SKU0052,2025-08-08 20:14:25,Zero on hand
SO112413_SKU0027,ORD112413,DS012,SKU0027,2025-08-08 18:13:16,Damaged
SO112429_SKU0068,ORD112429,DS012,SKU0068,2025-08-08 18:01:26,Damaged
SO112432_SKU0058,ORD112432,DS012,SKU0058,2025-08-08 20:38:31,Expired
SO112432_SKU0039,ORD112432,DS012,SKU0039,2025-08-08 20:38:31,Pick fail
SO112441_SKU0056,ORD112441,DS012,SKU0056,2025-08-08 09:35:42,Damaged
SO112450_SKU0075,ORD112450,DS012,SKU0075,2025-08-08 16:22:24,Expired
SO112467_SKU0051,ORD112467,DS012,SKU0051,2025-08-08 17:18:32,Zero on hand
SO112469_SKU0013,ORD112469,DS012,SKU0013,2025-08-08 19:57:28,Expired
SO112475_SKU0080,ORD112475,DS012,SKU0080,2025-08-08 08:33:04,Pick fail
SO112490_SKU0056,ORD112490,DS013,SKU0056,2025-08-08 19:12:11,Damaged
SO112500_SKU0065,ORD112500,DS013,SKU0065,2025-08-08 09:17:59,Expired
SO112505_SKU0004,ORD112505,DS013,SKU0004,2025-08-08 09:17:14,Pick fail
SO112506_SKU0050,ORD112506,DS013,SKU0050,2025-08-08 22:55:37,Damaged
SO112509_SKU0046,ORD112509,DS013,SKU0046,2025-08-08 19:30:58,Expired
SO112532_SKU0006,ORD112532,DS013,SKU0006,2025-08-08 09:06:14,Expired
SO112538_SKU0060,ORD112538,DS013,SKU0060,2025-08-08 08:12:38,Zero on hand
SO112553_SKU0046,ORD112553,DS013,SKU0046,2025-08-08 23:37:48,Zero on hand
SO112561_SKU0066,ORD112561,DS013,SKU0066,2025-08-08 23:00:19,Expired
SO112564_SKU0065,ORD112564,DS013,SKU0065,2025-08-08 11:18:17,Zero on hand
SO112566_SKU0061,ORD112566,DS013,SKU0061,2025-08-08 11:26:07,Pick fail
SO112570_SKU0067,ORD112570,DS013,SKU0067,2025-08-08 20:44:59,Damaged
SO112575_SKU0005,ORD112575,DS013,SKU0005,2025-08-08 17:39:54,Expired
SO112583_SKU0009,ORD112583,DS013,SKU0009,2025-08-08 20:59:58,Damaged
SO112590_SKU0016,ORD112590,DS014,SKU0016,2025-08-08 19:30:30,Expired
SO112597_SKU0043,ORD112597,DS014,SKU0043,2025-08-08 17:48:21,Pick fail
SO112600_SKU0052,ORD112600,DS014,SKU0052,2025-08-08 13:36:45,Zero on hand
SO112603_SKU0010,ORD112603,DS014,SKU0010,2025-08-08 08:40:43,Pick fail
SO112604_SKU0046,ORD112604,DS014,SKU0046,2025-08-08 21:26:39,Pick fail
SO112608_SKU0068,ORD112608,DS014,SKU0068,2025-08-08 10:36:52,Pick fail
SO112613_SKU0039,ORD112613,DS014,SKU0039,2025-08-08 20:22:35,Damaged
SO112616_SKU0003,ORD112616,DS014,SKU0003,2025-08-08 19:58:42,Damaged
SO112627_SKU0009,ORD112627,DS014,SKU0009,2025-08-08 16:22:42,Pick fail
SO112628_SKU0057,ORD112628,DS014,SKU0057,2025-08-08 14:32:23,Damaged
SO112637_SKU0020,ORD112637,DS014,SKU0020,2025-08-08 19:13:41,Pick fail
SO112642_SKU0041,ORD112642,DS014,SKU0041,2025-08-08 10:02:21,Pick fail
SO112643_SKU0055,ORD112643,DS014,SKU0055,2025-08-08 22:22:32,Pick fail
SO112643_SKU0056,ORD112643,DS014,SKU0056,2025-08-08 22:22:32,Damaged
SO112648_SKU0059,ORD112648,DS014,SKU0059,2025-08-08 20:59:53,Expired
SO112657_SKU0056,ORD112657,DS014,SKU0056,2025-08-08 15:00:18,Pick fail
SO112661_SKU0055,ORD112661,DS014,SKU0055,2025-08-08 19:54:03,Damaged
SO112663_SKU0054,ORD112663,DS014,SKU0054,2025-08-08 09:26:39,Pick fail
SO112665_SKU0060,ORD112665,DS014,SKU0060,2025-08-08 18:45:59,Expired
SO112667_SKU0009,ORD112667,DS014,SKU0009,2025-08-08 19:32:55,Zero on hand
SO112692_SKU0008,ORD112692,DS014,SKU0008,2025-08-08 13:08:30,Zero on hand
SO112698_SKU0052,ORD112698,DS014,SKU0052,2025-08-08 12:36:11,Expired
SO112701_SKU0067,ORD112701,DS014,SKU0067,2025-08-08 18:23:14,Expired
SO112703_SKU0063,ORD112703,DS014,SKU0063,2025-08-08 13:09:15,Expired
SO112714_SKU0048,ORD112714,DS015,SKU0048,2025-08-08 21:51:05,Expired
SO112722_SKU0063,ORD112722,DS015,SKU0063,2025-08-08 18:19:08,Expired
SO112726_SKU0063,ORD112726,DS015,SKU0063,2025-08-08 20:15:47,Damaged
SO112727_SKU0047,ORD112727,DS015,SKU0047,2025-08-08 12:27:13,Damaged
SO112739_SKU0045,ORD112739,DS015,SKU0045,2025-08-08 19:17:48,Pick fail
SO112743_SKU0056,ORD112743,DS015,SKU0056,2025-08-08 11:25:04,Damaged
SO112747_SKU0068,ORD112747,DS015,SKU0068,2025-08-08 17:45:14,Expired
SO112748_SKU0029,ORD112748,DS015,SKU0029,2025-08-08 19:28:39,Pick fail
SO112761_SKU0055,ORD112761,DS015,SKU0055,2025-08-08 08:00:00,Zero on hand
SO112784_SKU0019,ORD112784,DS016,SKU0019,2025-08-08 14:16:25,Zero on hand
SO112786_SKU0001,ORD112786,DS016,SKU0001,2025-08-08 18:23:17,Zero on hand
SO112808_SKU0068,ORD112808,DS016,SKU0068,2025-08-08 14:19:05,Zero on hand
SO112812_SKU0050,ORD112812,DS016,SKU0050,2025-08-08 16:49:15,Damaged
SO112822_SKU0014,ORD112822,DS016,SKU0014,2025-08-08 10:48:24,Damaged
SO112822_SKU0048,ORD112822,DS016,SKU0048,2025-08-08 10:48:24,Expired
SO112834_SKU0046,ORD112834,DS016,SKU0046,2025-08-08 20:58:29,Expired
SO112870_SKU0002,ORD112870,DS016,SKU0002,2025-08-08 20:48:03,Zero on hand
SO112872_SKU0062,ORD112872,DS016,SKU0062,2025-08-08 18:07:24,Damaged
SO112872_SKU0053,ORD112872,DS016,SKU0053,2025-08-08 18:07:24,Zero on hand
SO112877_SKU0050,ORD112877,DS016,SKU0050,2025-08-08 16:11:51,Expired
SO112897_SKU0001,ORD112897,DS016,SKU0001,2025-08-08 15:17:31,Zero on hand
SO112899_SKU0036,ORD112899,DS016,SKU0036,2025-08-08 08:37:53,Zero on hand
SO112903_SKU0066,ORD112903,DS016,SKU0066,2025-08-08 18:26:24,Expired
SO112906_SKU0064,ORD112906,DS016,SKU0064,2025-08-08 21:17:40,Pick fail
SO112910_SKU0054,ORD112910,DS016,SKU0054,2025-08-08 20:59:28,Damaged
SO112929_SKU0017,ORD112929,DS016,SKU0017,2025-08-08 19:41:09,Expired
SO112943_SKU0051,ORD112943,DS016,SKU0051,2025-08-08 21:20:50,Zero on hand
SO112961_SKU0025,ORD112961,DS017,SKU0025,2025-08-08 20:06:50,Pick fail
SO112963_SKU0067,ORD112963,DS017,SKU0067,2025-08-08 09:55:34,Zero on hand
SO112966_SKU0059,ORD112966,DS017,SKU0059,2025-08-08 20:43:21,Zero on hand
SO112967_SKU0066,ORD112967,DS017,SKU0066,2025-08-08 19:43:44,Damaged
SO112969_SKU0070,ORD112969,DS017,SKU0070,2025-08-08 20:05:49,Expired
SO112977_SKU0065,ORD112977,DS017,SKU0065,2025-08-08 19:29:44,Zero on hand
SO112979_SKU0006,ORD112979,DS017,SKU0006,2025-08-08 17:57:46,Pick fail
SO112979_SKU0007,ORD112979,DS017,SKU0007,2025-08-08 17:57:46,Expired
SO112984_SKU0019,ORD112984,DS017,SKU0019,2025-08-08 19:41:41,Damaged
SO112994_SKU0023,ORD112994,DS017,SKU0023,2025-08-08 19:03:33,Damaged
SO113000_SKU0045,ORD113000,DS017,SKU0045,2025-08-08 18:54:01,Zero on hand
SO113012_SKU0063,ORD113012,DS017,SKU0063,2025-08-08 23:21:12,Expired
SO113017_SKU0030,ORD113017,DS017,SKU0030,2025-08-08 15:17:32,Damaged
SO113037_SKU0052,ORD113037,DS017,SKU0052,2025-08-08 21:02:19,Expired
SO113050_SKU0061,ORD113050,DS017,SKU0061,2025-08-08 21:19:10,Zero on hand
SO113052_SKU0077,ORD113052,DS017,SKU0077,2025-08-08 14:33:34,Damaged
SO113066_SKU0016,ORD113066,DS017,SKU0016,2025-08-08 17:06:52,Zero on hand
SO113069_SKU0001,ORD113069,DS017,SKU0001,2025-08-08 12:51:38,Pick fail
SO113084_SKU0049,ORD113084,DS017,SKU0049,2025-08-08 13:35:24,Damaged
SO113098_SKU0027,ORD113098,DS001,SKU0027,2025-08-09 16:39:56,Damaged
SO113106_SKU0076,ORD113106,DS001,SKU0076,2025-08-09 12:36:10,Zero on hand
SO113114_SKU0049,ORD113114,DS001,SKU0049,2025-08-09 13:30:52,Pick fail
SO113115_SKU0020,ORD113115,DS001,SKU0020,2025-08-09 19:08:08,Zero on hand
SO113128_SKU0012,ORD113128,DS001,SKU0012,2025-08-09 13:15:42,Pick fail
SO113155_SKU0057,ORD113155,DS001,SKU0057,2025-08-09 18:05:53,Zero on hand
SO113159_SKU0003,ORD113159,DS001,SKU0003,2025-08-09 19:08:17,Zero on hand
SO113161_SKU0055,ORD113161,DS001,SKU0055,2025-08-09 18:14:19,Pick fail
SO113167_SKU0038,ORD113167,DS001,SKU0038,2025-08-09 22:06:08,Zero on hand
SO113167_SKU0071,ORD113167,DS001,SKU0071,2025-08-09 22:06:08,Pick fail
SO113171_SKU0036,ORD113171,DS001,SKU0036,2025-08-09 18:26:54,Zero on hand
SO113172_SKU0051,ORD113172,DS001,SKU0051,2025-08-09 12:11:32,Expired
SO113183_SKU0002,ORD113183,DS001,SKU0002,2025-08-09 12:13:48,Expired
SO113187_SKU0002,ORD113187,DS001,SKU0002,2025-08-09 13:34:08,Pick fail
SO113196_SKU0061,ORD113196,DS001,SKU0061,2025-08-09 15:58:40,Expired
SO113196_SKU0056,ORD113196,DS001,SKU0056,2025-08-09 15:58:40,Pick fail
SO113200_SKU0056,ORD113200,DS001,SKU0056,2025-08-09 19:34:00,Pick fail
SO113205_SKU0054,ORD113205,DS002,SKU0054,2025-08-09 21:24:19,Pick fail
SO113206_SKU0075,ORD113206,DS002,SKU0075,2025-08-09 19:31:14,Pick fail
SO113206_SKU0007,ORD113206,DS002,SKU0007,2025-08-09 19:31:14,Zero on hand
SO113213_SKU0010,ORD113213,DS002,SKU0010,2025-08-09 20:00:46,Zero on hand
SO113215_SKU0033,ORD113215,DS002,SKU0033,2025-08-09 12:44:00,Expired
SO113215_SKU0052,ORD113215,DS002,SKU0052,2025-08-09 12:44:00,Zero on hand
SO113217_SKU0048,ORD113217,DS002,SKU0048,2025-08-09 13:14:37,Damaged
SO113224_SKU0014,ORD113224,DS002,SKU0014,2025-08-09 08:22:47,Damaged
SO113226_SKU0026,ORD113226,DS002,SKU0026,2025-08-09 21:48:12,Zero on hand
SO113232_SKU0062,ORD113232,DS002,SKU0062,2025-08-09 13:29:48,Expired
SO113249_SKU0031,ORD113249,DS002,SKU0031,2025-08-09 20:12:09,Pick fail
SO113250_SKU0063,ORD113250,DS002,SKU0063,2025-08-09 17:00:48,Pick fail
SO113253_SKU0006,ORD113253,DS002,SKU0006,2025-08-09 20:22:31,Expired
SO113255_SKU0039,ORD113255,DS002,SKU0039,2025-08-09 18:06:09,Damaged
SO113277_SKU0025,ORD113277,DS002,SKU0025,2025-08-09 19:03:21,Damaged
SO113285_SKU0035,ORD113285,DS003,SKU0035,2025-08-09 11:52:49,Zero on hand
SO113297_SKU0036,ORD113297,DS003,SKU0036,2025-08-09 14:41:19,Zero on hand
SO113307_SKU0062,ORD113307,DS003,SKU0062,2025-08-09 15:35:49,Zero on hand
SO113315_SKU0078,ORD113315,DS003,SKU0078,2025-08-09 12:54:43,Damaged
SO113343_SKU0060,ORD113343,DS003,SKU0060,2025-08-09 11:20:01,Zero on hand
SO113360_SKU0059,ORD113360,DS004,SKU0059,2025-08-09 08:46:12,Pick fail
SO113366_SKU0064,ORD113366,DS004,SKU0064,2025-08-09 17:53:02,Expired
SO113375_SKU0004,ORD113375,DS004,SKU0004,2025-08-09 18:08:16,Pick fail
SO113377_SKU0005,ORD113377,DS004,SKU0005,2025-08-09 17:17:50,Damaged
SO113392_SKU0019,ORD113392,DS004,SKU0019,2025-08-09 13:47:32,Expired
SO113394_SKU0058,ORD113394,DS004,SKU0058,2025-08-09 20:28:55,Zero on hand
SO113399_SKU0050,ORD113399,DS004,SKU0050,2025-08-09 20:10:36,Expired
SO113402_SKU0031,ORD113402,DS004,SKU0031,2025-08-09 16:19:53,Expired
SO113403_SKU0003,ORD113403,DS004,SKU0003,2025-08-09 13:42:21,Expired
SO113404_SKU0049,ORD113404,DS004,SKU0049,2025-08-09 10:23:47,Zero on hand
SO113414_SKU0080,ORD113414,DS004,SKU0080,2025-08-09 21:43:15,Zero on hand
SO113417_SKU0045,ORD113417,DS004,SKU0045,2025-08-09 11:04:42,Zero on hand
SO113429_SKU0046,ORD113429,DS004,SKU0046,2025-08-09 20:22:20,Damaged
SO113444_SKU0069,ORD113444,DS005,SKU0069,2025-08-09 17:51:41,Zero on hand
SO113446_SKU0079,ORD113446,DS005,SKU0079,2025-08-09 11:34:46,Damaged
SO113451_SKU0054,ORD113451,DS005,SKU0054,2025-08-09 13:30:59,Expired
SO113457_SKU0063,ORD113457,DS005,SKU0063,2025-08-09 22:07:21,Pick fail
SO113460_SKU0025,ORD113460,DS005,SKU0025,2025-08-09 12:17:33,Zero on hand
SO113476_SKU0005,ORD113476,DS005,SKU0005,2025-08-09 20:28:04,Zero on hand
SO113478_SKU0033,ORD113478,DS005,SKU0033,2025-08-09 16:14:18,Damaged
SO113481_SKU0048,ORD113481,DS005,SKU0048,2025-08-09 11:31:05,Pick fail
SO113483_SKU0015,ORD113483,DS005,SKU0015,2025-08-09 13:58:14,Zero on hand
SO113484_SKU0047,ORD113484,DS005,SKU0047,2025-08-09 08:12:44,Pick fail
SO113486_SKU0008,ORD113486,DS005,SKU0008,2025-08-09 15:26:23,Zero on hand
SO113489_SKU0022,ORD113489,DS005,SKU0022,2025-08-09 14:20:06,Pick fail
SO113492_SKU0009,ORD113492,DS005,SKU0009,2025-08-09 12:55:48,Zero on hand
SO113492_SKU0022,ORD113492,DS005,SKU0022,2025-08-09 12:55:48,Zero on hand
SO113498_SKU0075,ORD113498,DS005,SKU0075,2025-08-09 12:01:07,Damaged
SO113507_SKU0060,ORD113507,DS005,SKU0060,2025-08-09 16:27:24,Damaged
SO113510_SKU0001,ORD113510,DS005,SKU0001,2025-08-09 09:01:58,Damaged
SO113518_SKU0062,ORD113518,DS005,SKU0062,2025-08-09 17:30:36,Damaged
SO113519_SKU0041,ORD113519,DS005,SKU0041,2025-08-09 18:31:33,Pick fail
SO113527_SKU0056,ORD113527,DS005,SKU0056,2025-08-09 18:00:41,Damaged
SO113528_SKU0019,ORD113528,DS005,SKU0019,2025-08-09 11:25:32,Pick fail
SO113529_SKU0078,ORD113529,DS005,SKU0078,2025-08-09 17:26:16,Zero on hand
SO113530_SKU0073,ORD113530,DS005,SKU0073,2025-08-09 16:38:11,Pick fail
SO113540_SKU0054,ORD113540,DS005,SKU0054,2025-08-09 19:31:19,Pick fail
SO113548_SKU0050,ORD113548,DS005,SKU0050,2025-08-09 13:51:10,Damaged
SO113549_SKU0041,ORD113549,DS005,SKU0041,2025-08-09 16:15:52,Damaged
SO113549_SKU0043,ORD113549,DS005,SKU0043,2025-08-09 16:15:52,Zero on hand
SO113555_SKU0063,ORD113555,DS005,SKU0063,2025-08-09 15:56:07,Pick fail
SO113559_SKU0019,ORD113559,DS005,SKU0019,2025-08-09 12:44:21,Zero on hand
SO113573_SKU0027,ORD113573,DS005,SKU0027,2025-08-09 13:15:08,Expired
SO113575_SKU0056,ORD113575,DS005,SKU0056,2025-08-09 18:58:51,Pick fail
SO113577_SKU0049,ORD113577,DS005,SKU0049,2025-08-09 09:51:20,Pick fail
SO113581_SKU0064,ORD113581,DS005,SKU0064,2025-08-09 19:35:15,Damaged
SO113584_SKU0047,ORD113584,DS005,SKU0047,2025-08-09 12:41:09,Damaged
SO113594_SKU0069,ORD113594,DS006,SKU0069,2025-08-09 09:13:15,Pick fail
SO113602_SKU0050,ORD113602,DS006,SKU0050,2025-08-09 18:37:02,Zero on hand
SO113622_SKU0001,ORD113622,DS006,SKU0001,2025-08-09 19:25:18,Zero on hand
SO113641_SKU0048,ORD113641,DS006,SKU0048,2025-08-09 17:49:26,Zero on hand
SO113643_SKU0003,ORD113643,DS006,SKU0003,2025-08-09 21:34:12,Zero on hand
SO113647_SKU0051,ORD113647,DS006,SKU0051,2025-08-09 20:15:41,Pick fail
SO113647_SKU0061,ORD113647,DS006,SKU0061,2025-08-09 20:15:41,Damaged
SO113657_SKU0061,ORD113657,DS006,SKU0061,2025-08-09 18:28:29,Expired
SO113659_SKU0059,ORD113659,DS006,SKU0059,2025-08-09 19:11:52,Expired
SO113671_SKU0026,ORD113671,DS006,SKU0026,2025-08-09 18:03:52,Expired
SO113675_SKU0023,ORD113675,DS006,SKU0023,2025-08-09 11:30:20,Pick fail
SO113680_SKU0009,ORD113680,DS006,SKU0009,2025-08-09 18:37:54,Pick fail
SO113700_SKU0050,ORD113700,DS006,SKU0050,2025-08-09 20:37:28,Damaged
SO113710_SKU0018,ORD113710,DS006,SKU0018,2025-08-09 09:40:56,Pick fail
SO113710_SKU0059,ORD113710,DS006,SKU0059,2025-08-09 09:40:56,Pick fail
SO113713_SKU0064,ORD113713,DS006,SKU0064,2025-08-09 14:46:54,Zero on hand
SO113719_SKU0067,ORD113719,DS007,SKU0067,2025-08-09 15:14:29,Damaged
SO113721_SKU0013,ORD113721,DS007,SKU0013,2025-08-09 13:34:23,Pick fail
SO113731_SKU0051,ORD113731,DS007,SKU0051,2025-08-09 13:15:46,Damaged
SO113735_SKU0067,ORD113735,DS007,SKU0067,2025-08-09 13:17:58,Pick fail
SO113742_SKU0057,ORD113742,DS007,SKU0057,2025-08-09 10:52:32,Zero on hand
SO113770_SKU0063,ORD113770,DS007,SKU0063,2025-08-09 12:57:13,Pick fail
SO113781_SKU0062,ORD113781,DS007,SKU0062,2025-08-09 17:58:48,Zero on hand
SO113785_SKU0053,ORD113785,DS007,SKU0053,2025-08-09 21:10:04,Pick fail
SO113795_SKU0061,ORD113795,DS007,SKU0061,2025-08-09 19:54:08,Damaged
SO113813_SKU0015,ORD113813,DS008,SKU0015,2025-08-09 17:39:38,Damaged
SO113817_SKU0080,ORD113817,DS008,SKU0080,2025-08-09 20:47:55,Zero on hand
SO113835_SKU0065,ORD113835,DS008,SKU0065,2025-08-09 09:14:18,Damaged
SO113843_SKU0059,ORD113843,DS008,SKU0059,2025-08-09 19:05:17,Damaged
SO113855_SKU0063,ORD113855,DS008,SKU0063,2025-08-09 21:32:09,Expired
SO113867_SKU0004,ORD113867,DS008,SKU0004,2025-08-09 12:21:54,Zero on hand
SO113893_SKU0049,ORD113893,DS008,SKU0049,2025-08-09 19:59:01,Zero on hand
SO113896_SKU0009,ORD113896,DS009,SKU0009,2025-08-09 13:48:35,Expired
SO113907_SKU0046,ORD113907,DS009,SKU0046,2025-08-09 12:08:53,Zero on hand
SO113910_SKU0047,ORD113910,DS009,SKU0047,2025-08-09 20:07:36,Expired
SO113937_SKU0028,ORD113937,DS009,SKU0028,2025-08-09 16:18:14,Damaged
SO113937_SKU0037,ORD113937,DS009,SKU0037,2025-08-09 16:18:14,Zero on hand
SO113939_SKU0064,ORD113939,DS009,SKU0064,2025-08-09 15:37:40,Zero on hand
SO113948_SKU0021,ORD113948,DS009,SKU0021,2025-08-09 19:04:59,Pick fail
SO113949_SKU0012,ORD113949,DS009,SKU0012,2025-08-09 14:12:05,Damaged
SO113957_SKU0030,ORD113957,DS009,SKU0030,2025-08-09 20:29:11,Expired
SO113959_SKU0018,ORD113959,DS009,SKU0018,2025-08-09 19:15:18,Zero on hand
SO113971_SKU0051,ORD113971,DS009,SKU0051,2025-08-09 18:50:59,Pick fail
SO113991_SKU0069,ORD113991,DS009,SKU0069,2025-08-09 20:06:56,Damaged
SO113996_SKU0067,ORD113996,DS009,SKU0067,2025-08-09 21:25:01,Expired
SO114001_SKU0025,ORD114001,DS009,SKU0025,2025-08-09 17:36:05,Expired
SO114003_SKU0030,ORD114003,DS009,SKU0030,2025-08-09 21:58:48,Expired
SO114020_SKU0027,ORD114020,DS010,SKU0027,2025-08-09 08:45:49,Damaged
SO114020_SKU0069,ORD114020,DS010,SKU0069,2025-08-09 08:45:49,Pick fail
SO114025_SKU0066,ORD114025,DS010,SKU0066,2025-08-09 19:21:30,Pick fail
SO114028_SKU0004,ORD114028,DS010,SKU0004,2025-08-09 19:02:10,Damaged
SO114039_SKU0041,ORD114039,DS010,SKU0041,2025-08-09 21:26:11,Pick fail
SO114043_SKU0073,ORD114043,DS010,SKU0073,2025-08-09 12:27:16,Expired
SO114046_SKU0059,ORD114046,DS010,SKU0059,2025-08-09 14:46:22,Damaged
SO114054_SKU0032,ORD114054,DS010,SKU0032,2025-08-09 20:10:48,Pick fail
SO114055_SKU0054,ORD114055,DS010,SKU0054,2025-08-09 20:05:30,Expired
SO114061_SKU0020,ORD114061,DS010,SKU0020,2025-08-09 20:08:50,Zero on hand
SO114062_SKU0060,ORD114062,DS010,SKU0060,2025-08-09 11:27:20,Pick fail
SO114067_SKU0055,ORD114067,DS010,SKU0055,2025-08-09 11:30:15,Damaged
SO114069_SKU0015,ORD114069,DS010,SKU0015,2025-08-09 18:06:24,Expired
SO114079_SKU0064,ORD114079,DS010,SKU0064,2025-08-09 19:44:03,Pick fail
SO114091_SKU0003,ORD114091,DS010,SKU0003,2025-08-09 09:47:59,Damaged
SO114106_SKU0051,ORD114106,DS010,SKU0051,2025-08-09 20:33:41,Zero on hand
SO114114_SKU0061,ORD114114,DS010,SKU0061,2025-08-09 11:55:55,Pick fail
SO114126_SKU0062,ORD114126,DS010,SKU0062,2025-08-09 19:08:44,Pick fail
SO114133_SKU0009,ORD114133,DS010,SKU0009,2025-08-09 15:41:43,Expired
SO114134_SKU0058,ORD114134,DS010,SKU0058,2025-08-09 19:48:31,Expired
SO114139_SKU0002,ORD114139,DS010,SKU0002,2025-08-09 11:25:04,Zero on hand
SO114150_SKU0004,ORD114150,DS010,SKU0004,2025-08-09 14:39:02,Pick fail
SO114152_SKU0018,ORD114152,DS010,SKU0018,2025-08-09 19:36:37,Zero on hand
SO114164_SKU0006,ORD114164,DS010,SKU0006,2025-08-09 12:35:49,Expired
SO114175_SKU0052,ORD114175,DS011,SKU0052,2025-08-09 09:56:57,Damaged
SO114175_SKU0073,ORD114175,DS011,SKU0073,2025-08-09 09:56:57,Pick fail
SO114188_SKU0057,ORD114188,DS011,SKU0057,2025-08-09 17:22:26,Expired
SO114189_SKU0030,ORD114189,DS011,SKU0030,2025-08-09 19:40:17,Expired
SO114190_SKU0008,ORD114190,DS011,SKU0008,2025-08-09 23:02:42,Pick fail
SO114194_SKU0008,ORD114194,DS011,SKU0008,2025-08-09 13:58:43,Zero on hand
SO114210_SKU0044,ORD114210,DS011,SKU0044,2025-08-09 20:04:12,Damaged
SO114213_SKU0062,ORD114213,DS011,SKU0062,2025-08-09 19:07:40,Zero on hand
SO114215_SKU0048,ORD114215,DS011,SKU0048,2025-08-09 10:55:28,Pick fail
SO114215_SKU0013,ORD114215,DS011,SKU0013,2025-08-09 10:55:28,Expired
SO114219_SKU0005,ORD114219,DS011,SKU0005,2025-08-09 19:27:30,Damaged
SO114220_SKU0072,ORD114220,DS011,SKU0072,2025-08-09 13:20:21,Damaged
SO114221_SKU0003,ORD114221,DS011,SKU0003,2025-08-09 13:01:42,Pick fail
SO114222_SKU0030,ORD114222,DS011,SKU0030,2025-08-09 09:15:12,Zero on hand
SO114223_SKU0059,ORD114223,DS011,SKU0059,2025-08-09 12:30:35,Damaged
SO114232_SKU0012,ORD114232,DS011,SKU0012,2025-08-09 19:01:34,Zero on hand
SO114239_SKU0066,ORD114239,DS011,SKU0066,2025-08-09 19:10:41,Expired
SO114243_SKU0058,ORD114243,DS011,SKU0058,2025-08-09 17:19:59,Zero on hand
SO114261_SKU0080,ORD114261,DS011,SKU0080,2025-08-09 16:54:15,Pick fail
SO114265_SKU0003,ORD114265,DS012,SKU0003,2025-08-09 22:12:49,Expired
SO114268_SKU0008,ORD114268,DS012,SKU0008,2025-08-09 08:02:09,Zero on hand
SO114269_SKU0049,ORD114269,DS012,SKU0049,2025-08-09 22:49:40,Pick fail
SO114272_SKU0028,ORD114272,DS012,SKU0028,2025-08-09 20:06:24,Zero on hand
SO114282_SKU0030,ORD114282,DS012,SKU0030,2025-08-09 12:11:48,Zero on hand
SO114289_SKU0048,ORD114289,DS012,SKU0048,2025-08-09 11:43:48,Zero on hand
SO114289_SKU0036,ORD114289,DS012,SKU0036,2025-08-09 11:43:48,Damaged
SO114305_SKU0016,ORD114305,DS012,SKU0016,2025-08-09 12:59:35,Zero on hand
SO114322_SKU0045,ORD114322,DS012,SKU0045,2025-08-09 12:11:55,Zero on hand
SO114346_SKU0049,ORD114346,DS012,SKU0049,2025-08-09 13:00:31,Damaged
SO114348_SKU0030,ORD114348,DS012,SKU0030,2025-08-09 10:47:24,Damaged
SO114357_SKU0050,ORD114357,DS012,SKU0050,2025-08-09 19:27:42,Expired
SO114361_SKU0053,ORD114361,DS012,SKU0053,2025-08-09 18:11:34,Expired
SO114395_SKU0040,ORD114395,DS013,SKU0040,2025-08-09 12:56:46,Zero on hand
SO114403_SKU0057,ORD114403,DS013,SKU0057,2025-08-09 13:24:09,Zero on hand
SO114413_SKU0051,ORD114413,DS013,SKU0051,2025-08-09 16:11:51,Damaged
SO114417_SKU0067,ORD114417,DS013,SKU0067,2025-08-09 17:32:02,Expired
SO114424_SKU0023,ORD114424,DS013,SKU0023,2025-08-09 18:40:51,Zero on hand
SO114427_SKU0006,ORD114427,DS013,SKU0006,2025-08-09 17:37:56,Zero on hand
SO114431_SKU0030,ORD114431,DS013,SKU0030,2025-08-09 16:48:33,Pick fail
SO114433_SKU0023,ORD114433,DS013,SKU0023,2025-08-09 16:22:59,Pick fail
SO114441_SKU0069,ORD114441,DS013,SKU0069,2025-08-09 13:16:26,Pick fail
SO114460_SKU0019,ORD114460,DS013,SKU0019,2025-08-09 18:44:59,Expired
SO114463_SKU0012,ORD114463,DS014,SKU0012,2025-08-09 20:42:04,Pick fail
SO114471_SKU0071,ORD114471,DS014,SKU0071,2025-08-09 20:18:32,Expired
SO114472_SKU0028,ORD114472,DS014,SKU0028,2025-08-09 20:13:49,Damaged
SO114475_SKU0056,ORD114475,DS014,SKU0056,2025-08-09 12:29:42,Pick fail
SO114476_SKU0028,ORD114476,DS014,SKU0028,2025-08-09 11:37:56,Zero on hand
SO114480_SKU0066,ORD114480,DS014,SKU0066,2025-08-09 16:18:26,Expired
SO114492_SKU0050,ORD114492,DS014,SKU0050,2025-08-09 09:00:11,Pick fail
SO114502_SKU0008,ORD114502,DS014,SKU0008,2025-08-09 13:55:29,Expired
SO114506_SKU0033,ORD114506,DS014,SKU0033,2025-08-09 13:52:14,Expired
SO114507_SKU0073,ORD114507,DS014,SKU0073,2025-08-09 11:35:55,Damaged
SO114510_SKU0040,ORD114510,DS014,SKU0040,2025-08-09 21:52:04,Damaged
SO114513_SKU0061,ORD114513,DS014,SKU0061,2025-08-09 16:40:44,Damaged
SO114518_SKU0044,ORD114518,DS014,SKU0044,2025-08-09 16:17:39,Pick fail
SO114537_SKU0032,ORD114537,DS014,SKU0032,2025-08-09 12:16:58,Damaged
SO114548_SKU0061,ORD114548,DS014,SKU0061,2025-08-09 18:02:08,Zero on hand
SO114552_SKU0079,ORD114552,DS014,SKU0079,2025-08-09 10:52:27,Damaged
SO114553_SKU0065,ORD114553,DS014,SKU0065,2025-08-09 18:27:43,Damaged
SO114557_SKU0034,ORD114557,DS014,SKU0034,2025-08-09 09:05:29,Zero on hand
SO114559_SKU0013,ORD114559,DS014,SKU0013,2025-08-09 16:56:47,Expired
SO114567_SKU0062,ORD114567,DS014,SKU0062,2025-08-09 20:29:39,Damaged
SO114568_SKU0072,ORD114568,DS014,SKU0072,2025-08-09 14:08:48,Expired
SO114569_SKU0019,ORD114569,DS014,SKU0019,2025-08-09 20:12:18,Damaged
SO114586_SKU0049,ORD114586,DS015,SKU0049,2025-08-09 20:05:42,Pick fail
SO114592_SKU0075,ORD114592,DS015,SKU0075,2025-08-09 17:32:07,Pick fail
SO114596_SKU0055,ORD114596,DS015,SKU0055,2025-08-09 15:41:09,Expired
SO114603_SKU0030,ORD114603,DS015,SKU0030,2025-08-09 18:37:57,Pick fail
SO114603_SKU0018,ORD114603,DS015,SKU0018,2025-08-09 18:37:57,Zero on hand
SO114619_SKU0060,ORD114619,DS015,SKU0060,2025-08-09 16:35:36,Damaged
SO114627_SKU0055,ORD114627,DS015,SKU0055,2025-08-09 20:07:02,Damaged
SO114628_SKU0031,ORD114628,DS015,SKU0031,2025-08-09 15:58:06,Zero on hand
SO114629_SKU0021,ORD114629,DS015,SKU0021,2025-08-09 14:07:21,Zero on hand
SO114640_SKU0056,ORD114640,DS015,SKU0056,2025-08-09 15:11:51,Damaged
SO114656_SKU0046,ORD114656,DS015,SKU0046,2025-08-09 19:31:53,Zero on hand
SO114676_SKU0009,ORD114676,DS016,SKU0009,2025-08-09 15:01:02,Damaged
SO114684_SKU0042,ORD114684,DS016,SKU0042,2025-08-09 21:56:30,Damaged
SO114688_SKU0066,ORD114688,DS016,SKU0066,2025-08-09 23:57:45,Expired
SO114704_SKU0008,ORD114704,DS016,SKU0008,2025-08-09 12:52:46,Expired
SO114738_SKU0049,ORD114738,DS016,SKU0049,2025-08-09 14:02:59,Expired
SO114761_SKU0072,ORD114761,DS016,SKU0072,2025-08-09 16:24:13,Zero on hand
SO114773_SKU0021,ORD114773,DS016,SKU0021,2025-08-09 17:10:25,Pick fail
SO114774_SKU0072,ORD114774,DS016,SKU0072,2025-08-09 18:46:49,Zero on hand
SO114776_SKU0027,ORD114776,DS016,SKU0027,2025-08-09 12:42:09,Damaged
SO114784_SKU0045,ORD114784,DS017,SKU0045,2025-08-09 09:22:04,Expired
SO114796_SKU0006,ORD114796,DS017,SKU0006,2025-08-09 20:49:43,Damaged
SO114797_SKU0005,ORD114797,DS017,SKU0005,2025-08-09 21:59:46,Damaged
SO114797_SKU0051,ORD114797,DS017,SKU0051,2025-08-09 21:59:46,Zero on hand
SO114802_SKU0001,ORD114802,DS017,SKU0001,2025-08-09 10:27:59,Expired
SO114804_SKU0001,ORD114804,DS017,SKU0001,2025-08-09 12:11:37,Zero on hand
SO114807_SKU0007,ORD114807,DS017,SKU0007,2025-08-09 12:21:15,Damaged
SO114808_SKU0026,ORD114808,DS017,SKU0026,2025-08-09 12:14:55,Expired
SO114821_SKU0068,ORD114821,DS017,SKU0068,2025-08-09 12:34:39,Expired
SO114822_SKU0066,ORD114822,DS017,SKU0066,2025-08-09 12:03:29,Damaged
SO114824_SKU0053,ORD114824,DS017,SKU0053,2025-08-09 20:47:48,Pick fail
SO114830_SKU0008,ORD114830,DS017,SKU0008,2025-08-09 20:20:34,Damaged
SO114842_SKU0018,ORD114842,DS017,SKU0018,2025-08-09 12:12:15,Expired
SO114856_SKU0054,ORD114856,DS017,SKU0054,2025-08-09 13:27:34,Expired
SO114868_SKU0080,ORD114868,DS017,SKU0080,2025-08-09 18:09:52,Expired
SO114874_SKU0039,ORD114874,DS017,SKU0039,2025-08-09 18:53:41,Damaged
SO114881_SKU0069,ORD114881,DS017,SKU0069,2025-08-09 13:18:48,Pick fail
SO114891_SKU0037,ORD114891,DS017,SKU0037,2025-08-09 19:17:58,Expired
SO114902_SKU0054,ORD114902,DS001,SKU0054,2025-08-10 20:34:51,Pick fail
SO114914_SKU0038,ORD114914,DS001,SKU0038,2025-08-10 17:19:47,Expired
SO114915_SKU0003,ORD114915,DS001,SKU0003,2025-08-10 17:55:10,Damaged
SO114923_SKU0048,ORD114923,DS001,SKU0048,2025-08-10 18:34:42,Zero on hand
SO114926_SKU0030,ORD114926,DS001,SKU0030,2025-08-10 18:33:26,Zero on hand
SO114929_SKU0062,ORD114929,DS001,SKU0062,2025-08-10 14:04:05,Damaged
SO114936_SKU0002,ORD114936,DS001,SKU0002,2025-08-10 12:51:49,Pick fail
SO114938_SKU0051,ORD114938,DS001,SKU0051,2025-08-10 12:30:00,Pick fail
SO114945_SKU0061,ORD114945,DS001,SKU0061,2025-08-10 11:53:23,Damaged
SO114961_SKU0017,ORD114961,DS001,SKU0017,2025-08-10 09:15:42,Damaged
SO114961_SKU0041,ORD114961,DS001,SKU0041,2025-08-10 09:15:42,Damaged
SO114991_SKU0009,ORD114991,DS002,SKU0009,2025-08-10 15:09:37,Damaged
SO114995_SKU0033,ORD114995,DS002,SKU0033,2025-08-10 20:58:05,Damaged
SO114996_SKU0005,ORD114996,DS002,SKU0005,2025-08-10 18:14:44,Damaged
SO114997_SKU0026,ORD114997,DS002,SKU0026,2025-08-10 15:26:23,Pick fail
SO114998_SKU0048,ORD114998,DS002,SKU0048,2025-08-10 09:09:14,Damaged
SO115002_SKU0057,ORD115002,DS002,SKU0057,2025-08-10 14:19:36,Damaged
SO115012_SKU0017,ORD115012,DS002,SKU0017,2025-08-10 13:57:26,Pick fail
SO115019_SKU0064,ORD115019,DS002,SKU0064,2025-08-10 20:43:42,Expired
SO115023_SKU0071,ORD115023,DS002,SKU0071,2025-08-10 19:02:11,Expired
SO115024_SKU0069,ORD115024,DS002,SKU0069,2025-08-10 15:18:18,Damaged
SO115030_SKU0003,ORD115030,DS002,SKU0003,2025-08-10 21:22:16,Expired
SO115041_SKU0075,ORD115041,DS002,SKU0075,2025-08-10 10:57:41,Expired
SO115041_SKU0025,ORD115041,DS002,SKU0025,2025-08-10 10:57:41,Pick fail
SO115042_SKU0053,ORD115042,DS002,SKU0053,2025-08-10 11:52:57,Expired
SO115048_SKU0030,ORD115048,DS002,SKU0030,2025-08-10 23:38:29,Expired
SO115053_SKU0049,ORD115053,DS002,SKU0049,2025-08-10 10:50:13,Zero on hand
SO115057_SKU0029,ORD115057,DS002,SKU0029,2025-08-10 16:42:09,Damaged
SO115060_SKU0028,ORD115060,DS002,SKU0028,2025-08-10 23:49:27,Expired
SO115061_SKU0051,ORD115061,DS002,SKU0051,2025-08-10 19:49:17,Zero on hand
SO115067_SKU0053,ORD115067,DS002,SKU0053,2025-08-10 08:23:19,Zero on hand
SO115069_SKU0017,ORD115069,DS002,SKU0017,2025-08-10 18:48:30,Pick fail
SO115070_SKU0023,ORD115070,DS002,SKU0023,2025-08-10 15:27:03,Expired
SO115071_SKU0063,ORD115071,DS002,SKU0063,2025-08-10 16:31:30,Zero on hand
SO115072_SKU0048,ORD115072,DS002,SKU0048,2025-08-10 19:47:44,Expired
SO115084_SKU0066,ORD115084,DS003,SKU0066,2025-08-10 16:25:21,Damaged
SO115086_SKU0003,ORD115086,DS003,SKU0003,2025-08-10 18:56:33,Pick fail
SO115087_SKU0005,ORD115087,DS003,SKU0005,2025-08-10 18:59:16,Expired
SO115095_SKU0067,ORD115095,DS003,SKU0067,2025-08-10 11:26:34,Damaged
SO115096_SKU0075,ORD115096,DS003,SKU0075,2025-08-10 14:04:59,Zero on hand
SO115115_SKU0072,ORD115115,DS003,SKU0072,2025-08-10 17:58:20,Expired
SO115121_SKU0018,ORD115121,DS003,SKU0018,2025-08-10 15:29:37,Expired
SO115136_SKU0066,ORD115136,DS003,SKU0066,2025-08-10 17:09:58,Zero on hand
SO115137_SKU0060,ORD115137,DS003,SKU0060,2025-08-10 17:32:56,Pick fail
SO115141_SKU0057,ORD115141,DS003,SKU0057,2025-08-10 19:44:53,Damaged
SO115145_SKU0050,ORD115145,DS003,SKU0050,2025-08-10 08:56:01,Damaged
SO115153_SKU0061,ORD115153,DS004,SKU0061,2025-08-10 12:54:31,Zero on hand
SO115166_SKU0001,ORD115166,DS004,SKU0001,2025-08-10 21:13:56,Damaged
SO115173_SKU0063,ORD115173,DS004,SKU0063,2025-08-10 12:56:17,Zero on hand
SO115182_SKU0056,ORD115182,DS004,SKU0056,2025-08-10 20:10:01,Zero on hand
SO115185_SKU0002,ORD115185,DS004,SKU0002,2025-08-10 16:49:51,Expired
SO115188_SKU0025,ORD115188,DS004,SKU0025,2025-08-10 17:33:40,Damaged
SO115188_SKU0008,ORD115188,DS004,SKU0008,2025-08-10 17:33:40,Pick fail
SO115199_SKU0066,ORD115199,DS004,SKU0066,2025-08-10 22:16:22,Damaged
SO115200_SKU0001,ORD115200,DS004,SKU0001,2025-08-10 12:56:48,Expired
SO115204_SKU0004,ORD115204,DS004,SKU0004,2025-08-10 12:44:07,Zero on hand
SO115209_SKU0047,ORD115209,DS004,SKU0047,2025-08-10 19:28:20,Damaged
SO115226_SKU0076,ORD115226,DS005,SKU0076,2025-08-10 13:44:03,Damaged
SO115227_SKU0015,ORD115227,DS005,SKU0015,2025-08-10 16:14:37,Damaged
SO115230_SKU0009,ORD115230,DS005,SKU0009,2025-08-10 08:06:39,Zero on hand
SO115230_SKU0041,ORD115230,DS005,SKU0041,2025-08-10 08:06:39,Expired
SO115231_SKU0009,ORD115231,DS005,SKU0009,2025-08-10 23:12:16,Zero on hand
SO115232_SKU0018,ORD115232,DS005,SKU0018,2025-08-10 21:06:47,Expired
SO115237_SKU0046,ORD115237,DS005,SKU0046,2025-08-10 17:28:31,Expired
SO115238_SKU0047,ORD115238,DS005,SKU0047,2025-08-10 17:06:24,Damaged
SO115243_SKU0001,ORD115243,DS005,SKU0001,2025-08-10 09:17:03,Zero on hand
SO115248_SKU0006,ORD115248,DS005,SKU0006,2025-08-10 10:30:04,Zero on hand
SO115255_SKU0044,ORD115255,DS005,SKU0044,2025-08-10 21:01:14,Damaged
SO115256_SKU0018,ORD115256,DS005,SKU0018,2025-08-10 18:37:17,Expired
SO115260_SKU0049,ORD115260,DS005,SKU0049,2025-08-10 18:05:50,Pick fail
SO115267_SKU0068,ORD115267,DS005,SKU0068,2025-08-10 17:20:11,Pick fail
SO115270_SKU0031,ORD115270,DS005,SKU0031,2025-08-10 20:45:09,Damaged
SO115274_SKU0066,ORD115274,DS005,SKU0066,2025-08-10 18:18:58,Zero on hand
SO115282_SKU0007,ORD115282,DS005,SKU0007,2025-08-10 12:04:55,Expired
SO115292_SKU0064,ORD115292,DS005,SKU0064,2025-08-10 14:13:02,Damaged
SO115295_SKU0013,ORD115295,DS005,SKU0013,2025-08-10 18:26:54,Damaged
SO115299_SKU0064,ORD115299,DS005,SKU0064,2025-08-10 19:19:31,Zero on hand
SO115303_SKU0020,ORD115303,DS005,SKU0020,2025-08-10 17:51:38,Expired
SO115305_SKU0003,ORD115305,DS005,SKU0003,2025-08-10 20:08:56,Expired
SO115309_SKU0030,ORD115309,DS005,SKU0030,2025-08-10 17:07:35,Damaged
SO115313_SKU0019,ORD115313,DS005,SKU0019,2025-08-10 10:00:42,Pick fail
SO115321_SKU0007,ORD115321,DS005,SKU0007,2025-08-10 12:50:36,Damaged
SO115322_SKU0034,ORD115322,DS005,SKU0034,2025-08-10 15:55:35,Pick fail
SO115329_SKU0018,ORD115329,DS006,SKU0018,2025-08-10 13:45:25,Pick fail
SO115344_SKU0003,ORD115344,DS006,SKU0003,2025-08-10 21:15:18,Pick fail
SO115350_SKU0052,ORD115350,DS006,SKU0052,2025-08-10 11:21:17,Pick fail
SO115357_SKU0004,ORD115357,DS006,SKU0004,2025-08-10 08:32:42,Damaged
SO115367_SKU0009,ORD115367,DS006,SKU0009,2025-08-10 09:57:56,Zero on hand
SO115368_SKU0054,ORD115368,DS006,SKU0054,2025-08-10 18:20:08,Pick fail
SO115370_SKU0055,ORD115370,DS006,SKU0055,2025-08-10 08:44:32,Zero on hand
SO115377_SKU0049,ORD115377,DS006,SKU0049,2025-08-10 19:35:30,Expired
SO115400_SKU0048,ORD115400,DS006,SKU0048,2025-08-10 13:01:40,Pick fail
SO115401_SKU0050,ORD115401,DS006,SKU0050,2025-08-10 22:02:22,Pick fail
SO115408_SKU0068,ORD115408,DS006,SKU0068,2025-08-10 13:18:43,Damaged
SO115411_SKU0072,ORD115411,DS006,SKU0072,2025-08-10 16:00:41,Zero on hand
SO115414_SKU0070,ORD115414,DS006,SKU0070,2025-08-10 20:51:11,Damaged
SO115422_SKU0064,ORD115422,DS006,SKU0064,2025-08-10 13:48:22,Pick fail
SO115445_SKU0012,ORD115445,DS007,SKU0012,2025-08-10 10:50:39,Zero on hand
SO115447_SKU0044,ORD115447,DS007,SKU0044,2025-08-10 19:28:08,Pick fail
SO115467_SKU0060,ORD115467,DS007,SKU0060,2025-08-10 19:30:25,Zero on hand
SO115468_SKU0038,ORD115468,DS007,SKU0038,2025-08-10 19:14:25,Expired
SO115470_SKU0060,ORD115470,DS007,SKU0060,2025-08-10 11:32:30,Expired
SO115473_SKU0045,ORD115473,DS007,SKU0045,2025-08-10 16:29:34,Damaged
SO115475_SKU0053,ORD115475,DS007,SKU0053,2025-08-10 20:12:39,Damaged
SO115484_SKU0048,ORD115484,DS007,SKU0048,2025-08-10 20:21:59,Zero on hand
SO115488_SKU0057,ORD115488,DS007,SKU0057,2025-08-10 09:57:48,Pick fail
SO115495_SKU0075,ORD115495,DS007,SKU0075,2025-08-10 10:26:47,Pick fail
SO115511_SKU0050,ORD115511,DS007,SKU0050,2025-08-10 21:26:19,Expired
SO115522_SKU0019,ORD115522,DS007,SKU0019,2025-08-10 18:14:23,Zero on hand
SO115525_SKU0013,ORD115525,DS007,SKU0013,2025-08-10 15:37:47,Zero on hand
SO115526_SKU0064,ORD115526,DS007,SKU0064,2025-08-10 19:12:06,Expired
SO115528_SKU0029,ORD115528,DS007,SKU0029,2025-08-10 15:27:32,Zero on hand
SO115536_SKU0061,ORD115536,DS008,SKU0061,2025-08-10 20:36:01,Zero on hand
SO115539_SKU0059,ORD115539,DS008,SKU0059,2025-08-10 17:10:01,Damaged
SO115539_SKU0005,ORD115539,DS008,SKU0005,2025-08-10 17:10:01,Damaged
SO115541_SKU0022,ORD115541,DS008,SKU0022,2025-08-10 14:00:25,Damaged
SO115550_SKU0021,ORD115550,DS008,SKU0021,2025-08-10 13:36:51,Pick fail
SO115556_SKU0043,ORD115556,DS008,SKU0043,2025-08-10 17:29:27,Zero on hand
SO115600_SKU0052,ORD115600,DS008,SKU0052,2025-08-10 09:37:38,Zero on hand
SO115649_SKU0001,ORD115649,DS009,SKU0001,2025-08-10 18:31:46,Pick fail
SO115674_SKU0030,ORD115674,DS009,SKU0030,2025-08-10 19:21:08,Zero on hand
SO115691_SKU0065,ORD115691,DS009,SKU0065,2025-08-10 14:58:45,Damaged
SO115695_SKU0074,ORD115695,DS009,SKU0074,2025-08-10 21:58:04,Expired
SO115703_SKU0048,ORD115703,DS009,SKU0048,2025-08-10 14:41:49,Pick fail
SO115719_SKU0020,ORD115719,DS010,SKU0020,2025-08-10 19:41:43,Damaged
SO115723_SKU0030,ORD115723,DS010,SKU0030,2025-08-10 12:31:24,Expired
SO115724_SKU0060,ORD115724,DS010,SKU0060,2025-08-10 11:37:45,Damaged
SO115727_SKU0042,ORD115727,DS010,SKU0042,2025-08-10 15:08:11,Damaged
SO115744_SKU0069,ORD115744,DS010,SKU0069,2025-08-10 18:28:09,Pick fail
SO115751_SKU0037,ORD115751,DS010,SKU0037,2025-08-10 08:46:51,Pick fail
SO115780_SKU0001,ORD115780,DS010,SKU0001,2025-08-10 20:20:05,Zero on hand
SO115780_SKU0040,ORD115780,DS010,SKU0040,2025-08-10 20:20:05,Damaged
SO115787_SKU0040,ORD115787,DS010,SKU0040,2025-08-10 12:05:20,Pick fail
SO115799_SKU0011,ORD115799,DS010,SKU0011,2025-08-10 19:37:56,Damaged
SO115801_SKU0007,ORD115801,DS010,SKU0007,2025-08-10 17:31:19,Pick fail
SO115809_SKU0032,ORD115809,DS010,SKU0032,2025-08-10 17:50:05,Damaged
SO115814_SKU0067,ORD115814,DS010,SKU0067,2025-08-10 20:06:38,Zero on hand
SO115820_SKU0005,ORD115820,DS011,SKU0005,2025-08-10 16:05:32,Pick fail
SO115826_SKU0047,ORD115826,DS011,SKU0047,2025-08-10 19:59:16,Expired
SO115837_SKU0002,ORD115837,DS011,SKU0002,2025-08-10 10:20:38,Damaged
SO115844_SKU0025,ORD115844,DS011,SKU0025,2025-08-10 15:47:39,Expired
SO115845_SKU0020,ORD115845,DS011,SKU0020,2025-08-10 09:09:50,Expired
SO115851_SKU0018,ORD115851,DS011,SKU0018,2025-08-10 19:22:04,Pick fail
SO115853_SKU0066,ORD115853,DS011,SKU0066,2025-08-10 16:06:20,Zero on hand
SO115859_SKU0057,ORD115859,DS011,SKU0057,2025-08-10 20:27:48,Pick fail
SO115863_SKU0038,ORD115863,DS011,SKU0038,2025-08-10 12:05:32,Damaged
SO115868_SKU0001,ORD115868,DS011,SKU0001,2025-08-10 20:22:14,Zero on hand
SO115872_SKU0006,ORD115872,DS011,SKU0006,2025-08-10 16:14:33,Pick fail
SO115876_SKU0007,ORD115876,DS011,SKU0007,2025-08-10 12:06:34,Expired
SO115884_SKU0044,ORD115884,DS011,SKU0044,2025-08-10 18:59:12,Zero on hand
SO115890_SKU0020,ORD115890,DS012,SKU0020,2025-08-10 16:58:03,Damaged
SO115901_SKU0034,ORD115901,DS012,SKU0034,2025-08-10 10:12:07,Damaged
SO115905_SKU0060,ORD115905,DS012,SKU0060,2025-08-10 09:54:49,Damaged
SO115914_SKU0011,ORD115914,DS012,SKU0011,2025-08-10 17:16:07,Expired
SO115916_SKU0011,ORD115916,DS012,SKU0011,2025-08-10 08:27:08,Pick fail
SO115927_SKU0073,ORD115927,DS012,SKU0073,2025-08-10 20:18:37,Damaged
SO115933_SKU0050,ORD115933,DS012,SKU0050,2025-08-10 15:56:04,Zero on hand
SO115940_SKU0002,ORD115940,DS012,SKU0002,2025-08-10 13:07:02,Expired
SO115951_SKU0001,ORD115951,DS012,SKU0001,2025-08-10 17:14:46,Zero on hand
SO115956_SKU0053,ORD115956,DS012,SKU0053,2025-08-10 17:05:00,Zero on hand
SO115961_SKU0050,ORD115961,DS012,SKU0050,2025-08-10 15:47:55,Zero on hand
SO115984_SKU0048,ORD115984,DS013,SKU0048,2025-08-10 20:35:44,Pick fail
SO115987_SKU0041,ORD115987,DS013,SKU0041,2025-08-10 20:31:31,Zero on hand
SO115993_SKU0023,ORD115993,DS013,SKU0023,2025-08-10 18:50:16,Expired
SO115994_SKU0049,ORD115994,DS013,SKU0049,2025-08-10 13:49:56,Pick fail
SO116005_SKU0001,ORD116005,DS013,SKU0001,2025-08-10 09:14:25,Pick fail
SO116007_SKU0031,ORD116007,DS013,SKU0031,2025-08-10 19:02:47,Damaged
SO116026_SKU0066,ORD116026,DS013,SKU0066,2025-08-10 18:30:56,Zero on hand
SO116028_SKU0070,ORD116028,DS013,SKU0070,2025-08-10 16:55:57,Damaged
SO116029_SKU0005,ORD116029,DS013,SKU0005,2025-08-10 17:11:59,Expired
SO116033_SKU0051,ORD116033,DS013,SKU0051,2025-08-10 17:25:17,Expired
SO116034_SKU0053,ORD116034,DS013,SKU0053,2025-08-10 10:35:10,Pick fail
SO116062_SKU0025,ORD116062,DS014,SKU0025,2025-08-10 18:41:06,Damaged
SO116068_SKU0062,ORD116068,DS014,SKU0062,2025-08-10 18:32:35,Zero on hand
SO116071_SKU0063,ORD116071,DS014,SKU0063,2025-08-10 17:02:08,Expired
SO116073_SKU0062,ORD116073,DS014,SKU0062,2025-08-10 23:57:17,Expired
SO116080_SKU0023,ORD116080,DS014,SKU0023,2025-08-10 17:16:05,Expired
SO116091_SKU0069,ORD116091,DS014,SKU0069,2025-08-10 13:06:24,Zero on hand
SO116091_SKU0002,ORD116091,DS014,SKU0002,2025-08-10 13:06:24,Damaged
SO116098_SKU0029,ORD116098,DS014,SKU0029,2025-08-10 12:14:00,Zero on hand
SO116098_SKU0020,ORD116098,DS014,SKU0020,2025-08-10 12:14:00,Pick fail
SO116103_SKU0011,ORD116103,DS014,SKU0011,2025-08-10 10:57:56,Pick fail
SO116104_SKU0030,ORD116104,DS014,SKU0030,2025-08-10 12:00:09,Pick fail
SO116108_SKU0032,ORD116108,DS014,SKU0032,2025-08-10 17:21:08,Pick fail
SO116117_SKU0044,ORD116117,DS014,SKU0044,2025-08-10 10:08:48,Damaged
SO116141_SKU0007,ORD116141,DS015,SKU0007,2025-08-10 20:14:12,Expired
SO116155_SKU0004,ORD116155,DS015,SKU0004,2025-08-10 14:48:38,Expired
SO116161_SKU0026,ORD116161,DS015,SKU0026,2025-08-10 22:58:20,Expired
SO116162_SKU0058,ORD116162,DS015,SKU0058,2025-08-10 10:24:14,Zero on hand
SO116170_SKU0055,ORD116170,DS015,SKU0055,2025-08-10 19:41:03,Pick fail
SO116187_SKU0023,ORD116187,DS016,SKU0023,2025-08-10 18:04:33,Expired
SO116189_SKU0068,ORD116189,DS016,SKU0068,2025-08-10 19:48:55,Zero on hand
SO116192_SKU0068,ORD116192,DS016,SKU0068,2025-08-10 08:43:48,Damaged
SO116209_SKU0038,ORD116209,DS016,SKU0038,2025-08-10 20:35:39,Expired
SO116211_SKU0003,ORD116211,DS016,SKU0003,2025-08-10 20:04:23,Zero on hand
SO116212_SKU0068,ORD116212,DS016,SKU0068,2025-08-10 13:01:21,Pick fail
SO116217_SKU0075,ORD116217,DS016,SKU0075,2025-08-10 12:28:40,Expired
SO116235_SKU0059,ORD116235,DS016,SKU0059,2025-08-10 12:13:52,Damaged
SO116246_SKU0065,ORD116246,DS016,SKU0065,2025-08-10 20:29:59,Expired
SO116250_SKU0052,ORD116250,DS016,SKU0052,2025-08-10 20:08:58,Pick fail
SO116251_SKU0067,ORD116251,DS016,SKU0067,2025-08-10 12:02:03,Damaged
SO116268_SKU0004,ORD116268,DS016,SKU0004,2025-08-10 20:51:31,Expired
SO116278_SKU0042,ORD116278,DS016,SKU0042,2025-08-10 19:52:58,Damaged
SO116284_SKU0048,ORD116284,DS016,SKU0048,2025-08-10 11:16:02,Pick fail
SO116289_SKU0005,ORD116289,DS016,SKU0005,2025-08-10 20:31:36,Zero on hand
SO116289_SKU0060,ORD116289,DS016,SKU0060,2025-08-10 20:31:36,Pick fail
SO116291_SKU0029,ORD116291,DS016,SKU0029,2025-08-10 20:40:43,Pick fail
SO116300_SKU0031,ORD116300,DS017,SKU0031,2025-08-10 12:39:22,Pick fail
SO116304_SKU0070,ORD116304,DS017,SKU0070,2025-08-10 11:23:27,Expired
SO116314_SKU0031,ORD116314,DS017,SKU0031,2025-08-10 14:26:56,Zero on hand
SO116357_SKU0002,ORD116357,DS017,SKU0002,2025-08-10 17:45:36,Damaged
SO116389_SKU0069,ORD116389,DS017,SKU0069,2025-08-10 10:10:46,Damaged
SO116390_SKU0056,ORD116390,DS017,SKU0056,2025-08-10 22:35:27,Expired
SO116403_SKU0063,ORD116403,DS001,SKU0063,2025-08-11 21:24:25,Damaged
SO116410_SKU0044,ORD116410,DS001,SKU0044,2025-08-11 19:48:07,Pick fail
SO116417_SKU0068,ORD116417,DS001,SKU0068,2025-08-11 10:50:02,Expired
SO116420_SKU0008,ORD116420,DS001,SKU0008,2025-08-11 17:49:31,Zero on hand
SO116422_SKU0009,ORD116422,DS001,SKU0009,2025-08-11 23:37:40,Expired
SO116428_SKU0017,ORD116428,DS001,SKU0017,2025-08-11 13:13:36,Zero on hand
SO116441_SKU0018,ORD116441,DS001,SKU0018,2025-08-11 10:45:42,Pick fail
SO116442_SKU0061,ORD116442,DS001,SKU0061,2025-08-11 11:36:07,Pick fail
SO116465_SKU0042,ORD116465,DS001,SKU0042,2025-08-11 12:49:08,Damaged
SO116466_SKU0053,ORD116466,DS001,SKU0053,2025-08-11 21:39:22,Pick fail
SO116471_SKU0056,ORD116471,DS001,SKU0056,2025-08-11 20:46:29,Expired
SO116472_SKU0023,ORD116472,DS001,SKU0023,2025-08-11 18:56:17,Expired
SO116477_SKU0034,ORD116477,DS001,SKU0034,2025-08-11 08:36:59,Expired
SO116483_SKU0017,ORD116483,DS001,SKU0017,2025-08-11 18:42:56,Pick fail
SO116484_SKU0003,ORD116484,DS001,SKU0003,2025-08-11 10:05:24,Damaged
SO116500_SKU0004,ORD116500,DS002,SKU0004,2025-08-11 20:24:41,Zero on hand
SO116503_SKU0005,ORD116503,DS002,SKU0005,2025-08-11 19:48:19,Damaged
SO116507_SKU0070,ORD116507,DS002,SKU0070,2025-08-11 19:22:25,Pick fail
SO116509_SKU0072,ORD116509,DS002,SKU0072,2025-08-11 19:53:36,Expired
SO116509_SKU0008,ORD116509,DS002,SKU0008,2025-08-11 19:53:36,Expired
SO116510_SKU0069,ORD116510,DS002,SKU0069,2025-08-11 09:59:39,Damaged
SO116513_SKU0042,ORD116513,DS002,SKU0042,2025-08-11 18:34:14,Damaged
SO116513_SKU0010,ORD116513,DS002,SKU0010,2025-08-11 18:34:14,Expired
SO116533_SKU0063,ORD116533,DS002,SKU0063,2025-08-11 11:11:42,Pick fail
SO116535_SKU0024,ORD116535,DS002,SKU0024,2025-08-11 11:37:39,Zero on hand
SO116551_SKU0061,ORD116551,DS002,SKU0061,2025-08-11 16:51:04,Damaged
SO116555_SKU0025,ORD116555,DS002,SKU0025,2025-08-11 12:00:47,Zero on hand
SO116559_SKU0012,ORD116559,DS002,SKU0012,2025-08-11 19:44:28,Pick fail
SO116564_SKU0048,ORD116564,DS002,SKU0048,2025-08-11 20:02:03,Pick fail
SO116569_SKU0049,ORD116569,DS002,SKU0049,2025-08-11 15:28:25,Zero on hand
SO116573_SKU0056,ORD116573,DS002,SKU0056,2025-08-11 13:44:35,Expired
SO116575_SKU0014,ORD116575,DS002,SKU0014,2025-08-11 20:56:07,Zero on hand
SO116576_SKU0036,ORD116576,DS002,SKU0036,2025-08-11 20:14:04,Expired
SO116579_SKU0056,ORD116579,DS002,SKU0056,2025-08-11 14:30:24,Expired
SO116588_SKU0047,ORD116588,DS003,SKU0047,2025-08-11 13:07:18,Expired
SO116591_SKU0046,ORD116591,DS003,SKU0046,2025-08-11 13:29:11,Damaged
SO116593_SKU0001,ORD116593,DS003,SKU0001,2025-08-11 10:01:16,Damaged
SO116605_SKU0052,ORD116605,DS003,SKU0052,2025-08-11 21:44:10,Damaged
SO116608_SKU0054,ORD116608,DS003,SKU0054,2025-08-11 18:32:08,Pick fail
SO116613_SKU0040,ORD116613,DS003,SKU0040,2025-08-11 21:10:59,Zero on hand
SO116628_SKU0070,ORD116628,DS003,SKU0070,2025-08-11 12:20:54,Zero on hand
SO116636_SKU0046,ORD116636,DS003,SKU0046,2025-08-11 12:04:00,Pick fail
SO116641_SKU0066,ORD116641,DS003,SKU0066,2025-08-11 11:09:51,Damaged
SO116642_SKU0060,ORD116642,DS003,SKU0060,2025-08-11 20:45:38,Expired
SO116649_SKU0019,ORD116649,DS003,SKU0019,2025-08-11 20:05:30,Expired
SO116651_SKU0053,ORD116651,DS004,SKU0053,2025-08-11 09:57:06,Pick fail
SO116657_SKU0062,ORD116657,DS004,SKU0062,2025-08-11 08:11:16,Expired
SO116677_SKU0008,ORD116677,DS004,SKU0008,2025-08-11 19:22:17,Zero on hand
SO116679_SKU0026,ORD116679,DS004,SKU0026,2025-08-11 18:04:36,Damaged
SO116684_SKU0066,ORD116684,DS004,SKU0066,2025-08-11 21:35:58,Damaged
SO116687_SKU0007,ORD116687,DS004,SKU0007,2025-08-11 20:51:17,Zero on hand
SO116688_SKU0022,ORD116688,DS004,SKU0022,2025-08-11 20:49:20,Damaged
SO116694_SKU0067,ORD116694,DS004,SKU0067,2025-08-11 13:48:10,Expired
SO116700_SKU0045,ORD116700,DS004,SKU0045,2025-08-11 17:42:42,Zero on hand
SO116714_SKU0072,ORD116714,DS004,SKU0072,2025-08-11 16:35:03,Pick fail
SO116719_SKU0050,ORD116719,DS005,SKU0050,2025-08-11 17:00:43,Pick fail
SO116725_SKU0010,ORD116725,DS005,SKU0010,2025-08-11 17:04:43,Pick fail
SO116729_SKU0010,ORD116729,DS005,SKU0010,2025-08-11 16:44:18,Damaged
SO116734_SKU0076,ORD116734,DS005,SKU0076,2025-08-11 18:16:39,Damaged
SO116734_SKU0002,ORD116734,DS005,SKU0002,2025-08-11 18:16:39,Damaged
SO116749_SKU0029,ORD116749,DS005,SKU0029,2025-08-11 14:19:29,Expired
SO116752_SKU0019,ORD116752,DS005,SKU0019,2025-08-11 11:19:01,Pick fail
SO116752_SKU0026,ORD116752,DS005,SKU0026,2025-08-11 11:19:01,Expired
SO116754_SKU0052,ORD116754,DS005,SKU0052,2025-08-11 19:31:37,Zero on hand
SO116757_SKU0027,ORD116757,DS005,SKU0027,2025-08-11 17:19:38,Pick fail
SO116759_SKU0007,ORD116759,DS005,SKU0007,2025-08-11 14:36:44,Expired
SO116759_SKU0003,ORD116759,DS005,SKU0003,2025-08-11 14:36:44,Expired
SO116763_SKU0075,ORD116763,DS005,SKU0075,2025-08-11 12:34:03,Expired
SO116766_SKU0068,ORD116766,DS005,SKU0068,2025-08-11 10:32:36,Damaged
SO116768_SKU0019,ORD116768,DS005,SKU0019,2025-08-11 17:23:09,Zero on hand
SO116770_SKU0003,ORD116770,DS005,SKU0003,2025-08-11 19:07:09,Zero on hand
SO116774_SKU0026,ORD116774,DS005,SKU0026,2025-08-11 11:56:24,Zero on hand
SO116774_SKU0044,ORD116774,DS005,SKU0044,2025-08-11 11:56:24,Damaged
SO116775_SKU0014,ORD116775,DS005,SKU0014,2025-08-11 11:05:13,Pick fail
SO116798_SKU0016,ORD116798,DS005,SKU0016,2025-08-11 15:45:32,Pick fail
SO116814_SKU0040,ORD116814,DS006,SKU0040,2025-08-11 13:51:58,Pick fail
SO116829_SKU0068,ORD116829,DS006,SKU0068,2025-08-11 19:00:10,Pick fail
SO116832_SKU0030,ORD116832,DS006,SKU0030,2025-08-11 15:27:36,Damaged
SO116842_SKU0028,ORD116842,DS006,SKU0028,2025-08-11 18:07:59,Expired
SO116853_SKU0077,ORD116853,DS006,SKU0077,2025-08-11 09:09:09,Zero on hand
SO116871_SKU0042,ORD116871,DS006,SKU0042,2025-08-11 17:42:44,Damaged
SO116877_SKU0008,ORD116877,DS006,SKU0008,2025-08-11 08:50:05,Pick fail
SO116878_SKU0065,ORD116878,DS006,SKU0065,2025-08-11 20:27:54,Zero on hand
SO116878_SKU0066,ORD116878,DS006,SKU0066,2025-08-11 20:27:54,Expired
SO116879_SKU0002,ORD116879,DS006,SKU0002,2025-08-11 08:15:52,Pick fail
SO116881_SKU0003,ORD116881,DS006,SKU0003,2025-08-11 14:15:29,Damaged
SO116884_SKU0003,ORD116884,DS006,SKU0003,2025-08-11 23:59:55,Zero on hand
SO116885_SKU0067,ORD116885,DS006,SKU0067,2025-08-11 17:55:52,Expired
SO116891_SKU0006,ORD116891,DS006,SKU0006,2025-08-11 18:42:13,Zero on hand
SO116894_SKU0005,ORD116894,DS006,SKU0005,2025-08-11 20:33:59,Zero on hand
SO116902_SKU0060,ORD116902,DS006,SKU0060,2025-08-11 10:52:29,Expired
SO116907_SKU0040,ORD116907,DS007,SKU0040,2025-08-11 15:27:12,Damaged
SO116915_SKU0067,ORD116915,DS007,SKU0067,2025-08-11 10:39:45,Zero on hand
SO116916_SKU0041,ORD116916,DS007,SKU0041,2025-08-11 13:55:07,Pick fail
SO116918_SKU0045,ORD116918,DS007,SKU0045,2025-08-11 19:28:51,Zero on hand
SO116920_SKU0027,ORD116920,DS007,SKU0027,2025-08-11 20:12:42,Damaged
SO116930_SKU0057,ORD116930,DS007,SKU0057,2025-08-11 18:15:55,Pick fail
SO116939_SKU0008,ORD116939,DS007,SKU0008,2025-08-11 17:40:25,Damaged
SO116950_SKU0059,ORD116950,DS007,SKU0059,2025-08-11 08:08:04,Expired
SO116950_SKU0049,ORD116950,DS007,SKU0049,2025-08-11 08:08:04,Zero on hand
SO116968_SKU0006,ORD116968,DS007,SKU0006,2025-08-11 13:57:19,Zero on hand
SO116976_SKU0051,ORD116976,DS007,SKU0051,2025-08-11 21:05:01,Zero on hand
SO116983_SKU0049,ORD116983,DS008,SKU0049,2025-08-11 15:54:45,Damaged
SO116987_SKU0064,ORD116987,DS008,SKU0064,2025-08-11 18:05:03,Damaged
SO116988_SKU0007,ORD116988,DS008,SKU0007,2025-08-11 14:19:31,Damaged
SO116991_SKU0054,ORD116991,DS008,SKU0054,2025-08-11 22:55:18,Pick fail
SO117010_SKU0020,ORD117010,DS008,SKU0020,2025-08-11 18:21:12,Zero on hand
SO117013_SKU0055,ORD117013,DS008,SKU0055,2025-08-11 19:27:37,Expired
SO117020_SKU0059,ORD117020,DS008,SKU0059,2025-08-11 18:46:39,Zero on hand
SO117034_SKU0079,ORD117034,DS008,SKU0079,2025-08-11 18:33:34,Pick fail
SO117046_SKU0048,ORD117046,DS008,SKU0048,2025-08-11 14:15:38,Pick fail
SO117055_SKU0008,ORD117055,DS009,SKU0008,2025-08-11 18:59:00,Pick fail
SO117059_SKU0055,ORD117059,DS009,SKU0055,2025-08-11 16:44:47,Expired
SO117061_SKU0060,ORD117061,DS009,SKU0060,2025-08-11 14:39:42,Zero on hand
SO117066_SKU0046,ORD117066,DS009,SKU0046,2025-08-11 17:18:16,Damaged
SO117069_SKU0048,ORD117069,DS009,SKU0048,2025-08-11 09:13:01,Zero on hand
SO117078_SKU0025,ORD117078,DS009,SKU0025,2025-08-11 20:46:06,Expired
SO117081_SKU0023,ORD117081,DS009,SKU0023,2025-08-11 09:27:22,Zero on hand
SO117088_SKU0046,ORD117088,DS009,SKU0046,2025-08-11 16:16:38,Damaged
SO117092_SKU0018,ORD117092,DS009,SKU0018,2025-08-11 16:58:40,Expired
SO117111_SKU0003,ORD117111,DS009,SKU0003,2025-08-11 11:47:59,Zero on hand
SO117114_SKU0051,ORD117114,DS009,SKU0051,2025-08-11 14:22:13,Zero on hand
SO117122_SKU0071,ORD117122,DS009,SKU0071,2025-08-11 19:55:33,Zero on hand
SO117127_SKU0064,ORD117127,DS009,SKU0064,2025-08-11 17:24:59,Damaged
SO117129_SKU0062,ORD117129,DS009,SKU0062,2025-08-11 19:04:10,Expired
SO117144_SKU0075,ORD117144,DS010,SKU0075,2025-08-11 12:44:49,Zero on hand
SO117152_SKU0053,ORD117152,DS010,SKU0053,2025-08-11 17:07:19,Pick fail
SO117153_SKU0032,ORD117153,DS010,SKU0032,2025-08-11 10:07:48,Damaged
SO117159_SKU0062,ORD117159,DS010,SKU0062,2025-08-11 13:26:28,Damaged
SO117190_SKU0002,ORD117190,DS010,SKU0002,2025-08-11 19:29:55,Pick fail
SO117196_SKU0065,ORD117196,DS010,SKU0065,2025-08-11 19:05:53,Pick fail
SO117208_SKU0055,ORD117208,DS010,SKU0055,2025-08-11 17:22:22,Expired
SO117213_SKU0008,ORD117213,DS010,SKU0008,2025-08-11 16:48:22,Expired
SO117219_SKU0051,ORD117219,DS010,SKU0051,2025-08-11 17:29:50,Damaged
SO117245_SKU0062,ORD117245,DS011,SKU0062,2025-08-11 19:51:45,Expired
SO117259_SKU0010,ORD117259,DS011,SKU0010,2025-08-11 12:35:29,Expired
SO117261_SKU0073,ORD117261,DS011,SKU0073,2025-08-11 12:40:48,Damaged
SO117274_SKU0036,ORD117274,DS011,SKU0036,2025-08-11 17:33:34,Pick fail
SO117280_SKU0008,ORD117280,DS011,SKU0008,2025-08-11 20:43:57,Zero on hand
SO117280_SKU0044,ORD117280,DS011,SKU0044,2025-08-11 20:43:57,Zero on hand
SO117283_SKU0011,ORD117283,DS011,SKU0011,2025-08-11 15:04:34,Zero on hand
SO117293_SKU0024,ORD117293,DS012,SKU0024,2025-08-11 17:10:19,Damaged
SO117309_SKU0055,ORD117309,DS012,SKU0055,2025-08-11 19:22:11,Zero on hand
SO117312_SKU0033,ORD117312,DS012,SKU0033,2025-08-11 17:23:13,Damaged
SO117314_SKU0064,ORD117314,DS012,SKU0064,2025-08-11 19:40:05,Zero on hand
SO117317_SKU0072,ORD117317,DS012,SKU0072,2025-08-11 13:13:03,Expired
SO117334_SKU0053,ORD117334,DS012,SKU0053,2025-08-11 14:27:36,Damaged
SO117335_SKU0056,ORD117335,DS012,SKU0056,2025-08-11 20:51:02,Damaged
SO117351_SKU0058,ORD117351,DS012,SKU0058,2025-08-11 19:10:23,Pick fail
SO117351_SKU0005,ORD117351,DS012,SKU0005,2025-08-11 19:10:23,Zero on hand
SO117355_SKU0005,ORD117355,DS012,SKU0005,2025-08-11 19:29:00,Pick fail
SO117359_SKU0064,ORD117359,DS012,SKU0064,2025-08-11 19:49:50,Expired
SO117360_SKU0001,ORD117360,DS012,SKU0001,2025-08-11 21:06:18,Expired
SO117365_SKU0014,ORD117365,DS012,SKU0014,2025-08-11 21:53:29,Pick fail
SO117370_SKU0053,ORD117370,DS012,SKU0053,2025-08-11 15:29:51,Zero on hand
SO117372_SKU0060,ORD117372,DS012,SKU0060,2025-08-11 20:32:06,Zero on hand
SO117375_SKU0010,ORD117375,DS012,SKU0010,2025-08-11 16:55:30,Pick fail
SO117383_SKU0064,ORD117383,DS013,SKU0064,2025-08-11 09:17:36,Damaged
SO117386_SKU0059,ORD117386,DS013,SKU0059,2025-08-11 10:34:24,Zero on hand
SO117399_SKU0009,ORD117399,DS013,SKU0009,2025-08-11 08:26:09,Zero on hand
SO117403_SKU0080,ORD117403,DS013,SKU0080,2025-08-11 15:30:04,Expired
SO117407_SKU0064,ORD117407,DS013,SKU0064,2025-08-11 11:02:41,Pick fail
SO117412_SKU0079,ORD117412,DS013,SKU0079,2025-08-11 18:12:14,Expired
SO117417_SKU0073,ORD117417,DS013,SKU0073,2025-08-11 19:24:48,Zero on hand
SO117422_SKU0024,ORD117422,DS013,SKU0024,2025-08-11 19:07:34,Zero on hand
SO117428_SKU0026,ORD117428,DS013,SKU0026,2025-08-11 09:08:07,Zero on hand
SO117433_SKU0006,ORD117433,DS013,SKU0006,2025-08-11 12:27:29,Expired
SO117435_SKU0054,ORD117435,DS013,SKU0054,2025-08-11 13:26:33,Pick fail
SO117435_SKU0078,ORD117435,DS013,SKU0078,2025-08-11 13:26:33,Pick fail
SO117439_SKU0015,ORD117439,DS013,SKU0015,2025-08-11 18:57:16,Expired
SO117445_SKU0007,ORD117445,DS013,SKU0007,2025-08-11 09:42:35,Expired
SO117447_SKU0050,ORD117447,DS013,SKU0050,2025-08-11 11:27:41,Damaged
SO117451_SKU0008,ORD117451,DS013,SKU0008,2025-08-11 09:09:21,Expired
SO117460_SKU0005,ORD117460,DS014,SKU0005,2025-08-11 21:51:26,Zero on hand
SO117476_SKU0048,ORD117476,DS014,SKU0048,2025-08-11 08:02:29,Pick fail
SO117482_SKU0038,ORD117482,DS014,SKU0038,2025-08-11 17:46:50,Pick fail
SO117487_SKU0065,ORD117487,DS014,SKU0065,2025-08-11 17:46:53,Damaged
SO117501_SKU0019,ORD117501,DS014,SKU0019,2025-08-11 11:58:53,Pick fail
SO117504_SKU0043,ORD117504,DS014,SKU0043,2025-08-11 17:49:51,Pick fail
SO117518_SKU0061,ORD117518,DS014,SKU0061,2025-08-11 20:20:37,Expired
SO117520_SKU0013,ORD117520,DS014,SKU0013,2025-08-11 16:50:54,Zero on hand
SO117521_SKU0018,ORD117521,DS014,SKU0018,2025-08-11 19:54:38,Pick fail
SO117521_SKU0049,ORD117521,DS014,SKU0049,2025-08-11 19:54:38,Pick fail
SO117531_SKU0026,ORD117531,DS014,SKU0026,2025-08-11 15:16:55,Damaged
SO117540_SKU0063,ORD117540,DS015,SKU0063,2025-08-11 20:49:09,Damaged
SO117543_SKU0054,ORD117543,DS015,SKU0054,2025-08-11 09:16:51,Zero on hand
SO117546_SKU0068,ORD117546,DS015,SKU0068,2025-08-11 08:54:07,Pick fail
SO117560_SKU0076,ORD117560,DS015,SKU0076,2025-08-11 19:54:08,Zero on hand
SO117561_SKU0058,ORD117561,DS015,SKU0058,2025-08-11 20:10:29,Pick fail
SO117574_SKU0079,ORD117574,DS015,SKU0079,2025-08-11 18:54:40,Zero on hand
SO117575_SKU0004,ORD117575,DS015,SKU0004,2025-08-11 10:44:48,Zero on hand
SO117578_SKU0076,ORD117578,DS015,SKU0076,2025-08-11 16:16:44,Zero on hand
SO117596_SKU0056,ORD117596,DS015,SKU0056,2025-08-11 18:32:19,Expired
SO117605_SKU0054,ORD117605,DS016,SKU0054,2025-08-11 12:25:49,Pick fail
SO117610_SKU0024,ORD117610,DS016,SKU0024,2025-08-11 22:38:28,Pick fail
SO117611_SKU0044,ORD117611,DS016,SKU0044,2025-08-11 16:20:45,Expired
SO117621_SKU0066,ORD117621,DS016,SKU0066,2025-08-11 20:52:25,Damaged
SO117644_SKU0021,ORD117644,DS016,SKU0021,2025-08-11 13:29:49,Damaged
SO117651_SKU0061,ORD117651,DS016,SKU0061,2025-08-11 08:52:32,Expired
SO117655_SKU0056,ORD117655,DS016,SKU0056,2025-08-11 14:57:51,Zero on hand
SO117655_SKU0038,ORD117655,DS016,SKU0038,2025-08-11 14:57:51,Expired
SO117665_SKU0072,ORD117665,DS016,SKU0072,2025-08-11 18:07:26,Zero on hand
SO117667_SKU0009,ORD117667,DS016,SKU0009,2025-08-11 20:17:08,Zero on hand
SO117669_SKU0071,ORD117669,DS016,SKU0071,2025-08-11 08:14:45,Damaged
SO117683_SKU0048,ORD117683,DS016,SKU0048,2025-08-11 13:33:31,Damaged
SO117686_SKU0013,ORD117686,DS016,SKU0013,2025-08-11 20:33:55,Damaged
SO117712_SKU0019,ORD117712,DS017,SKU0019,2025-08-11 21:10:14,Expired
SO117713_SKU0062,ORD117713,DS017,SKU0062,2025-08-11 19:15:59,Zero on hand
SO117714_SKU0059,ORD117714,DS017,SKU0059,2025-08-11 22:46:14,Zero on hand
SO117728_SKU0062,ORD117728,DS017,SKU0062,2025-08-11 17:03:07,Expired
SO117736_SKU0037,ORD117736,DS017,SKU0037,2025-08-11 12:38:21,Zero on hand
SO117756_SKU0074,ORD117756,DS017,SKU0074,2025-08-11 16:22:33,Zero on hand
SO117761_SKU0060,ORD117761,DS017,SKU0060,2025-08-11 14:09:15,Zero on hand
SO117782_SKU0052,ORD117782,DS017,SKU0052,2025-08-11 11:36:21,Pick fail
SO117790_SKU0079,ORD117790,DS017,SKU0079,2025-08-11 14:15:09,Expired
SO117816_SKU0054,ORD117816,DS017,SKU0054,2025-08-11 23:04:19,Pick fail
SO117817_SKU0058,ORD117817,DS017,SKU0058,2025-08-11 12:08:22,Expired
SO117822_SKU0061,ORD117822,DS017,SKU0061,2025-08-11 21:23:13,Pick fail
SO117826_SKU0050,ORD117826,DS001,SKU0050,2025-08-12 17:01:25,Pick fail
SO117828_SKU0042,ORD117828,DS001,SKU0042,2025-08-12 19:04:49,Pick fail
SO117839_SKU0064,ORD117839,DS001,SKU0064,2025-08-12 22:33:58,Damaged
SO117852_SKU0025,ORD117852,DS001,SKU0025,2025-08-12 18:00:30,Damaged
SO117863_SKU0029,ORD117863,DS001,SKU0029,2025-08-12 21:54:10,Zero on hand
SO117880_SKU0038,ORD117880,DS001,SKU0038,2025-08-12 18:25:04,Zero on hand
SO117883_SKU0072,ORD117883,DS001,SKU0072,2025-08-12 17:02:44,Damaged
SO117885_SKU0045,ORD117885,DS001,SKU0045,2025-08-12 20:12:11,Expired
SO117893_SKU0064,ORD117893,DS001,SKU0064,2025-08-12 19:22:51,Damaged
SO117895_SKU0004,ORD117895,DS001,SKU0004,2025-08-12 22:19:59,Expired
SO117902_SKU0061,ORD117902,DS001,SKU0061,2025-08-12 19:37:45,Damaged
SO117912_SKU0047,ORD117912,DS001,SKU0047,2025-08-12 12:33:56,Expired
SO117915_SKU0010,ORD117915,DS002,SKU0010,2025-08-12 18:41:35,Damaged
SO117928_SKU0079,ORD117928,DS002,SKU0079,2025-08-12 18:33:21,Pick fail
SO117943_SKU0052,ORD117943,DS002,SKU0052,2025-08-12 18:37:22,Damaged
SO117949_SKU0004,ORD117949,DS002,SKU0004,2025-08-12 16:56:16,Expired
SO117951_SKU0062,ORD117951,DS002,SKU0062,2025-08-12 18:33:52,Pick fail
SO117952_SKU0027,ORD117952,DS002,SKU0027,2025-08-12 09:22:50,Pick fail
SO117960_SKU0017,ORD117960,DS002,SKU0017,2025-08-12 19:56:05,Expired
SO117962_SKU0040,ORD117962,DS002,SKU0040,2025-08-12 16:47:59,Expired
SO117964_SKU0019,ORD117964,DS002,SKU0019,2025-08-12 08:50:26,Expired
SO117973_SKU0022,ORD117973,DS002,SKU0022,2025-08-12 18:00:17,Zero on hand
SO117974_SKU0078,ORD117974,DS003,SKU0078,2025-08-12 14:26:41,Pick fail
SO117984_SKU0009,ORD117984,DS003,SKU0009,2025-08-12 20:30:11,Damaged
SO117989_SKU0026,ORD117989,DS003,SKU0026,2025-08-12 10:15:43,Pick fail
SO117993_SKU0023,ORD117993,DS003,SKU0023,2025-08-12 14:57:33,Damaged
SO117995_SKU0007,ORD117995,DS003,SKU0007,2025-08-12 09:12:59,Pick fail
SO118017_SKU0025,ORD118017,DS003,SKU0025,2025-08-12 20:40:14,Expired
SO118019_SKU0054,ORD118019,DS003,SKU0054,2025-08-12 13:21:46,Pick fail
SO118021_SKU0060,ORD118021,DS003,SKU0060,2025-08-12 19:35:41,Expired
SO118023_SKU0080,ORD118023,DS003,SKU0080,2025-08-12 18:31:16,Pick fail
SO118027_SKU0053,ORD118027,DS003,SKU0053,2025-08-12 19:59:22,Damaged
SO118034_SKU0012,ORD118034,DS004,SKU0012,2025-08-12 19:48:47,Expired
SO118047_SKU0039,ORD118047,DS004,SKU0039,2025-08-12 21:30:27,Pick fail
SO118058_SKU0016,ORD118058,DS004,SKU0016,2025-08-12 13:40:38,Expired
SO118066_SKU0013,ORD118066,DS004,SKU0013,2025-08-12 17:01:41,Expired
SO118067_SKU0056,ORD118067,DS004,SKU0056,2025-08-12 13:58:10,Pick fail
SO118069_SKU0005,ORD118069,DS004,SKU0005,2025-08-12 17:28:20,Zero on hand
SO118072_SKU0002,ORD118072,DS004,SKU0002,2025-08-12 18:07:08,Pick fail
SO118090_SKU0035,ORD118090,DS004,SKU0035,2025-08-12 11:46:46,Pick fail
SO118103_SKU0038,ORD118103,DS005,SKU0038,2025-08-12 20:37:57,Expired
SO118113_SKU0019,ORD118113,DS005,SKU0019,2025-08-12 21:04:10,Zero on hand
SO118127_SKU0038,ORD118127,DS005,SKU0038,2025-08-12 12:34:23,Expired
SO118128_SKU0051,ORD118128,DS005,SKU0051,2025-08-12 09:59:51,Zero on hand
SO118130_SKU0031,ORD118130,DS005,SKU0031,2025-08-12 16:19:25,Damaged
SO118134_SKU0008,ORD118134,DS005,SKU0008,2025-08-12 20:12:56,Zero on hand
SO118136_SKU0063,ORD118136,DS005,SKU0063,2025-08-12 20:27:37,Pick fail
SO118136_SKU0027,ORD118136,DS005,SKU0027,2025-08-12 20:27:37,Expired
SO118142_SKU0018,ORD118142,DS005,SKU0018,2025-08-12 21:24:11,Zero on hand
SO118142_SKU0053,ORD118142,DS005,SKU0053,2025-08-12 21:24:11,Pick fail
SO118149_SKU0025,ORD118149,DS005,SKU0025,2025-08-12 08:54:49,Damaged
SO118164_SKU0035,ORD118164,DS005,SKU0035,2025-08-12 12:51:51,Pick fail
SO118165_SKU0037,ORD118165,DS005,SKU0037,2025-08-12 09:48:45,Pick fail
SO118168_SKU0062,ORD118168,DS005,SKU0062,2025-08-12 10:47:16,Expired
SO118177_SKU0055,ORD118177,DS005,SKU0055,2025-08-12 19:45:10,Expired
SO118182_SKU0010,ORD118182,DS005,SKU0010,2025-08-12 11:25:59,Expired
SO118183_SKU0080,ORD118183,DS006,SKU0080,2025-08-12 19:01:13,Damaged
SO118186_SKU0066,ORD118186,DS006,SKU0066,2025-08-12 22:19:28,Damaged
SO118206_SKU0058,ORD118206,DS006,SKU0058,2025-08-12 09:51:42,Pick fail
SO118207_SKU0069,ORD118207,DS006,SKU0069,2025-08-12 09:12:03,Expired
SO118224_SKU0064,ORD118224,DS006,SKU0064,2025-08-12 20:15:18,Damaged
SO118234_SKU0047,ORD118234,DS006,SKU0047,2025-08-12 11:23:45,Expired
SO118249_SKU0065,ORD118249,DS006,SKU0065,2025-08-12 19:13:45,Expired
SO118254_SKU0030,ORD118254,DS006,SKU0030,2025-08-12 22:02:28,Damaged
SO118261_SKU0021,ORD118261,DS006,SKU0021,2025-08-12 17:35:17,Zero on hand
SO118299_SKU0072,ORD118299,DS007,SKU0072,2025-08-12 19:30:13,Zero on hand
SO118315_SKU0077,ORD118315,DS007,SKU0077,2025-08-12 19:15:57,Expired
SO118317_SKU0038,ORD118317,DS007,SKU0038,2025-08-12 09:25:03,Zero on hand
SO118344_SKU0069,ORD118344,DS007,SKU0069,2025-08-12 18:42:48,Pick fail
SO118352_SKU0035,ORD118352,DS007,SKU0035,2025-08-12 18:35:56,Pick fail
SO118358_SKU0022,ORD118358,DS007,SKU0022,2025-08-12 13:57:34,Expired
SO118359_SKU0067,ORD118359,DS007,SKU0067,2025-08-12 13:11:04,Zero on hand
SO118387_SKU0001,ORD118387,DS008,SKU0001,2025-08-12 20:49:18,Zero on hand
SO118390_SKU0001,ORD118390,DS008,SKU0001,2025-08-12 09:44:23,Damaged
SO118392_SKU0011,ORD118392,DS008,SKU0011,2025-08-12 18:15:25,Expired
SO118395_SKU0007,ORD118395,DS008,SKU0007,2025-08-12 18:13:21,Zero on hand
SO118399_SKU0068,ORD118399,DS008,SKU0068,2025-08-12 22:11:11,Zero on hand
SO118402_SKU0001,ORD118402,DS008,SKU0001,2025-08-12 12:37:10,Pick fail
SO118408_SKU0034,ORD118408,DS008,SKU0034,2025-08-12 18:23:18,Zero on hand
SO118410_SKU0062,ORD118410,DS008,SKU0062,2025-08-12 17:30:17,Damaged
SO118418_SKU0080,ORD118418,DS008,SKU0080,2025-08-12 22:43:32,Pick fail
SO118418_SKU0064,ORD118418,DS008,SKU0064,2025-08-12 22:43:32,Expired
SO118431_SKU0034,ORD118431,DS008,SKU0034,2025-08-12 08:30:23,Zero on hand
SO118439_SKU0055,ORD118439,DS008,SKU0055,2025-08-12 19:30:18,Damaged
SO118444_SKU0064,ORD118444,DS008,SKU0064,2025-08-12 21:44:22,Damaged
SO118457_SKU0016,ORD118457,DS008,SKU0016,2025-08-12 20:27:37,Zero on hand
SO118464_SKU0008,ORD118464,DS008,SKU0008,2025-08-12 15:38:12,Expired
SO118479_SKU0009,ORD118479,DS008,SKU0009,2025-08-12 09:20:40,Expired
SO118480_SKU0051,ORD118480,DS008,SKU0051,2025-08-12 19:49:13,Expired
SO118481_SKU0001,ORD118481,DS008,SKU0001,2025-08-12 10:33:26,Expired
SO118481_SKU0010,ORD118481,DS008,SKU0010,2025-08-12 10:33:26,Damaged
SO118487_SKU0011,ORD118487,DS009,SKU0011,2025-08-12 15:00:50,Damaged
SO118496_SKU0030,ORD118496,DS009,SKU0030,2025-08-12 19:22:19,Expired
SO118537_SKU0016,ORD118537,DS009,SKU0016,2025-08-12 10:32:02,Expired
SO118544_SKU0005,ORD118544,DS009,SKU0005,2025-08-12 20:02:17,Zero on hand
SO118548_SKU0019,ORD118548,DS009,SKU0019,2025-08-12 17:51:42,Pick fail
SO118561_SKU0052,ORD118561,DS009,SKU0052,2025-08-12 17:43:29,Zero on hand
SO118561_SKU0033,ORD118561,DS009,SKU0033,2025-08-12 17:43:29,Damaged
SO118603_SKU0039,ORD118603,DS010,SKU0039,2025-08-12 18:38:01,Expired
SO118608_SKU0066,ORD118608,DS010,SKU0066,2025-08-12 20:21:55,Pick fail
SO118619_SKU0067,ORD118619,DS010,SKU0067,2025-08-12 18:08:17,Zero on hand
SO118619_SKU0059,ORD118619,DS010,SKU0059,2025-08-12 18:08:17,Expired
SO118622_SKU0025,ORD118622,DS010,SKU0025,2025-08-12 14:22:37,Expired
SO118624_SKU0032,ORD118624,DS010,SKU0032,2025-08-12 18:26:02,Pick fail
SO118629_SKU0051,ORD118629,DS010,SKU0051,2025-08-12 09:36:14,Zero on hand
SO118635_SKU0002,ORD118635,DS010,SKU0002,2025-08-12 13:20:44,Damaged
SO118644_SKU0065,ORD118644,DS010,SKU0065,2025-08-12 11:17:13,Pick fail
SO118653_SKU0054,ORD118653,DS010,SKU0054,2025-08-12 21:03:51,Expired
SO118654_SKU0039,ORD118654,DS010,SKU0039,2025-08-12 21:35:45,Pick fail
SO118668_SKU0064,ORD118668,DS010,SKU0064,2025-08-12 17:59:22,Zero on hand
SO118675_SKU0007,ORD118675,DS011,SKU0007,2025-08-12 13:54:00,Expired
SO118679_SKU0071,ORD118679,DS011,SKU0071,2025-08-12 09:17:26,Expired
SO118688_SKU0069,ORD118688,DS011,SKU0069,2025-08-12 13:50:46,Damaged
SO118690_SKU0067,ORD118690,DS011,SKU0067,2025-08-12 17:16:16,Zero on hand
SO118690_SKU0071,ORD118690,DS011,SKU0071,2025-08-12 17:16:16,Damaged
SO118693_SKU0066,ORD118693,DS011,SKU0066,2025-08-12 16:33:27,Expired
SO118694_SKU0056,ORD118694,DS011,SKU0056,2025-08-12 20:28:50,Expired
SO118698_SKU0072,ORD118698,DS011,SKU0072,2025-08-12 17:54:51,Damaged
SO118704_SKU0077,ORD118704,DS011,SKU0077,2025-08-12 16:10:40,Zero on hand
SO118713_SKU0004,ORD118713,DS011,SKU0004,2025-08-12 22:37:59,Zero on hand
SO118727_SKU0035,ORD118727,DS011,SKU0035,2025-08-12 13:45:29,Expired
SO118728_SKU0051,ORD118728,DS011,SKU0051,2025-08-12 11:09:33,Damaged
SO118735_SKU0021,ORD118735,DS011,SKU0021,2025-08-12 16:46:16,Damaged
SO118736_SKU0051,ORD118736,DS011,SKU0051,2025-08-12 19:09:47,Expired
SO118741_SKU0011,ORD118741,DS011,SKU0011,2025-08-12 20:46:31,Zero on hand
SO118743_SKU0033,ORD118743,DS011,SKU0033,2025-08-12 18:11:36,Zero on hand
SO118748_SKU0046,ORD118748,DS012,SKU0046,2025-08-12 08:16:04,Expired
SO118755_SKU0002,ORD118755,DS012,SKU0002,2025-08-12 17:54:55,Damaged
SO118756_SKU0014,ORD118756,DS012,SKU0014,2025-08-12 10:14:55,Pick fail
SO118760_SKU0067,ORD118760,DS012,SKU0067,2025-08-12 23:57:39,Expired
SO118773_SKU0007,ORD118773,DS012,SKU0007,2025-08-12 17:47:00,Expired
SO118780_SKU0025,ORD118780,DS012,SKU0025,2025-08-12 13:24:54,Damaged
SO118784_SKU0032,ORD118784,DS012,SKU0032,2025-08-12 19:36:24,Pick fail
SO118789_SKU0067,ORD118789,DS012,SKU0067,2025-08-12 18:29:26,Zero on hand
SO118789_SKU0061,ORD118789,DS012,SKU0061,2025-08-12 18:29:26,Zero on hand
SO118799_SKU0079,ORD118799,DS012,SKU0079,2025-08-12 21:15:19,Zero on hand
SO118800_SKU0067,ORD118800,DS012,SKU0067,2025-08-12 20:28:14,Pick fail
SO118838_SKU0062,ORD118838,DS013,SKU0062,2025-08-12 22:09:57,Expired
SO118850_SKU0062,ORD118850,DS013,SKU0062,2025-08-12 16:02:50,Pick fail
SO118854_SKU0001,ORD118854,DS013,SKU0001,2025-08-12 20:35:30,Zero on hand
SO118858_SKU0050,ORD118858,DS013,SKU0050,2025-08-12 20:49:38,Damaged
SO118866_SKU0049,ORD118866,DS013,SKU0049,2025-08-12 20:58:52,Expired
SO118874_SKU0079,ORD118874,DS013,SKU0079,2025-08-12 12:47:37,Expired
SO118893_SKU0073,ORD118893,DS014,SKU0073,2025-08-12 22:20:55,Expired
SO118896_SKU0051,ORD118896,DS014,SKU0051,2025-08-12 16:07:43,Expired
SO118905_SKU0018,ORD118905,DS014,SKU0018,2025-08-12 12:42:16,Expired
SO118910_SKU0056,ORD118910,DS014,SKU0056,2025-08-12 23:49:08,Damaged
SO118924_SKU0049,ORD118924,DS014,SKU0049,2025-08-12 13:27:47,Expired
SO118926_SKU0001,ORD118926,DS014,SKU0001,2025-08-12 11:31:02,Damaged
SO118933_SKU0075,ORD118933,DS014,SKU0075,2025-08-12 17:17:31,Damaged
SO118934_SKU0031,ORD118934,DS014,SKU0031,2025-08-12 20:45:33,Pick fail
SO118943_SKU0064,ORD118943,DS014,SKU0064,2025-08-12 14:22:49,Damaged
SO118947_SKU0048,ORD118947,DS014,SKU0048,2025-08-12 21:18:02,Zero on hand
SO118948_SKU0055,ORD118948,DS014,SKU0055,2025-08-12 11:37:56,Pick fail
SO118956_SKU0003,ORD118956,DS014,SKU0003,2025-08-12 22:21:17,Zero on hand
SO118965_SKU0044,ORD118965,DS014,SKU0044,2025-08-12 17:48:10,Pick fail
SO118970_SKU0052,ORD118970,DS014,SKU0052,2025-08-12 17:59:47,Zero on hand
SO118975_SKU0061,ORD118975,DS014,SKU0061,2025-08-12 08:03:37,Damaged
SO118977_SKU0048,ORD118977,DS014,SKU0048,2025-08-12 17:10:00,Pick fail
SO118980_SKU0011,ORD118980,DS014,SKU0011,2025-08-12 12:59:12,Expired
SO118982_SKU0032,ORD118982,DS014,SKU0032,2025-08-12 18:36:13,Expired
SO118992_SKU0070,ORD118992,DS014,SKU0070,2025-08-12 13:03:48,Pick fail
SO118993_SKU0048,ORD118993,DS014,SKU0048,2025-08-12 13:38:58,Damaged
SO118998_SKU0007,ORD118998,DS014,SKU0007,2025-08-12 21:04:47,Zero on hand
SO118999_SKU0059,ORD118999,DS014,SKU0059,2025-08-12 12:26:03,Damaged
SO119018_SKU0049,ORD119018,DS015,SKU0049,2025-08-12 18:31:45,Expired
SO119019_SKU0007,ORD119019,DS015,SKU0007,2025-08-12 19:34:19,Damaged
SO119022_SKU0007,ORD119022,DS015,SKU0007,2025-08-12 11:12:38,Zero on hand
SO119034_SKU0001,ORD119034,DS015,SKU0001,2025-08-12 13:58:57,Pick fail
SO119037_SKU0072,ORD119037,DS015,SKU0072,2025-08-12 15:53:45,Zero on hand
SO119041_SKU0019,ORD119041,DS015,SKU0019,2025-08-12 08:16:02,Pick fail
SO119042_SKU0001,ORD119042,DS015,SKU0001,2025-08-12 12:02:18,Damaged
SO119042_SKU0002,ORD119042,DS015,SKU0002,2025-08-12 12:02:18,Damaged
SO119052_SKU0050,ORD119052,DS015,SKU0050,2025-08-12 09:24:38,Damaged
SO119053_SKU0017,ORD119053,DS016,SKU0017,2025-08-12 14:44:33,Expired
SO119058_SKU0064,ORD119058,DS016,SKU0064,2025-08-12 13:40:19,Zero on hand
SO119062_SKU0009,ORD119062,DS016,SKU0009,2025-08-12 09:37:26,Zero on hand
SO119065_SKU0047,ORD119065,DS016,SKU0047,2025-08-12 19:59:20,Zero on hand
SO119068_SKU0053,ORD119068,DS016,SKU0053,2025-08-12 12:54:57,Expired
SO119074_SKU0068,ORD119074,DS016,SKU0068,2025-08-12 14:10:22,Pick fail
SO119078_SKU0060,ORD119078,DS016,SKU0060,2025-08-12 20:10:50,Damaged
SO119084_SKU0060,ORD119084,DS016,SKU0060,2025-08-12 19:36:08,Pick fail
SO119087_SKU0001,ORD119087,DS016,SKU0001,2025-08-12 12:20:19,Expired
SO119091_SKU0074,ORD119091,DS016,SKU0074,2025-08-12 14:34:25,Zero on hand
SO119129_SKU0008,ORD119129,DS016,SKU0008,2025-08-12 19:53:45,Damaged
SO119136_SKU0006,ORD119136,DS016,SKU0006,2025-08-12 18:11:27,Expired
SO119153_SKU0039,ORD119153,DS016,SKU0039,2025-08-12 19:08:00,Zero on hand
SO119215_SKU0073,ORD119215,DS017,SKU0073,2025-08-12 14:29:43,Expired
SO119216_SKU0049,ORD119216,DS017,SKU0049,2025-08-12 14:48:36,Pick fail
SO119238_SKU0010,ORD119238,DS017,SKU0010,2025-08-12 16:13:50,Pick fail
SO119253_SKU0050,ORD119253,DS017,SKU0050,2025-08-12 16:54:21,Zero on hand
SO119255_SKU0008,ORD119255,DS017,SKU0008,2025-08-12 20:10:00,Pick fail
SO119259_SKU0027,ORD119259,DS017,SKU0027,2025-08-12 08:34:03,Expired
SO119288_SKU0041,ORD119288,DS001,SKU0041,2025-08-13 18:34:04,Damaged
SO119294_SKU0041,ORD119294,DS001,SKU0041,2025-08-13 20:37:27,Pick fail
SO119302_SKU0050,ORD119302,DS001,SKU0050,2025-08-13 20:27:01,Expired
SO119309_SKU0006,ORD119309,DS001,SKU0006,2025-08-13 19:49:09,Pick fail
SO119319_SKU0009,ORD119319,DS001,SKU0009,2025-08-13 12:38:52,Pick fail
SO119319_SKU0006,ORD119319,DS001,SKU0006,2025-08-13 12:38:52,Zero on hand
SO119325_SKU0037,ORD119325,DS001,SKU0037,2025-08-13 18:20:13,Damaged
SO119326_SKU0025,ORD119326,DS001,SKU0025,2025-08-13 21:51:48,Pick fail
SO119328_SKU0056,ORD119328,DS001,SKU0056,2025-08-13 12:08:46,Expired
SO119347_SKU0064,ORD119347,DS001,SKU0064,2025-08-13 16:46:06,Zero on hand
SO119349_SKU0063,ORD119349,DS001,SKU0063,2025-08-13 18:11:02,Pick fail
SO119351_SKU0046,ORD119351,DS001,SKU0046,2025-08-13 17:11:28,Zero on hand
SO119360_SKU0008,ORD119360,DS001,SKU0008,2025-08-13 19:39:42,Damaged
SO119361_SKU0069,ORD119361,DS002,SKU0069,2025-08-13 09:36:50,Pick fail
SO119363_SKU0028,ORD119363,DS002,SKU0028,2025-08-13 19:20:58,Pick fail
SO119373_SKU0071,ORD119373,DS002,SKU0071,2025-08-13 15:34:14,Pick fail
SO119374_SKU0077,ORD119374,DS002,SKU0077,2025-08-13 22:19:26,Expired
SO119382_SKU0002,ORD119382,DS002,SKU0002,2025-08-13 19:16:27,Damaged
SO119383_SKU0067,ORD119383,DS002,SKU0067,2025-08-13 15:35:33,Pick fail
SO119385_SKU0057,ORD119385,DS002,SKU0057,2025-08-13 10:29:16,Expired
SO119386_SKU0008,ORD119386,DS002,SKU0008,2025-08-13 18:30:07,Pick fail
SO119388_SKU0060,ORD119388,DS002,SKU0060,2025-08-13 19:19:59,Expired
SO119395_SKU0063,ORD119395,DS002,SKU0063,2025-08-13 12:11:07,Pick fail
SO119410_SKU0004,ORD119410,DS002,SKU0004,2025-08-13 16:57:58,Zero on hand
SO119411_SKU0025,ORD119411,DS002,SKU0025,2025-08-13 10:13:49,Expired
SO119412_SKU0012,ORD119412,DS002,SKU0012,2025-08-13 17:32:38,Expired
SO119417_SKU0057,ORD119417,DS002,SKU0057,2025-08-13 09:22:47,Zero on hand
SO119425_SKU0055,ORD119425,DS002,SKU0055,2025-08-13 16:05:43,Zero on hand
SO119429_SKU0062,ORD119429,DS002,SKU0062,2025-08-13 19:49:46,Expired
SO119438_SKU0057,ORD119438,DS002,SKU0057,2025-08-13 19:03:56,Pick fail
SO119453_SKU0005,ORD119453,DS003,SKU0005,2025-08-13 21:55:17,Pick fail
SO119458_SKU0050,ORD119458,DS003,SKU0050,2025-08-13 18:32:08,Pick fail
SO119471_SKU0061,ORD119471,DS003,SKU0061,2025-08-13 15:52:20,Pick fail
SO119477_SKU0060,ORD119477,DS003,SKU0060,2025-08-13 14:24:11,Pick fail
SO119482_SKU0061,ORD119482,DS003,SKU0061,2025-08-13 19:14:45,Damaged
SO119506_SKU0039,ORD119506,DS004,SKU0039,2025-08-13 16:35:10,Damaged
SO119510_SKU0077,ORD119510,DS004,SKU0077,2025-08-13 15:33:42,Damaged
SO119528_SKU0046,ORD119528,DS004,SKU0046,2025-08-13 16:46:47,Pick fail
SO119547_SKU0020,ORD119547,DS004,SKU0020,2025-08-13 18:02:40,Damaged
SO119558_SKU0003,ORD119558,DS005,SKU0003,2025-08-13 12:41:32,Damaged
SO119574_SKU0001,ORD119574,DS005,SKU0001,2025-08-13 12:33:32,Pick fail
SO119578_SKU0017,ORD119578,DS005,SKU0017,2025-08-13 21:24:32,Pick fail
SO119584_SKU0072,ORD119584,DS005,SKU0072,2025-08-13 16:18:23,Zero on hand
SO119592_SKU0050,ORD119592,DS005,SKU0050,2025-08-13 11:26:22,Zero on hand
SO119594_SKU0077,ORD119594,DS005,SKU0077,2025-08-13 15:42:46,Expired
SO119597_SKU0008,ORD119597,DS005,SKU0008,2025-08-13 15:11:09,Zero on hand
SO119600_SKU0003,ORD119600,DS005,SKU0003,2025-08-13 11:18:13,Expired
SO119603_SKU0050,ORD119603,DS005,SKU0050,2025-08-13 18:11:07,Expired
SO119608_SKU0055,ORD119608,DS005,SKU0055,2025-08-13 18:48:04,Pick fail
SO119614_SKU0009,ORD119614,DS005,SKU0009,2025-08-13 20:17:06,Zero on hand
SO119615_SKU0063,ORD119615,DS005,SKU0063,2025-08-13 16:35:26,Expired
SO119616_SKU0012,ORD119616,DS005,SKU0012,2025-08-13 12:55:47,Zero on hand
SO119619_SKU0011,ORD119619,DS005,SKU0011,2025-08-13 16:36:33,Damaged
SO119619_SKU0068,ORD119619,DS005,SKU0068,2025-08-13 16:36:33,Zero on hand
SO119625_SKU0069,ORD119625,DS005,SKU0069,2025-08-13 09:59:12,Expired
SO119628_SKU0013,ORD119628,DS005,SKU0013,2025-08-13 09:53:25,Damaged
SO119629_SKU0012,ORD119629,DS005,SKU0012,2025-08-13 10:52:38,Pick fail
SO119633_SKU0052,ORD119633,DS005,SKU0052,2025-08-13 10:21:57,Expired
SO119633_SKU0002,ORD119633,DS005,SKU0002,2025-08-13 10:21:57,Zero on hand
SO119639_SKU0003,ORD119639,DS005,SKU0003,2025-08-13 11:22:17,Damaged
SO119640_SKU0024,ORD119640,DS005,SKU0024,2025-08-13 18:34:43,Damaged
SO119643_SKU0003,ORD119643,DS005,SKU0003,2025-08-13 16:29:31,Zero on hand
SO119644_SKU0007,ORD119644,DS005,SKU0007,2025-08-13 18:16:51,Expired
SO119655_SKU0061,ORD119655,DS006,SKU0061,2025-08-13 17:48:45,Expired
SO119656_SKU0003,ORD119656,DS006,SKU0003,2025-08-13 12:23:30,Pick fail
SO119659_SKU0045,ORD119659,DS006,SKU0045,2025-08-13 15:15:56,Expired
SO119675_SKU0002,ORD119675,DS006,SKU0002,2025-08-13 22:54:34,Damaged
SO119707_SKU0031,ORD119707,DS006,SKU0031,2025-08-13 20:20:22,Damaged
SO119717_SKU0078,ORD119717,DS006,SKU0078,2025-08-13 17:13:21,Pick fail
SO119741_SKU0036,ORD119741,DS006,SKU0036,2025-08-13 16:39:17,Damaged
SO119744_SKU0052,ORD119744,DS006,SKU0052,2025-08-13 14:35:22,Damaged
SO119746_SKU0009,ORD119746,DS006,SKU0009,2025-08-13 17:04:58,Pick fail
SO119747_SKU0073,ORD119747,DS006,SKU0073,2025-08-13 20:11:19,Expired
SO119764_SKU0064,ORD119764,DS006,SKU0064,2025-08-13 09:26:20,Expired
SO119772_SKU0064,ORD119772,DS006,SKU0064,2025-08-13 13:08:34,Damaged
SO119778_SKU0003,ORD119778,DS006,SKU0003,2025-08-13 19:04:02,Damaged
SO119789_SKU0056,ORD119789,DS006,SKU0056,2025-08-13 19:10:54,Damaged
SO119793_SKU0077,ORD119793,DS007,SKU0077,2025-08-13 12:19:12,Pick fail
SO119804_SKU0005,ORD119804,DS007,SKU0005,2025-08-13 09:58:38,Expired
SO119812_SKU0051,ORD119812,DS007,SKU0051,2025-08-13 17:42:31,Expired
SO119822_SKU0078,ORD119822,DS007,SKU0078,2025-08-13 12:59:36,Damaged
SO119833_SKU0005,ORD119833,DS007,SKU0005,2025-08-13 12:52:04,Pick fail
SO119838_SKU0051,ORD119838,DS007,SKU0051,2025-08-13 20:35:12,Damaged
SO119845_SKU0009,ORD119845,DS007,SKU0009,2025-08-13 14:50:25,Zero on hand
SO119847_SKU0079,ORD119847,DS007,SKU0079,2025-08-13 22:36:12,Damaged
SO119855_SKU0073,ORD119855,DS007,SKU0073,2025-08-13 19:05:51,Expired
SO119857_SKU0058,ORD119857,DS007,SKU0058,2025-08-13 19:39:53,Damaged
SO119862_SKU0065,ORD119862,DS007,SKU0065,2025-08-13 09:44:40,Pick fail
SO119864_SKU0039,ORD119864,DS007,SKU0039,2025-08-13 08:15:21,Pick fail
SO119870_SKU0065,ORD119870,DS007,SKU0065,2025-08-13 14:13:11,Zero on hand
SO119878_SKU0069,ORD119878,DS008,SKU0069,2025-08-13 18:53:34,Damaged
SO119886_SKU0066,ORD119886,DS008,SKU0066,2025-08-13 10:40:31,Damaged
SO119889_SKU0062,ORD119889,DS008,SKU0062,2025-08-13 10:30:30,Zero on hand
SO119890_SKU0023,ORD119890,DS008,SKU0023,2025-08-13 19:23:11,Damaged
SO119893_SKU0073,ORD119893,DS008,SKU0073,2025-08-13 13:42:53,Expired
SO119902_SKU0036,ORD119902,DS008,SKU0036,2025-08-13 10:22:20,Expired
SO119909_SKU0032,ORD119909,DS008,SKU0032,2025-08-13 10:05:45,Damaged
SO119913_SKU0054,ORD119913,DS008,SKU0054,2025-08-13 20:05:43,Pick fail
SO119932_SKU0056,ORD119932,DS008,SKU0056,2025-08-13 23:23:32,Damaged
SO119934_SKU0027,ORD119934,DS008,SKU0027,2025-08-13 18:33:45,Zero on hand
SO119961_SKU0061,ORD119961,DS009,SKU0061,2025-08-13 19:22:31,Expired
SO119966_SKU0046,ORD119966,DS009,SKU0046,2025-08-13 20:26:13,Zero on hand
SO119978_SKU0015,ORD119978,DS009,SKU0015,2025-08-13 12:18:59,Damaged
SO119983_SKU0003,ORD119983,DS009,SKU0003,2025-08-13 21:52:15,Pick fail
SO119987_SKU0032,ORD119987,DS009,SKU0032,2025-08-13 18:59:59,Pick fail
SO119987_SKU0075,ORD119987,DS009,SKU0075,2025-08-13 18:59:59,Expired
SO119994_SKU0001,ORD119994,DS009,SKU0001,2025-08-13 19:42:30,Expired
SO119996_SKU0054,ORD119996,DS009,SKU0054,2025-08-13 18:58:07,Expired
SO120005_SKU0017,ORD120005,DS009,SKU0017,2025-08-13 18:57:15,Pick fail
SO120013_SKU0002,ORD120013,DS009,SKU0002,2025-08-13 14:28:39,Expired
SO120014_SKU0001,ORD120014,DS009,SKU0001,2025-08-13 17:20:33,Zero on hand
SO120020_SKU0006,ORD120020,DS009,SKU0006,2025-08-13 17:53:43,Expired
SO120040_SKU0009,ORD120040,DS009,SKU0009,2025-08-13 20:26:36,Zero on hand
SO120044_SKU0040,ORD120044,DS009,SKU0040,2025-08-13 12:01:32,Pick fail
SO120049_SKU0014,ORD120049,DS010,SKU0014,2025-08-13 20:37:31,Pick fail
SO120054_SKU0012,ORD120054,DS010,SKU0012,2025-08-13 17:55:07,Pick fail
SO120063_SKU0069,ORD120063,DS010,SKU0069,2025-08-13 09:46:33,Zero on hand
SO120065_SKU0033,ORD120065,DS010,SKU0033,2025-08-13 12:38:16,Pick fail
SO120079_SKU0030,ORD120079,DS010,SKU0030,2025-08-13 11:33:55,Zero on hand
SO120097_SKU0060,ORD120097,DS010,SKU0060,2025-08-13 14:13:11,Expired
SO120119_SKU0027,ORD120119,DS010,SKU0027,2025-08-13 19:42:42,Pick fail
SO120122_SKU0061,ORD120122,DS010,SKU0061,2025-08-13 12:16:18,Damaged
SO120122_SKU0002,ORD120122,DS010,SKU0002,2025-08-13 12:16:18,Zero on hand
SO120132_SKU0001,ORD120132,DS010,SKU0001,2025-08-13 08:52:35,Pick fail
SO120133_SKU0005,ORD120133,DS010,SKU0005,2025-08-13 10:27:06,Damaged
SO120143_SKU0056,ORD120143,DS010,SKU0056,2025-08-13 09:40:59,Damaged
SO120149_SKU0065,ORD120149,DS011,SKU0065,2025-08-13 09:41:53,Zero on hand
SO120157_SKU0062,ORD120157,DS011,SKU0062,2025-08-13 19:01:42,Pick fail
SO120161_SKU0067,ORD120161,DS011,SKU0067,2025-08-13 13:02:48,Expired
SO120164_SKU0059,ORD120164,DS011,SKU0059,2025-08-13 14:52:15,Pick fail
SO120165_SKU0023,ORD120165,DS011,SKU0023,2025-08-13 12:55:30,Damaged
SO120186_SKU0060,ORD120186,DS011,SKU0060,2025-08-13 14:39:46,Expired
SO120193_SKU0023,ORD120193,DS011,SKU0023,2025-08-13 09:48:15,Zero on hand
SO120194_SKU0037,ORD120194,DS011,SKU0037,2025-08-13 19:27:15,Pick fail
SO120198_SKU0030,ORD120198,DS012,SKU0030,2025-08-13 16:43:03,Damaged
SO120201_SKU0027,ORD120201,DS012,SKU0027,2025-08-13 13:26:36,Zero on hand
SO120215_SKU0037,ORD120215,DS012,SKU0037,2025-08-13 14:12:11,Pick fail
SO120215_SKU0052,ORD120215,DS012,SKU0052,2025-08-13 14:12:11,Expired
SO120225_SKU0057,ORD120225,DS012,SKU0057,2025-08-13 18:01:34,Expired
SO120225_SKU0051,ORD120225,DS012,SKU0051,2025-08-13 18:01:34,Damaged
SO120248_SKU0049,ORD120248,DS012,SKU0049,2025-08-13 22:01:13,Pick fail
SO120259_SKU0007,ORD120259,DS012,SKU0007,2025-08-13 21:57:26,Damaged
SO120275_SKU0042,ORD120275,DS012,SKU0042,2025-08-13 11:01:02,Damaged
SO120277_SKU0079,ORD120277,DS012,SKU0079,2025-08-13 18:46:07,Pick fail
SO120278_SKU0067,ORD120278,DS012,SKU0067,2025-08-13 09:45:15,Damaged
SO120281_SKU0002,ORD120281,DS012,SKU0002,2025-08-13 21:39:40,Zero on hand
SO120281_SKU0068,ORD120281,DS012,SKU0068,2025-08-13 21:39:40,Zero on hand
SO120288_SKU0006,ORD120288,DS013,SKU0006,2025-08-13 11:23:58,Expired
SO120292_SKU0069,ORD120292,DS013,SKU0069,2025-08-13 16:24:59,Damaged
SO120292_SKU0012,ORD120292,DS013,SKU0012,2025-08-13 16:24:59,Damaged
SO120297_SKU0066,ORD120297,DS013,SKU0066,2025-08-13 18:58:08,Zero on hand
SO120297_SKU0064,ORD120297,DS013,SKU0064,2025-08-13 18:58:08,Zero on hand
SO120299_SKU0080,ORD120299,DS013,SKU0080,2025-08-13 16:39:22,Pick fail
SO120300_SKU0001,ORD120300,DS013,SKU0001,2025-08-13 11:27:43,Expired
SO120301_SKU0050,ORD120301,DS013,SKU0050,2025-08-13 22:45:34,Pick fail
SO120314_SKU0049,ORD120314,DS013,SKU0049,2025-08-13 18:53:15,Zero on hand
SO120317_SKU0050,ORD120317,DS013,SKU0050,2025-08-13 11:46:31,Zero on hand
SO120338_SKU0029,ORD120338,DS013,SKU0029,2025-08-13 18:22:01,Zero on hand
SO120375_SKU0034,ORD120375,DS014,SKU0034,2025-08-13 18:55:12,Expired
SO120376_SKU0056,ORD120376,DS014,SKU0056,2025-08-13 11:33:34,Zero on hand
SO120377_SKU0056,ORD120377,DS014,SKU0056,2025-08-13 20:07:31,Damaged
SO120382_SKU0050,ORD120382,DS014,SKU0050,2025-08-13 10:30:23,Zero on hand
SO120382_SKU0036,ORD120382,DS014,SKU0036,2025-08-13 10:30:23,Expired
SO120382_SKU0032,ORD120382,DS014,SKU0032,2025-08-13 10:30:23,Damaged
SO120385_SKU0065,ORD120385,DS014,SKU0065,2025-08-13 20:43:42,Zero on hand
SO120386_SKU0060,ORD120386,DS014,SKU0060,2025-08-13 08:38:02,Zero on hand
SO120386_SKU0008,ORD120386,DS014,SKU0008,2025-08-13 08:38:02,Damaged
SO120393_SKU0013,ORD120393,DS014,SKU0013,2025-08-13 17:00:26,Damaged
SO120396_SKU0064,ORD120396,DS014,SKU0064,2025-08-13 13:32:47,Expired
SO120406_SKU0053,ORD120406,DS014,SKU0053,2025-08-13 13:29:14,Damaged
SO120420_SKU0001,ORD120420,DS014,SKU0001,2025-08-13 11:32:02,Zero on hand
SO120420_SKU0066,ORD120420,DS014,SKU0066,2025-08-13 11:32:02,Zero on hand
SO120425_SKU0002,ORD120425,DS014,SKU0002,2025-08-13 19:16:25,Pick fail
SO120430_SKU0054,ORD120430,DS014,SKU0054,2025-08-13 19:15:57,Pick fail
SO120436_SKU0014,ORD120436,DS014,SKU0014,2025-08-13 19:32:02,Expired
SO120439_SKU0031,ORD120439,DS014,SKU0031,2025-08-13 19:25:25,Expired
SO120442_SKU0066,ORD120442,DS014,SKU0066,2025-08-13 12:02:16,Zero on hand
SO120449_SKU0024,ORD120449,DS014,SKU0024,2025-08-13 19:03:27,Zero on hand
SO120457_SKU0054,ORD120457,DS014,SKU0054,2025-08-13 19:47:47,Zero on hand
SO120458_SKU0064,ORD120458,DS014,SKU0064,2025-08-13 16:31:24,Damaged
SO120461_SKU0075,ORD120461,DS014,SKU0075,2025-08-13 20:02:12,Pick fail
SO120463_SKU0015,ORD120463,DS014,SKU0015,2025-08-13 14:20:59,Pick fail
SO120464_SKU0036,ORD120464,DS014,SKU0036,2025-08-13 17:43:54,Pick fail
SO120479_SKU0028,ORD120479,DS015,SKU0028,2025-08-13 18:08:51,Damaged
SO120485_SKU0016,ORD120485,DS015,SKU0016,2025-08-13 16:47:52,Pick fail
SO120487_SKU0047,ORD120487,DS015,SKU0047,2025-08-13 13:06:25,Zero on hand
SO120516_SKU0072,ORD120516,DS015,SKU0072,2025-08-13 19:37:45,Damaged
SO120519_SKU0032,ORD120519,DS015,SKU0032,2025-08-13 11:47:47,Zero on hand
SO120533_SKU0005,ORD120533,DS015,SKU0005,2025-08-13 09:28:08,Pick fail
SO120536_SKU0066,ORD120536,DS016,SKU0066,2025-08-13 22:06:01,Damaged
SO120537_SKU0049,ORD120537,DS016,SKU0049,2025-08-13 12:49:47,Damaged
SO120544_SKU0026,ORD120544,DS016,SKU0026,2025-08-13 18:57:05,Expired
SO120556_SKU0040,ORD120556,DS016,SKU0040,2025-08-13 19:18:25,Zero on hand
SO120560_SKU0003,ORD120560,DS016,SKU0003,2025-08-13 08:02:32,Damaged
SO120566_SKU0066,ORD120566,DS016,SKU0066,2025-08-13 18:27:14,Pick fail
SO120589_SKU0063,ORD120589,DS016,SKU0063,2025-08-13 12:46:47,Expired
SO120590_SKU0046,ORD120590,DS016,SKU0046,2025-08-13 20:07:44,Expired
SO120593_SKU0051,ORD120593,DS016,SKU0051,2025-08-13 20:43:30,Expired
SO120612_SKU0078,ORD120612,DS016,SKU0078,2025-08-13 20:44:28,Zero on hand
SO120624_SKU0008,ORD120624,DS016,SKU0008,2025-08-13 10:44:23,Pick fail
SO120638_SKU0047,ORD120638,DS016,SKU0047,2025-08-13 17:16:00,Pick fail
SO120650_SKU0080,ORD120650,DS016,SKU0080,2025-08-13 08:43:36,Zero on hand
SO120655_SKU0068,ORD120655,DS016,SKU0068,2025-08-13 15:04:23,Pick fail
SO120656_SKU0035,ORD120656,DS016,SKU0035,2025-08-13 11:45:45,Zero on hand
SO120660_SKU0059,ORD120660,DS017,SKU0059,2025-08-13 14:03:01,Damaged
SO120663_SKU0038,ORD120663,DS017,SKU0038,2025-08-13 11:20:46,Damaged
SO120670_SKU0063,ORD120670,DS017,SKU0063,2025-08-13 20:36:33,Pick fail
SO120687_SKU0066,ORD120687,DS017,SKU0066,2025-08-13 15:06:47,Zero on hand
SO120687_SKU0068,ORD120687,DS017,SKU0068,2025-08-13 15:06:47,Expired
SO120688_SKU0049,ORD120688,DS017,SKU0049,2025-08-13 18:27:03,Pick fail
SO120689_SKU0051,ORD120689,DS017,SKU0051,2025-08-13 13:24:02,Pick fail
SO120698_SKU0068,ORD120698,DS017,SKU0068,2025-08-13 18:51:16,Pick fail
SO120724_SKU0040,ORD120724,DS017,SKU0040,2025-08-13 18:07:22,Expired
SO120725_SKU0007,ORD120725,DS017,SKU0007,2025-08-13 18:29:03,Zero on hand
SO120729_SKU0009,ORD120729,DS017,SKU0009,2025-08-13 18:20:56,Damaged
SO120735_SKU0015,ORD120735,DS017,SKU0015,2025-08-13 18:46:35,Pick fail
SO120745_SKU0055,ORD120745,DS017,SKU0055,2025-08-13 19:57:28,Zero on hand
SO120745_SKU0041,ORD120745,DS017,SKU0041,2025-08-13 19:57:28,Expired
SO120746_SKU0049,ORD120746,DS017,SKU0049,2025-08-13 10:53:18,Damaged
SO120754_SKU0053,ORD120754,DS001,SKU0053,2025-08-14 19:49:03,Damaged
SO120755_SKU0009,ORD120755,DS001,SKU0009,2025-08-14 14:36:22,Expired
SO120764_SKU0003,ORD120764,DS001,SKU0003,2025-08-14 08:22:39,Zero on hand
SO120776_SKU0015,ORD120776,DS001,SKU0015,2025-08-14 17:57:00,Damaged
SO120792_SKU0061,ORD120792,DS001,SKU0061,2025-08-14 23:36:28,Zero on hand
SO120793_SKU0077,ORD120793,DS001,SKU0077,2025-08-14 20:50:35,Pick fail
SO120807_SKU0031,ORD120807,DS001,SKU0031,2025-08-14 20:01:20,Damaged
SO120814_SKU0035,ORD120814,DS001,SKU0035,2025-08-14 08:31:32,Damaged
SO120817_SKU0017,ORD120817,DS001,SKU0017,2025-08-14 18:57:00,Damaged
SO120822_SKU0015,ORD120822,DS001,SKU0015,2025-08-14 13:43:43,Expired
SO120827_SKU0047,ORD120827,DS001,SKU0047,2025-08-14 16:05:26,Zero on hand
SO120838_SKU0019,ORD120838,DS002,SKU0019,2025-08-14 11:48:05,Damaged
SO120859_SKU0007,ORD120859,DS002,SKU0007,2025-08-14 18:03:01,Pick fail
SO120867_SKU0024,ORD120867,DS002,SKU0024,2025-08-14 17:29:27,Zero on hand
SO120870_SKU0029,ORD120870,DS002,SKU0029,2025-08-14 09:43:35,Expired
SO120871_SKU0036,ORD120871,DS002,SKU0036,2025-08-14 17:08:59,Zero on hand
SO120872_SKU0027,ORD120872,DS002,SKU0027,2025-08-14 11:51:59,Expired
SO120875_SKU0068,ORD120875,DS002,SKU0068,2025-08-14 10:32:53,Expired
SO120877_SKU0008,ORD120877,DS002,SKU0008,2025-08-14 17:32:52,Pick fail
SO120877_SKU0042,ORD120877,DS002,SKU0042,2025-08-14 17:32:52,Expired
SO120879_SKU0021,ORD120879,DS002,SKU0021,2025-08-14 12:53:48,Zero on hand
SO120903_SKU0054,ORD120903,DS002,SKU0054,2025-08-14 13:13:04,Zero on hand
SO120905_SKU0063,ORD120905,DS002,SKU0063,2025-08-14 12:56:55,Damaged
SO120911_SKU0059,ORD120911,DS003,SKU0059,2025-08-14 11:31:57,Pick fail
SO120913_SKU0055,ORD120913,DS003,SKU0055,2025-08-14 11:22:10,Expired
SO120920_SKU0057,ORD120920,DS003,SKU0057,2025-08-14 10:59:45,Zero on hand
SO120921_SKU0047,ORD120921,DS003,SKU0047,2025-08-14 10:37:34,Pick fail
SO120925_SKU0027,ORD120925,DS003,SKU0027,2025-08-14 20:14:47,Zero on hand
SO120928_SKU0064,ORD120928,DS003,SKU0064,2025-08-14 18:02:32,Zero on hand
SO120937_SKU0026,ORD120937,DS003,SKU0026,2025-08-14 13:00:00,Pick fail
SO120943_SKU0054,ORD120943,DS003,SKU0054,2025-08-14 17:18:43,Damaged
SO120963_SKU0078,ORD120963,DS003,SKU0078,2025-08-14 18:11:58,Zero on hand
SO120963_SKU0052,ORD120963,DS003,SKU0052,2025-08-14 18:11:58,Zero on hand
SO120964_SKU0009,ORD120964,DS003,SKU0009,2025-08-14 16:00:28,Damaged
SO120965_SKU0053,ORD120965,DS003,SKU0053,2025-08-14 12:14:03,Damaged
SO120982_SKU0032,ORD120982,DS004,SKU0032,2025-08-14 18:22:39,Zero on hand
SO120991_SKU0078,ORD120991,DS004,SKU0078,2025-08-14 18:19:58,Zero on hand
SO120991_SKU0080,ORD120991,DS004,SKU0080,2025-08-14 18:19:58,Expired
SO120994_SKU0073,ORD120994,DS004,SKU0073,2025-08-14 08:23:41,Damaged
SO121003_SKU0051,ORD121003,DS004,SKU0051,2025-08-14 21:40:34,Pick fail
SO121003_SKU0053,ORD121003,DS004,SKU0053,2025-08-14 21:40:34,Zero on hand
SO121009_SKU0051,ORD121009,DS004,SKU0051,2025-08-14 20:26:39,Damaged
SO121013_SKU0040,ORD121013,DS004,SKU0040,2025-08-14 16:48:15,Damaged
SO121022_SKU0045,ORD121022,DS004,SKU0045,2025-08-14 12:33:06,Damaged
SO121023_SKU0046,ORD121023,DS004,SKU0046,2025-08-14 20:03:53,Zero on hand
SO121028_SKU0032,ORD121028,DS005,SKU0032,2025-08-14 12:43:57,Damaged
SO121029_SKU0040,ORD121029,DS005,SKU0040,2025-08-14 09:16:01,Expired
SO121039_SKU0043,ORD121039,DS005,SKU0043,2025-08-14 12:31:33,Damaged
SO121046_SKU0037,ORD121046,DS005,SKU0037,2025-08-14 19:55:23,Zero on hand
SO121058_SKU0026,ORD121058,DS005,SKU0026,2025-08-14 19:38:07,Expired
SO121060_SKU0077,ORD121060,DS005,SKU0077,2025-08-14 16:03:53,Pick fail
SO121060_SKU0061,ORD121060,DS005,SKU0061,2025-08-14 16:03:53,Zero on hand
SO121061_SKU0009,ORD121061,DS005,SKU0009,2025-08-14 13:22:04,Zero on hand
SO121072_SKU0010,ORD121072,DS005,SKU0010,2025-08-14 10:51:06,Damaged
SO121073_SKU0042,ORD121073,DS005,SKU0042,2025-08-14 19:00:10,Zero on hand
SO121075_SKU0059,ORD121075,DS005,SKU0059,2025-08-14 12:41:07,Pick fail
SO121088_SKU0008,ORD121088,DS005,SKU0008,2025-08-14 17:25:12,Damaged
SO121093_SKU0079,ORD121093,DS005,SKU0079,2025-08-14 11:28:37,Zero on hand
SO121106_SKU0055,ORD121106,DS005,SKU0055,2025-08-14 22:54:19,Damaged
SO121113_SKU0056,ORD121113,DS005,SKU0056,2025-08-14 20:05:51,Damaged
SO121114_SKU0063,ORD121114,DS005,SKU0063,2025-08-14 09:06:52,Expired
SO121120_SKU0072,ORD121120,DS005,SKU0072,2025-08-14 08:58:20,Zero on hand
SO121122_SKU0006,ORD121122,DS005,SKU0006,2025-08-14 15:55:06,Damaged
SO121133_SKU0007,ORD121133,DS006,SKU0007,2025-08-14 12:02:35,Expired
SO121155_SKU0059,ORD121155,DS006,SKU0059,2025-08-14 13:03:55,Expired
SO121165_SKU0068,ORD121165,DS006,SKU0068,2025-08-14 15:53:42,Zero on hand
SO121176_SKU0050,ORD121176,DS006,SKU0050,2025-08-14 13:22:05,Pick fail
SO121199_SKU0017,ORD121199,DS006,SKU0017,2025-08-14 17:49:35,Expired
SO121201_SKU0006,ORD121201,DS006,SKU0006,2025-08-14 22:57:37,Zero on hand
SO121221_SKU0031,ORD121221,DS007,SKU0031,2025-08-14 19:08:03,Damaged
SO121224_SKU0065,ORD121224,DS007,SKU0065,2025-08-14 20:14:07,Zero on hand
SO121231_SKU0079,ORD121231,DS007,SKU0079,2025-08-14 17:54:28,Damaged
SO121240_SKU0049,ORD121240,DS007,SKU0049,2025-08-14 21:03:43,Pick fail
SO121247_SKU0058,ORD121247,DS007,SKU0058,2025-08-14 13:26:12,Expired
SO121250_SKU0077,ORD121250,DS007,SKU0077,2025-08-14 13:41:29,Zero on hand
SO121253_SKU0025,ORD121253,DS007,SKU0025,2025-08-14 14:47:07,Zero on hand
SO121272_SKU0025,ORD121272,DS007,SKU0025,2025-08-14 19:23:13,Zero on hand
SO121278_SKU0064,ORD121278,DS007,SKU0064,2025-08-14 10:53:44,Damaged
SO121287_SKU0077,ORD121287,DS007,SKU0077,2025-08-14 20:46:31,Pick fail
SO121293_SKU0027,ORD121293,DS007,SKU0027,2025-08-14 19:20:36,Zero on hand
SO121316_SKU0008,ORD121316,DS008,SKU0008,2025-08-14 21:43:49,Expired
SO121319_SKU0051,ORD121319,DS008,SKU0051,2025-08-14 22:07:33,Damaged
SO121321_SKU0060,ORD121321,DS008,SKU0060,2025-08-14 16:53:23,Pick fail
SO121323_SKU0009,ORD121323,DS008,SKU0009,2025-08-14 20:45:03,Expired
SO121325_SKU0056,ORD121325,DS008,SKU0056,2025-08-14 19:34:04,Damaged
SO121326_SKU0051,ORD121326,DS008,SKU0051,2025-08-14 20:52:16,Zero on hand
SO121326_SKU0044,ORD121326,DS008,SKU0044,2025-08-14 20:52:16,Damaged
SO121334_SKU0004,ORD121334,DS008,SKU0004,2025-08-14 21:25:01,Zero on hand
SO121341_SKU0053,ORD121341,DS008,SKU0053,2025-08-14 08:28:16,Zero on hand
SO121343_SKU0056,ORD121343,DS008,SKU0056,2025-08-14 17:22:02,Pick fail
SO121343_SKU0043,ORD121343,DS008,SKU0043,2025-08-14 17:22:02,Zero on hand
SO121344_SKU0065,ORD121344,DS008,SKU0065,2025-08-14 16:49:48,Zero on hand
SO121356_SKU0001,ORD121356,DS008,SKU0001,2025-08-14 13:03:29,Damaged
SO121360_SKU0052,ORD121360,DS008,SKU0052,2025-08-14 18:37:27,Pick fail
SO121368_SKU0044,ORD121368,DS008,SKU0044,2025-08-14 15:03:38,Damaged
SO121370_SKU0052,ORD121370,DS008,SKU0052,2025-08-14 18:42:18,Pick fail
SO121383_SKU0061,ORD121383,DS009,SKU0061,2025-08-14 16:37:18,Pick fail
SO121386_SKU0046,ORD121386,DS009,SKU0046,2025-08-14 08:57:30,Zero on hand
SO121392_SKU0069,ORD121392,DS009,SKU0069,2025-08-14 20:26:44,Expired
SO121392_SKU0018,ORD121392,DS009,SKU0018,2025-08-14 20:26:44,Zero on hand
SO121396_SKU0036,ORD121396,DS009,SKU0036,2025-08-14 15:00:20,Expired
SO121413_SKU0011,ORD121413,DS009,SKU0011,2025-08-14 17:35:39,Damaged
SO121421_SKU0062,ORD121421,DS009,SKU0062,2025-08-14 18:44:32,Pick fail
SO121426_SKU0023,ORD121426,DS009,SKU0023,2025-08-14 21:02:36,Pick fail
SO121433_SKU0077,ORD121433,DS009,SKU0077,2025-08-14 13:00:36,Expired
SO121451_SKU0077,ORD121451,DS010,SKU0077,2025-08-14 20:03:24,Pick fail
SO121454_SKU0061,ORD121454,DS010,SKU0061,2025-08-14 12:14:57,Expired
SO121458_SKU0070,ORD121458,DS010,SKU0070,2025-08-14 20:03:46,Expired
SO121464_SKU0042,ORD121464,DS010,SKU0042,2025-08-14 19:41:30,Pick fail
SO121465_SKU0069,ORD121465,DS010,SKU0069,2025-08-14 17:15:51,Pick fail
SO121478_SKU0022,ORD121478,DS010,SKU0022,2025-08-14 20:59:31,Zero on hand
SO121486_SKU0064,ORD121486,DS010,SKU0064,2025-08-14 13:39:30,Pick fail
SO121487_SKU0061,ORD121487,DS010,SKU0061,2025-08-14 19:02:15,Expired
SO121488_SKU0063,ORD121488,DS010,SKU0063,2025-08-14 09:54:52,Damaged
SO121495_SKU0006,ORD121495,DS010,SKU0006,2025-08-14 19:50:49,Pick fail
SO121504_SKU0017,ORD121504,DS010,SKU0017,2025-08-14 23:30:17,Damaged
SO121515_SKU0059,ORD121515,DS010,SKU0059,2025-08-14 14:36:01,Expired
SO121532_SKU0052,ORD121532,DS010,SKU0052,2025-08-14 17:55:29,Zero on hand
SO121539_SKU0053,ORD121539,DS010,SKU0053,2025-08-14 20:24:44,Damaged
SO121546_SKU0066,ORD121546,DS010,SKU0066,2025-08-14 20:19:40,Zero on hand
SO121553_SKU0007,ORD121553,DS011,SKU0007,2025-08-14 13:20:39,Zero on hand
SO121554_SKU0045,ORD121554,DS011,SKU0045,2025-08-14 20:52:43,Zero on hand
SO121558_SKU0008,ORD121558,DS011,SKU0008,2025-08-14 13:51:32,Zero on hand
SO121561_SKU0032,ORD121561,DS011,SKU0032,2025-08-14 18:36:35,Damaged
SO121564_SKU0072,ORD121564,DS011,SKU0072,2025-08-14 21:24:44,Zero on hand
SO121571_SKU0009,ORD121571,DS011,SKU0009,2025-08-14 22:06:44,Pick fail
SO121574_SKU0011,ORD121574,DS011,SKU0011,2025-08-14 20:16:48,Expired
SO121578_SKU0022,ORD121578,DS011,SKU0022,2025-08-14 20:41:45,Zero on hand
SO121583_SKU0028,ORD121583,DS011,SKU0028,2025-08-14 18:19:19,Expired
SO121587_SKU0049,ORD121587,DS011,SKU0049,2025-08-14 21:10:13,Pick fail
SO121589_SKU0067,ORD121589,DS011,SKU0067,2025-08-14 21:37:28,Pick fail
SO121594_SKU0071,ORD121594,DS011,SKU0071,2025-08-14 14:12:17,Expired
SO121610_SKU0027,ORD121610,DS011,SKU0027,2025-08-14 16:47:43,Pick fail
SO121615_SKU0029,ORD121615,DS011,SKU0029,2025-08-14 18:18:46,Damaged
SO121617_SKU0005,ORD121617,DS011,SKU0005,2025-08-14 19:38:42,Damaged
SO121618_SKU0020,ORD121618,DS011,SKU0020,2025-08-14 11:13:49,Zero on hand
SO121636_SKU0003,ORD121636,DS012,SKU0003,2025-08-14 08:15:46,Zero on hand
SO121661_SKU0002,ORD121661,DS012,SKU0002,2025-08-14 13:13:31,Zero on hand
SO121671_SKU0002,ORD121671,DS012,SKU0002,2025-08-14 21:29:27,Zero on hand
SO121697_SKU0074,ORD121697,DS012,SKU0074,2025-08-14 18:28:37,Damaged
SO121700_SKU0048,ORD121700,DS012,SKU0048,2025-08-14 12:43:38,Damaged
SO121700_SKU0074,ORD121700,DS012,SKU0074,2025-08-14 12:43:38,Pick fail
SO121706_SKU0044,ORD121706,DS012,SKU0044,2025-08-14 14:29:58,Zero on hand
SO121730_SKU0044,ORD121730,DS013,SKU0044,2025-08-14 12:18:14,Pick fail
SO121734_SKU0059,ORD121734,DS013,SKU0059,2025-08-14 10:48:56,Pick fail
SO121738_SKU0057,ORD121738,DS013,SKU0057,2025-08-14 21:17:46,Expired
SO121747_SKU0034,ORD121747,DS013,SKU0034,2025-08-14 18:19:27,Damaged
SO121758_SKU0012,ORD121758,DS013,SKU0012,2025-08-14 18:14:29,Pick fail
SO121764_SKU0024,ORD121764,DS013,SKU0024,2025-08-14 20:10:52,Expired
SO121775_SKU0068,ORD121775,DS013,SKU0068,2025-08-14 12:56:22,Pick fail
SO121782_SKU0052,ORD121782,DS013,SKU0052,2025-08-14 12:19:16,Pick fail
SO121784_SKU0056,ORD121784,DS013,SKU0056,2025-08-14 21:24:35,Damaged
SO121788_SKU0067,ORD121788,DS013,SKU0067,2025-08-14 16:17:09,Pick fail
SO121791_SKU0007,ORD121791,DS013,SKU0007,2025-08-14 20:32:01,Damaged
SO121809_SKU0054,ORD121809,DS014,SKU0054,2025-08-14 12:19:59,Zero on hand
SO121813_SKU0050,ORD121813,DS014,SKU0050,2025-08-14 16:08:55,Zero on hand
SO121813_SKU0030,ORD121813,DS014,SKU0030,2025-08-14 16:08:55,Expired
SO121824_SKU0019,ORD121824,DS014,SKU0019,2025-08-14 13:14:07,Zero on hand
SO121828_SKU0056,ORD121828,DS014,SKU0056,2025-08-14 13:14:31,Zero on hand
SO121829_SKU0064,ORD121829,DS014,SKU0064,2025-08-14 10:30:54,Pick fail
SO121830_SKU0067,ORD121830,DS014,SKU0067,2025-08-14 18:12:38,Pick fail
SO121839_SKU0001,ORD121839,DS014,SKU0001,2025-08-14 17:02:26,Pick fail
SO121843_SKU0001,ORD121843,DS014,SKU0001,2025-08-14 17:44:46,Expired
SO121847_SKU0055,ORD121847,DS014,SKU0055,2025-08-14 13:44:03,Damaged
SO121847_SKU0063,ORD121847,DS014,SKU0063,2025-08-14 13:44:03,Expired
SO121848_SKU0031,ORD121848,DS014,SKU0031,2025-08-14 18:58:48,Damaged
SO121849_SKU0047,ORD121849,DS014,SKU0047,2025-08-14 10:25:26,Pick fail
SO121851_SKU0015,ORD121851,DS014,SKU0015,2025-08-14 09:20:43,Pick fail
SO121860_SKU0001,ORD121860,DS014,SKU0001,2025-08-14 10:12:44,Damaged
SO121863_SKU0078,ORD121863,DS014,SKU0078,2025-08-14 22:15:59,Zero on hand
SO121864_SKU0008,ORD121864,DS014,SKU0008,2025-08-14 15:34:56,Pick fail
SO121871_SKU0060,ORD121871,DS014,SKU0060,2025-08-14 11:34:11,Expired
SO121873_SKU0059,ORD121873,DS014,SKU0059,2025-08-14 17:04:46,Damaged
SO121875_SKU0065,ORD121875,DS014,SKU0065,2025-08-14 18:25:50,Damaged
SO121877_SKU0017,ORD121877,DS014,SKU0017,2025-08-14 11:54:08,Expired
SO121882_SKU0050,ORD121882,DS014,SKU0050,2025-08-14 13:03:24,Damaged
SO121888_SKU0069,ORD121888,DS014,SKU0069,2025-08-14 18:12:12,Zero on hand
SO121891_SKU0057,ORD121891,DS015,SKU0057,2025-08-14 13:33:45,Pick fail
SO121900_SKU0070,ORD121900,DS015,SKU0070,2025-08-14 11:25:47,Pick fail
SO121913_SKU0061,ORD121913,DS015,SKU0061,2025-08-14 10:26:42,Zero on hand
SO121916_SKU0062,ORD121916,DS015,SKU0062,2025-08-14 18:26:28,Zero on hand
SO121927_SKU0027,ORD121927,DS015,SKU0027,2025-08-14 20:46:10,Zero on hand
SO121941_SKU0003,ORD121941,DS016,SKU0003,2025-08-14 19:27:58,Damaged
SO121941_SKU0007,ORD121941,DS016,SKU0007,2025-08-14 19:27:58,Pick fail
SO121943_SKU0068,ORD121943,DS016,SKU0068,2025-08-14 15:59:12,Damaged
SO121951_SKU0052,ORD121951,DS016,SKU0052,2025-08-14 18:54:09,Pick fail
SO121954_SKU0007,ORD121954,DS016,SKU0007,2025-08-14 17:10:23,Pick fail
SO121957_SKU0023,ORD121957,DS016,SKU0023,2025-08-14 12:29:35,Zero on hand
SO121995_SKU0011,ORD121995,DS016,SKU0011,2025-08-14 18:38:35,Damaged
SO121996_SKU0043,ORD121996,DS016,SKU0043,2025-08-14 12:44:37,Expired
SO122011_SKU0004,ORD122011,DS016,SKU0004,2025-08-14 12:31:52,Damaged
SO122028_SKU0023,ORD122028,DS016,SKU0023,2025-08-14 17:38:43,Expired
SO122038_SKU0002,ORD122038,DS016,SKU0002,2025-08-14 12:06:42,Expired
SO122040_SKU0052,ORD122040,DS016,SKU0052,2025-08-14 19:38:03,Damaged
SO122041_SKU0006,ORD122041,DS016,SKU0006,2025-08-14 13:03:22,Expired
SO122052_SKU0005,ORD122052,DS016,SKU0005,2025-08-14 18:57:44,Zero on hand
SO122052_SKU0077,ORD122052,DS016,SKU0077,2025-08-14 18:57:44,Expired
SO122061_SKU0026,ORD122061,DS017,SKU0026,2025-08-14 22:31:30,Expired
SO122062_SKU0070,ORD122062,DS017,SKU0070,2025-08-14 14:06:14,Pick fail
SO122068_SKU0058,ORD122068,DS017,SKU0058,2025-08-14 18:10:30,Damaged
SO122068_SKU0024,ORD122068,DS017,SKU0024,2025-08-14 18:10:30,Damaged
SO122070_SKU0055,ORD122070,DS017,SKU0055,2025-08-14 19:59:57,Damaged
SO122100_SKU0047,ORD122100,DS017,SKU0047,2025-08-14 19:35:26,Zero on hand
SO122104_SKU0066,ORD122104,DS017,SKU0066,2025-08-14 17:43:51,Pick fail
SO122122_SKU0063,ORD122122,DS017,SKU0063,2025-08-14 21:55:41,Expired
SO122147_SKU0058,ORD122147,DS017,SKU0058,2025-08-14 12:51:11,Zero on hand
SO122155_SKU0021,ORD122155,DS017,SKU0021,2025-08-14 17:11:49,Expired
SO122159_SKU0002,ORD122159,DS017,SKU0002,2025-08-14 15:20:05,Zero on hand
SO122163_SKU0069,ORD122163,DS017,SKU0069,2025-08-14 14:41:07,Damaged
SO122174_SKU0068,ORD122174,DS001,SKU0068,2025-08-15 17:14:04,Damaged
SO122181_SKU0045,ORD122181,DS001,SKU0045,2025-08-15 09:36:10,Pick fail
SO122193_SKU0007,ORD122193,DS001,SKU0007,2025-08-15 19:14:18,Expired
SO122208_SKU0057,ORD122208,DS001,SKU0057,2025-08-15 19:00:24,Pick fail
SO122212_SKU0052,ORD122212,DS001,SKU0052,2025-08-15 13:02:09,Pick fail
SO122218_SKU0003,ORD122218,DS001,SKU0003,2025-08-15 20:09:58,Zero on hand
SO122238_SKU0003,ORD122238,DS001,SKU0003,2025-08-15 20:01:48,Zero on hand
SO122239_SKU0048,ORD122239,DS001,SKU0048,2025-08-15 17:54:36,Damaged
SO122244_SKU0042,ORD122244,DS001,SKU0042,2025-08-15 15:31:41,Damaged
SO122258_SKU0069,ORD122258,DS001,SKU0069,2025-08-15 12:44:22,Damaged
SO122261_SKU0064,ORD122261,DS001,SKU0064,2025-08-15 12:48:28,Zero on hand
SO122266_SKU0061,ORD122266,DS001,SKU0061,2025-08-15 12:01:24,Pick fail
SO122271_SKU0054,ORD122271,DS001,SKU0054,2025-08-15 20:50:40,Zero on hand
SO122271_SKU0076,ORD122271,DS001,SKU0076,2025-08-15 20:50:40,Damaged
SO122279_SKU0005,ORD122279,DS001,SKU0005,2025-08-15 19:36:59,Pick fail
SO122282_SKU0069,ORD122282,DS001,SKU0069,2025-08-15 21:25:51,Pick fail
SO122286_SKU0059,ORD122286,DS001,SKU0059,2025-08-15 14:41:10,Damaged
SO122297_SKU0048,ORD122297,DS001,SKU0048,2025-08-15 11:24:42,Damaged
SO122301_SKU0011,ORD122301,DS001,SKU0011,2025-08-15 18:00:10,Damaged
SO122303_SKU0018,ORD122303,DS002,SKU0018,2025-08-15 18:34:25,Pick fail
SO122303_SKU0046,ORD122303,DS002,SKU0046,2025-08-15 18:34:25,Expired
SO122313_SKU0067,ORD122313,DS002,SKU0067,2025-08-15 18:07:42,Pick fail
SO122322_SKU0035,ORD122322,DS002,SKU0035,2025-08-15 19:14:07,Damaged
SO122329_SKU0028,ORD122329,DS002,SKU0028,2025-08-15 14:39:04,Expired
SO122337_SKU0067,ORD122337,DS002,SKU0067,2025-08-15 15:39:22,Expired
SO122339_SKU0050,ORD122339,DS002,SKU0050,2025-08-15 09:52:55,Damaged
SO122345_SKU0070,ORD122345,DS002,SKU0070,2025-08-15 19:38:31,Expired
SO122349_SKU0034,ORD122349,DS002,SKU0034,2025-08-15 18:48:19,Zero on hand
SO122351_SKU0067,ORD122351,DS002,SKU0067,2025-08-15 15:14:01,Damaged
SO122354_SKU0020,ORD122354,DS002,SKU0020,2025-08-15 20:51:39,Expired
SO122358_SKU0072,ORD122358,DS002,SKU0072,2025-08-15 21:42:32,Expired
SO122369_SKU0032,ORD122369,DS002,SKU0032,2025-08-15 16:27:00,Zero on hand
SO122379_SKU0021,ORD122379,DS002,SKU0021,2025-08-15 19:58:41,Pick fail
SO122380_SKU0030,ORD122380,DS002,SKU0030,2025-08-15 17:29:19,Pick fail
SO122384_SKU0074,ORD122384,DS002,SKU0074,2025-08-15 21:47:09,Zero on hand
SO122388_SKU0043,ORD122388,DS002,SKU0043,2025-08-15 11:37:02,Damaged
SO122406_SKU0020,ORD122406,DS003,SKU0020,2025-08-15 16:48:03,Zero on hand
SO122422_SKU0045,ORD122422,DS003,SKU0045,2025-08-15 22:56:09,Zero on hand
SO122428_SKU0002,ORD122428,DS003,SKU0002,2025-08-15 18:07:56,Pick fail
SO122456_SKU0005,ORD122456,DS003,SKU0005,2025-08-15 23:44:33,Damaged
SO122460_SKU0049,ORD122460,DS003,SKU0049,2025-08-15 17:27:19,Pick fail
SO122461_SKU0053,ORD122461,DS003,SKU0053,2025-08-15 18:16:40,Zero on hand
SO122467_SKU0067,ORD122467,DS003,SKU0067,2025-08-15 21:52:58,Pick fail
SO122471_SKU0015,ORD122471,DS003,SKU0015,2025-08-15 13:37:28,Pick fail
SO122473_SKU0058,ORD122473,DS003,SKU0058,2025-08-15 11:17:40,Expired
SO122473_SKU0012,ORD122473,DS003,SKU0012,2025-08-15 11:17:40,Expired
SO122478_SKU0057,ORD122478,DS003,SKU0057,2025-08-15 12:00:01,Zero on hand
SO122481_SKU0043,ORD122481,DS003,SKU0043,2025-08-15 18:09:11,Pick fail
SO122498_SKU0068,ORD122498,DS004,SKU0068,2025-08-15 22:46:10,Pick fail
SO122501_SKU0037,ORD122501,DS004,SKU0037,2025-08-15 16:33:59,Damaged
SO122505_SKU0018,ORD122505,DS004,SKU0018,2025-08-15 13:39:43,Damaged
SO122510_SKU0001,ORD122510,DS004,SKU0001,2025-08-15 15:35:08,Pick fail
SO122522_SKU0038,ORD122522,DS004,SKU0038,2025-08-15 19:50:00,Damaged
SO122523_SKU0060,ORD122523,DS004,SKU0060,2025-08-15 18:57:59,Pick fail
SO122525_SKU0050,ORD122525,DS004,SKU0050,2025-08-15 19:28:21,Pick fail
SO122528_SKU0068,ORD122528,DS004,SKU0068,2025-08-15 19:28:18,Pick fail
SO122532_SKU0044,ORD122532,DS004,SKU0044,2025-08-15 13:51:42,Expired
SO122540_SKU0056,ORD122540,DS004,SKU0056,2025-08-15 19:04:13,Pick fail
SO122543_SKU0053,ORD122543,DS004,SKU0053,2025-08-15 18:50:06,Expired
SO122551_SKU0079,ORD122551,DS004,SKU0079,2025-08-15 21:07:59,Zero on hand
SO122567_SKU0004,ORD122567,DS004,SKU0004,2025-08-15 21:13:22,Expired
SO122579_SKU0022,ORD122579,DS004,SKU0022,2025-08-15 15:06:22,Zero on hand
SO122582_SKU0034,ORD122582,DS004,SKU0034,2025-08-15 18:38:11,Damaged
SO122585_SKU0047,ORD122585,DS005,SKU0047,2025-08-15 20:12:23,Expired
SO122598_SKU0043,ORD122598,DS005,SKU0043,2025-08-15 11:05:56,Damaged
SO122605_SKU0045,ORD122605,DS005,SKU0045,2025-08-15 12:08:23,Pick fail
SO122608_SKU0023,ORD122608,DS005,SKU0023,2025-08-15 10:24:36,Damaged
SO122625_SKU0004,ORD122625,DS005,SKU0004,2025-08-15 08:15:05,Expired
SO122641_SKU0042,ORD122641,DS005,SKU0042,2025-08-15 18:19:08,Damaged
SO122641_SKU0001,ORD122641,DS005,SKU0001,2025-08-15 18:19:08,Zero on hand
SO122648_SKU0074,ORD122648,DS005,SKU0074,2025-08-15 18:34:18,Zero on hand
SO122661_SKU0060,ORD122661,DS005,SKU0060,2025-08-15 21:41:28,Pick fail
SO122689_SKU0002,ORD122689,DS005,SKU0002,2025-08-15 11:47:59,Damaged
SO122690_SKU0050,ORD122690,DS005,SKU0050,2025-08-15 17:57:05,Pick fail
SO122714_SKU0038,ORD122714,DS005,SKU0038,2025-08-15 19:30:49,Damaged
SO122721_SKU0008,ORD122721,DS005,SKU0008,2025-08-15 13:22:36,Pick fail
SO122725_SKU0057,ORD122725,DS005,SKU0057,2025-08-15 08:28:26,Pick fail
SO122733_SKU0066,ORD122733,DS005,SKU0066,2025-08-15 12:09:04,Damaged
SO122735_SKU0040,ORD122735,DS005,SKU0040,2025-08-15 19:32:02,Pick fail
SO122736_SKU0009,ORD122736,DS006,SKU0009,2025-08-15 13:34:03,Zero on hand
SO122750_SKU0051,ORD122750,DS006,SKU0051,2025-08-15 19:28:32,Zero on hand
SO122753_SKU0009,ORD122753,DS006,SKU0009,2025-08-15 10:49:24,Expired
SO122760_SKU0053,ORD122760,DS006,SKU0053,2025-08-15 09:55:47,Expired
SO122770_SKU0007,ORD122770,DS006,SKU0007,2025-08-15 08:56:08,Pick fail
SO122775_SKU0041,ORD122775,DS006,SKU0041,2025-08-15 10:36:41,Pick fail
SO122787_SKU0052,ORD122787,DS006,SKU0052,2025-08-15 15:44:41,Expired
SO122787_SKU0005,ORD122787,DS006,SKU0005,2025-08-15 15:44:41,Zero on hand
SO122791_SKU0064,ORD122791,DS006,SKU0064,2025-08-15 11:12:52,Expired
SO122794_SKU0042,ORD122794,DS006,SKU0042,2025-08-15 17:28:19,Zero on hand
SO122798_SKU0052,ORD122798,DS006,SKU0052,2025-08-15 18:43:57,Expired
SO122800_SKU0052,ORD122800,DS006,SKU0052,2025-08-15 21:12:05,Zero on hand
SO122804_SKU0062,ORD122804,DS006,SKU0062,2025-08-15 16:17:26,Zero on hand
SO122832_SKU0003,ORD122832,DS006,SKU0003,2025-08-15 16:27:23,Zero on hand
SO122833_SKU0065,ORD122833,DS006,SKU0065,2025-08-15 17:26:33,Pick fail
SO122834_SKU0039,ORD122834,DS006,SKU0039,2025-08-15 17:46:44,Damaged
SO122865_SKU0071,ORD122865,DS007,SKU0071,2025-08-15 20:28:38,Expired
SO122872_SKU0056,ORD122872,DS007,SKU0056,2025-08-15 19:34:03,Pick fail
SO122873_SKU0057,ORD122873,DS007,SKU0057,2025-08-15 21:23:07,Damaged
SO122879_SKU0062,ORD122879,DS007,SKU0062,2025-08-15 15:09:10,Expired
SO122888_SKU0006,ORD122888,DS007,SKU0006,2025-08-15 08:30:33,Zero on hand
SO122908_SKU0015,ORD122908,DS007,SKU0015,2025-08-15 20:17:32,Pick fail
SO122931_SKU0007,ORD122931,DS007,SKU0007,2025-08-15 12:33:50,Zero on hand
SO122934_SKU0056,ORD122934,DS007,SKU0056,2025-08-15 13:21:34,Pick fail
SO122945_SKU0067,ORD122945,DS007,SKU0067,2025-08-15 14:03:59,Pick fail
SO122959_SKU0076,ORD122959,DS007,SKU0076,2025-08-15 20:54:34,Expired
SO122965_SKU0068,ORD122965,DS007,SKU0068,2025-08-15 19:12:31,Damaged
SO122969_SKU0012,ORD122969,DS007,SKU0012,2025-08-15 20:57:33,Damaged
SO122976_SKU0040,ORD122976,DS008,SKU0040,2025-08-15 20:41:58,Zero on hand
SO122978_SKU0012,ORD122978,DS008,SKU0012,2025-08-15 17:56:24,Expired
SO122981_SKU0014,ORD122981,DS008,SKU0014,2025-08-15 16:48:07,Zero on hand
SO122986_SKU0001,ORD122986,DS008,SKU0001,2025-08-15 14:36:51,Pick fail
SO122992_SKU0060,ORD122992,DS008,SKU0060,2025-08-15 16:07:49,Damaged
SO122996_SKU0062,ORD122996,DS008,SKU0062,2025-08-15 23:15:09,Zero on hand
SO122998_SKU0047,ORD122998,DS008,SKU0047,2025-08-15 13:02:38,Expired
SO123000_SKU0035,ORD123000,DS008,SKU0035,2025-08-15 12:33:08,Zero on hand
SO123003_SKU0014,ORD123003,DS008,SKU0014,2025-08-15 17:08:16,Zero on hand
SO123005_SKU0057,ORD123005,DS008,SKU0057,2025-08-15 08:30:54,Expired
SO123006_SKU0056,ORD123006,DS008,SKU0056,2025-08-15 20:54:08,Damaged
SO123015_SKU0041,ORD123015,DS008,SKU0041,2025-08-15 19:24:54,Expired
SO123018_SKU0048,ORD123018,DS008,SKU0048,2025-08-15 19:00:36,Expired
SO123020_SKU0075,ORD123020,DS008,SKU0075,2025-08-15 17:25:28,Pick fail
SO123021_SKU0042,ORD123021,DS008,SKU0042,2025-08-15 23:51:04,Zero on hand
SO123026_SKU0026,ORD123026,DS008,SKU0026,2025-08-15 18:31:35,Zero on hand
SO123033_SKU0010,ORD123033,DS008,SKU0010,2025-08-15 18:45:10,Zero on hand
SO123038_SKU0066,ORD123038,DS008,SKU0066,2025-08-15 21:26:37,Zero on hand
SO123039_SKU0055,ORD123039,DS008,SKU0055,2025-08-15 15:16:21,Damaged
SO123040_SKU0036,ORD123040,DS008,SKU0036,2025-08-15 08:22:48,Damaged
SO123042_SKU0071,ORD123042,DS008,SKU0071,2025-08-15 10:10:42,Pick fail
SO123043_SKU0056,ORD123043,DS008,SKU0056,2025-08-15 09:06:08,Zero on hand
SO123044_SKU0026,ORD123044,DS008,SKU0026,2025-08-15 20:38:29,Pick fail
SO123047_SKU0056,ORD123047,DS008,SKU0056,2025-08-15 21:00:56,Pick fail
SO123071_SKU0047,ORD123071,DS009,SKU0047,2025-08-15 10:40:59,Zero on hand
SO123079_SKU0058,ORD123079,DS009,SKU0058,2025-08-15 16:43:26,Damaged
SO123091_SKU0051,ORD123091,DS009,SKU0051,2025-08-15 18:45:26,Zero on hand
SO123093_SKU0017,ORD123093,DS009,SKU0017,2025-08-15 22:03:30,Pick fail
SO123095_SKU0037,ORD123095,DS009,SKU0037,2025-08-15 15:34:42,Damaged
SO123112_SKU0078,ORD123112,DS009,SKU0078,2025-08-15 19:31:53,Pick fail
SO123119_SKU0034,ORD123119,DS009,SKU0034,2025-08-15 15:07:44,Damaged
SO123122_SKU0012,ORD123122,DS009,SKU0012,2025-08-15 13:49:22,Damaged
SO123122_SKU0022,ORD123122,DS009,SKU0022,2025-08-15 13:49:22,Expired
SO123137_SKU0044,ORD123137,DS009,SKU0044,2025-08-15 22:58:46,Pick fail
SO123138_SKU0012,ORD123138,DS009,SKU0012,2025-08-15 21:03:26,Damaged
SO123173_SKU0066,ORD123173,DS010,SKU0066,2025-08-15 16:44:22,Zero on hand
SO123175_SKU0041,ORD123175,DS010,SKU0041,2025-08-15 19:38:09,Zero on hand
SO123179_SKU0027,ORD123179,DS010,SKU0027,2025-08-15 17:38:05,Pick fail
SO123182_SKU0062,ORD123182,DS010,SKU0062,2025-08-15 08:37:54,Zero on hand
SO123192_SKU0010,ORD123192,DS010,SKU0010,2025-08-15 12:54:40,Damaged
SO123202_SKU0006,ORD123202,DS010,SKU0006,2025-08-15 13:39:53,Expired
SO123228_SKU0074,ORD123228,DS010,SKU0074,2025-08-15 17:13:18,Damaged
SO123245_SKU0001,ORD123245,DS010,SKU0001,2025-08-15 16:09:49,Damaged
SO123272_SKU0026,ORD123272,DS010,SKU0026,2025-08-15 20:28:55,Zero on hand
SO123275_SKU0061,ORD123275,DS010,SKU0061,2025-08-15 13:50:07,Pick fail
SO123280_SKU0003,ORD123280,DS010,SKU0003,2025-08-15 15:41:13,Damaged
SO123294_SKU0009,ORD123294,DS011,SKU0009,2025-08-15 13:04:12,Zero on hand
SO123309_SKU0056,ORD123309,DS011,SKU0056,2025-08-15 21:08:14,Pick fail
SO123317_SKU0006,ORD123317,DS011,SKU0006,2025-08-15 20:35:13,Zero on hand
SO123324_SKU0077,ORD123324,DS011,SKU0077,2025-08-15 21:33:16,Damaged
SO123339_SKU0013,ORD123339,DS011,SKU0013,2025-08-15 12:29:16,Zero on hand
SO123343_SKU0067,ORD123343,DS011,SKU0067,2025-08-15 14:37:34,Expired
SO123344_SKU0035,ORD123344,DS011,SKU0035,2025-08-15 18:37:49,Damaged
SO123349_SKU0065,ORD123349,DS011,SKU0065,2025-08-15 10:08:33,Expired
SO123351_SKU0054,ORD123351,DS011,SKU0054,2025-08-15 13:48:35,Pick fail
SO123358_SKU0017,ORD123358,DS011,SKU0017,2025-08-15 19:34:40,Zero on hand
SO123361_SKU0053,ORD123361,DS011,SKU0053,2025-08-15 09:50:18,Zero on hand
SO123362_SKU0029,ORD123362,DS011,SKU0029,2025-08-15 18:04:57,Pick fail
SO123363_SKU0017,ORD123363,DS011,SKU0017,2025-08-15 12:30:39,Pick fail
SO123364_SKU0013,ORD123364,DS011,SKU0013,2025-08-15 11:22:59,Expired
SO123398_SKU0059,ORD123398,DS012,SKU0059,2025-08-15 19:33:34,Zero on hand
SO123407_SKU0054,ORD123407,DS012,SKU0054,2025-08-15 19:55:09,Pick fail
SO123410_SKU0055,ORD123410,DS012,SKU0055,2025-08-15 15:28:25,Damaged
SO123417_SKU0060,ORD123417,DS012,SKU0060,2025-08-15 19:23:00,Damaged
SO123441_SKU0008,ORD123441,DS012,SKU0008,2025-08-15 12:07:30,Damaged
SO123451_SKU0007,ORD123451,DS012,SKU0007,2025-08-15 17:40:57,Damaged
SO123454_SKU0079,ORD123454,DS012,SKU0079,2025-08-15 13:01:41,Expired
SO123454_SKU0007,ORD123454,DS012,SKU0007,2025-08-15 13:01:41,Pick fail
SO123479_SKU0007,ORD123479,DS013,SKU0007,2025-08-15 12:12:57,Zero on hand
SO123480_SKU0071,ORD123480,DS013,SKU0071,2025-08-15 21:23:09,Damaged
SO123481_SKU0023,ORD123481,DS013,SKU0023,2025-08-15 12:54:10,Zero on hand
SO123497_SKU0067,ORD123497,DS013,SKU0067,2025-08-15 21:06:51,Pick fail
SO123509_SKU0069,ORD123509,DS013,SKU0069,2025-08-15 19:49:45,Pick fail
SO123512_SKU0008,ORD123512,DS013,SKU0008,2025-08-15 19:57:03,Expired
SO123515_SKU0046,ORD123515,DS013,SKU0046,2025-08-15 20:44:13,Expired
SO123523_SKU0067,ORD123523,DS013,SKU0067,2025-08-15 08:36:39,Expired
SO123530_SKU0050,ORD123530,DS013,SKU0050,2025-08-15 18:53:35,Zero on hand
SO123554_SKU0061,ORD123554,DS014,SKU0061,2025-08-15 18:49:53,Zero on hand
SO123555_SKU0024,ORD123555,DS014,SKU0024,2025-08-15 14:35:05,Zero on hand
SO123558_SKU0049,ORD123558,DS014,SKU0049,2025-08-15 20:11:56,Zero on hand
SO123559_SKU0033,ORD123559,DS014,SKU0033,2025-08-15 19:00:00,Zero on hand
SO123565_SKU0039,ORD123565,DS014,SKU0039,2025-08-15 18:18:09,Expired
SO123565_SKU0032,ORD123565,DS014,SKU0032,2025-08-15 18:18:09,Pick fail
SO123568_SKU0015,ORD123568,DS014,SKU0015,2025-08-15 13:21:15,Zero on hand
SO123571_SKU0066,ORD123571,DS014,SKU0066,2025-08-15 16:46:26,Expired
SO123573_SKU0006,ORD123573,DS014,SKU0006,2025-08-15 17:46:01,Expired
SO123581_SKU0054,ORD123581,DS014,SKU0054,2025-08-15 13:47:17,Damaged
SO123584_SKU0069,ORD123584,DS014,SKU0069,2025-08-15 16:16:13,Pick fail
SO123584_SKU0025,ORD123584,DS014,SKU0025,2025-08-15 16:16:13,Expired
SO123603_SKU0065,ORD123603,DS014,SKU0065,2025-08-15 11:10:08,Pick fail
SO123606_SKU0053,ORD123606,DS014,SKU0053,2025-08-15 10:24:28,Pick fail
SO123613_SKU0043,ORD123613,DS014,SKU0043,2025-08-15 18:13:58,Expired
SO123615_SKU0035,ORD123615,DS014,SKU0035,2025-08-15 17:39:00,Pick fail
SO123621_SKU0075,ORD123621,DS014,SKU0075,2025-08-15 15:52:03,Damaged
SO123628_SKU0065,ORD123628,DS014,SKU0065,2025-08-15 08:41:47,Zero on hand
SO123630_SKU0064,ORD123630,DS014,SKU0064,2025-08-15 10:31:34,Pick fail
SO123646_SKU0021,ORD123646,DS014,SKU0021,2025-08-15 11:38:46,Pick fail
SO123653_SKU0005,ORD123653,DS014,SKU0005,2025-08-15 13:48:50,Expired
SO123656_SKU0004,ORD123656,DS014,SKU0004,2025-08-15 13:40:07,Damaged
SO123662_SKU0057,ORD123662,DS015,SKU0057,2025-08-15 18:51:34,Expired
SO123667_SKU0033,ORD123667,DS015,SKU0033,2025-08-15 18:11:15,Pick fail
SO123680_SKU0075,ORD123680,DS015,SKU0075,2025-08-15 15:19:59,Expired
SO123681_SKU0067,ORD123681,DS015,SKU0067,2025-08-15 12:06:31,Expired
SO123685_SKU0054,ORD123685,DS015,SKU0054,2025-08-15 11:38:17,Zero on hand
SO123708_SKU0059,ORD123708,DS015,SKU0059,2025-08-15 22:00:01,Expired
SO123709_SKU0080,ORD123709,DS015,SKU0080,2025-08-15 11:42:19,Pick fail
SO123710_SKU0063,ORD123710,DS015,SKU0063,2025-08-15 14:20:39,Damaged
SO123711_SKU0078,ORD123711,DS015,SKU0078,2025-08-15 10:26:01,Damaged
SO123715_SKU0056,ORD123715,DS015,SKU0056,2025-08-15 21:27:38,Pick fail
SO123717_SKU0054,ORD123717,DS015,SKU0054,2025-08-15 17:44:52,Pick fail
SO123772_SKU0031,ORD123772,DS016,SKU0031,2025-08-15 10:41:19,Damaged
SO123780_SKU0005,ORD123780,DS016,SKU0005,2025-08-15 18:31:44,Expired
SO123781_SKU0042,ORD123781,DS016,SKU0042,2025-08-15 19:43:24,Pick fail
SO123782_SKU0065,ORD123782,DS016,SKU0065,2025-08-15 22:00:36,Pick fail
SO123787_SKU0012,ORD123787,DS016,SKU0012,2025-08-15 18:35:41,Damaged
SO123787_SKU0051,ORD123787,DS016,SKU0051,2025-08-15 18:35:41,Zero on hand
SO123800_SKU0052,ORD123800,DS016,SKU0052,2025-08-15 16:23:40,Pick fail
SO123804_SKU0079,ORD123804,DS016,SKU0079,2025-08-15 10:43:04,Damaged
SO123810_SKU0007,ORD123810,DS016,SKU0007,2025-08-15 20:17:01,Damaged
SO123811_SKU0021,ORD123811,DS016,SKU0021,2025-08-15 13:48:27,Damaged
SO123824_SKU0073,ORD123824,DS016,SKU0073,2025-08-15 13:09:41,Damaged
SO123833_SKU0053,ORD123833,DS016,SKU0053,2025-08-15 17:14:54,Zero on hand
SO123838_SKU0003,ORD123838,DS016,SKU0003,2025-08-15 13:47:43,Pick fail
SO123850_SKU0006,ORD123850,DS016,SKU0006,2025-08-15 11:59:02,Expired
SO123864_SKU0003,ORD123864,DS016,SKU0003,2025-08-15 15:58:29,Zero on hand
SO123875_SKU0015,ORD123875,DS016,SKU0015,2025-08-15 20:14:38,Damaged
SO123881_SKU0024,ORD123881,DS016,SKU0024,2025-08-15 19:01:19,Expired
SO123890_SKU0005,ORD123890,DS016,SKU0005,2025-08-15 11:29:32,Damaged
SO123905_SKU0006,ORD123905,DS017,SKU0006,2025-08-15 11:38:52,Expired
SO123907_SKU0013,ORD123907,DS017,SKU0013,2025-08-15 16:41:54,Zero on hand
SO123920_SKU0019,ORD123920,DS017,SKU0019,2025-08-15 18:50:08,Zero on hand
SO123920_SKU0002,ORD123920,DS017,SKU0002,2025-08-15 18:50:08,Damaged
SO123921_SKU0074,ORD123921,DS017,SKU0074,2025-08-15 19:06:16,Damaged
SO123930_SKU0044,ORD123930,DS017,SKU0044,2025-08-15 18:25:39,Damaged
SO123951_SKU0066,ORD123951,DS017,SKU0066,2025-08-15 19:04:39,Zero on hand
SO123955_SKU0002,ORD123955,DS017,SKU0002,2025-08-15 19:17:10,Damaged
SO123964_SKU0049,ORD123964,DS017,SKU0049,2025-08-15 13:02:55,Damaged
SO123967_SKU0067,ORD123967,DS017,SKU0067,2025-08-15 19:13:47,Damaged
SO123981_SKU0009,ORD123981,DS017,SKU0009,2025-08-15 20:52:55,Expired
SO123987_SKU0060,ORD123987,DS017,SKU0060,2025-08-15 17:53:33,Damaged
SO123990_SKU0001,ORD123990,DS017,SKU0001,2025-08-15 13:21:41,Pick fail
SO123999_SKU0050,ORD123999,DS017,SKU0050,2025-08-15 16:34:29,Expired
SO124004_SKU0008,ORD124004,DS017,SKU0008,2025-08-15 10:31:08,Pick fail
SO124018_SKU0079,ORD124018,DS017,SKU0079,2025-08-15 13:31:11,Zero on hand
SO124019_SKU0027,ORD124019,DS017,SKU0027,2025-08-15 23:17:09,Pick fail
SO124022_SKU0066,ORD124022,DS017,SKU0066,2025-08-15 10:36:57,Expired
SO124058_SKU0078,ORD124058,DS001,SKU0078,2025-08-16 20:38:10,Damaged
SO124063_SKU0042,ORD124063,DS001,SKU0042,2025-08-16 18:22:11,Expired
SO124070_SKU0035,ORD124070,DS001,SKU0035,2025-08-16 10:39:09,Damaged
SO124072_SKU0006,ORD124072,DS001,SKU0006,2025-08-16 08:47:38,Expired
SO124074_SKU0061,ORD124074,DS001,SKU0061,2025-08-16 16:46:52,Zero on hand
SO124079_SKU0026,ORD124079,DS001,SKU0026,2025-08-16 16:52:52,Zero on hand
SO124080_SKU0069,ORD124080,DS001,SKU0069,2025-08-16 19:41:39,Expired
SO124107_SKU0007,ORD124107,DS001,SKU0007,2025-08-16 20:24:16,Damaged
SO124119_SKU0046,ORD124119,DS001,SKU0046,2025-08-16 22:49:51,Pick fail
SO124122_SKU0021,ORD124122,DS001,SKU0021,2025-08-16 16:02:01,Damaged
SO124124_SKU0029,ORD124124,DS001,SKU0029,2025-08-16 13:44:44,Pick fail
SO124137_SKU0054,ORD124137,DS001,SKU0054,2025-08-16 08:23:58,Pick fail
SO124145_SKU0011,ORD124145,DS001,SKU0011,2025-08-16 18:55:04,Expired
SO124149_SKU0052,ORD124149,DS001,SKU0052,2025-08-16 19:36:04,Expired
SO124152_SKU0050,ORD124152,DS001,SKU0050,2025-08-16 20:02:17,Expired
SO124153_SKU0009,ORD124153,DS001,SKU0009,2025-08-16 21:17:59,Zero on hand
SO124165_SKU0030,ORD124165,DS002,SKU0030,2025-08-16 15:50:42,Expired
SO124172_SKU0063,ORD124172,DS002,SKU0063,2025-08-16 15:20:25,Zero on hand
SO124177_SKU0056,ORD124177,DS002,SKU0056,2025-08-16 19:37:24,Damaged
SO124193_SKU0059,ORD124193,DS002,SKU0059,2025-08-16 11:14:16,Pick fail
SO124202_SKU0015,ORD124202,DS002,SKU0015,2025-08-16 22:42:04,Zero on hand
SO124216_SKU0042,ORD124216,DS002,SKU0042,2025-08-16 14:25:57,Pick fail
SO124218_SKU0067,ORD124218,DS002,SKU0067,2025-08-16 08:33:23,Zero on hand
SO124223_SKU0034,ORD124223,DS002,SKU0034,2025-08-16 22:01:05,Pick fail
SO124224_SKU0036,ORD124224,DS002,SKU0036,2025-08-16 20:55:55,Pick fail
SO124237_SKU0055,ORD124237,DS002,SKU0055,2025-08-16 13:38:38,Zero on hand
SO124238_SKU0007,ORD124238,DS002,SKU0007,2025-08-16 09:18:42,Damaged
SO124265_SKU0027,ORD124265,DS003,SKU0027,2025-08-16 14:02:12,Zero on hand
SO124270_SKU0066,ORD124270,DS003,SKU0066,2025-08-16 12:24:57,Zero on hand
SO124276_SKU0070,ORD124276,DS003,SKU0070,2025-08-16 17:29:52,Zero on hand
SO124297_SKU0006,ORD124297,DS003,SKU0006,2025-08-16 15:21:02,Pick fail
SO124305_SKU0069,ORD124305,DS003,SKU0069,2025-08-16 23:58:40,Pick fail
SO124307_SKU0068,ORD124307,DS003,SKU0068,2025-08-16 19:38:02,Damaged
SO124315_SKU0077,ORD124315,DS003,SKU0077,2025-08-16 19:58:49,Pick fail
SO124326_SKU0053,ORD124326,DS003,SKU0053,2025-08-16 22:32:43,Damaged
SO124329_SKU0060,ORD124329,DS003,SKU0060,2025-08-16 23:10:49,Pick fail
SO124331_SKU0035,ORD124331,DS004,SKU0035,2025-08-16 16:58:01,Pick fail
SO124342_SKU0044,ORD124342,DS004,SKU0044,2025-08-16 19:51:36,Expired
SO124346_SKU0008,ORD124346,DS004,SKU0008,2025-08-16 18:48:27,Damaged
SO124380_SKU0052,ORD124380,DS004,SKU0052,2025-08-16 22:01:42,Damaged
SO124407_SKU0044,ORD124407,DS004,SKU0044,2025-08-16 13:39:35,Expired
SO124408_SKU0004,ORD124408,DS004,SKU0004,2025-08-16 18:03:34,Pick fail
SO124419_SKU0046,ORD124419,DS004,SKU0046,2025-08-16 18:16:24,Damaged
SO124422_SKU0066,ORD124422,DS004,SKU0066,2025-08-16 09:19:55,Zero on hand
SO124423_SKU0068,ORD124423,DS004,SKU0068,2025-08-16 19:20:03,Zero on hand
SO124426_SKU0051,ORD124426,DS004,SKU0051,2025-08-16 10:59:41,Zero on hand
SO124426_SKU0047,ORD124426,DS004,SKU0047,2025-08-16 10:59:41,Damaged
SO124429_SKU0005,ORD124429,DS004,SKU0005,2025-08-16 15:46:52,Pick fail
SO124433_SKU0025,ORD124433,DS005,SKU0025,2025-08-16 20:07:30,Damaged
SO124434_SKU0049,ORD124434,DS005,SKU0049,2025-08-16 14:04:48,Zero on hand
SO124446_SKU0069,ORD124446,DS005,SKU0069,2025-08-16 21:36:16,Pick fail
SO124449_SKU0040,ORD124449,DS005,SKU0040,2025-08-16 10:52:25,Zero on hand
SO124451_SKU0077,ORD124451,DS005,SKU0077,2025-08-16 18:32:22,Pick fail
SO124451_SKU0004,ORD124451,DS005,SKU0004,2025-08-16 18:32:22,Pick fail
SO124452_SKU0015,ORD124452,DS005,SKU0015,2025-08-16 16:20:29,Zero on hand
SO124457_SKU0002,ORD124457,DS005,SKU0002,2025-08-16 15:18:34,Damaged
SO124461_SKU0066,ORD124461,DS005,SKU0066,2025-08-16 17:06:21,Damaged
SO124465_SKU0025,ORD124465,DS005,SKU0025,2025-08-16 20:09:42,Expired
SO124472_SKU0024,ORD124472,DS005,SKU0024,2025-08-16 17:29:48,Damaged
SO124474_SKU0014,ORD124474,DS005,SKU0014,2025-08-16 16:40:27,Zero on hand
SO124480_SKU0062,ORD124480,DS005,SKU0062,2025-08-16 20:15:17,Pick fail
SO124481_SKU0004,ORD124481,DS005,SKU0004,2025-08-16 21:03:32,Expired
SO124484_SKU0007,ORD124484,DS005,SKU0007,2025-08-16 08:55:54,Expired
SO124490_SKU0017,ORD124490,DS005,SKU0017,2025-08-16 13:48:38,Damaged
SO124491_SKU0055,ORD124491,DS005,SKU0055,2025-08-16 17:07:06,Expired
SO124496_SKU0033,ORD124496,DS005,SKU0033,2025-08-16 19:38:20,Damaged
SO124501_SKU0028,ORD124501,DS005,SKU0028,2025-08-16 19:57:06,Pick fail
SO124504_SKU0001,ORD124504,DS005,SKU0001,2025-08-16 18:11:04,Pick fail
SO124508_SKU0067,ORD124508,DS005,SKU0067,2025-08-16 08:03:05,Damaged
SO124509_SKU0028,ORD124509,DS005,SKU0028,2025-08-16 19:53:33,Damaged
SO124530_SKU0029,ORD124530,DS005,SKU0029,2025-08-16 10:14:39,Pick fail
SO124539_SKU0015,ORD124539,DS005,SKU0015,2025-08-16 12:36:11,Expired
SO124568_SKU0076,ORD124568,DS005,SKU0076,2025-08-16 20:24:19,Expired
SO124569_SKU0017,ORD124569,DS005,SKU0017,2025-08-16 15:28:05,Expired
SO124581_SKU0063,ORD124581,DS005,SKU0063,2025-08-16 18:07:28,Expired
SO124591_SKU0062,ORD124591,DS005,SKU0062,2025-08-16 18:54:09,Damaged
SO124598_SKU0024,ORD124598,DS005,SKU0024,2025-08-16 18:48:30,Pick fail
SO124599_SKU0036,ORD124599,DS005,SKU0036,2025-08-16 13:51:13,Damaged
SO124604_SKU0078,ORD124604,DS006,SKU0078,2025-08-16 11:25:27,Damaged
SO124610_SKU0005,ORD124610,DS006,SKU0005,2025-08-16 13:37:45,Expired
SO124617_SKU0051,ORD124617,DS006,SKU0051,2025-08-16 19:28:30,Zero on hand
SO124640_SKU0062,ORD124640,DS006,SKU0062,2025-08-16 14:18:29,Zero on hand
SO124641_SKU0049,ORD124641,DS006,SKU0049,2025-08-16 15:17:56,Zero on hand
SO124654_SKU0065,ORD124654,DS006,SKU0065,2025-08-16 19:39:36,Expired
SO124659_SKU0063,ORD124659,DS006,SKU0063,2025-08-16 11:59:49,Expired
SO124660_SKU0007,ORD124660,DS006,SKU0007,2025-08-16 20:06:59,Pick fail
SO124684_SKU0014,ORD124684,DS006,SKU0014,2025-08-16 20:58:26,Damaged
SO124689_SKU0019,ORD124689,DS006,SKU0019,2025-08-16 13:12:27,Damaged
SO124696_SKU0053,ORD124696,DS006,SKU0053,2025-08-16 20:45:47,Pick fail
SO124700_SKU0057,ORD124700,DS007,SKU0057,2025-08-16 17:28:42,Pick fail
SO124703_SKU0001,ORD124703,DS007,SKU0001,2025-08-16 12:03:55,Damaged
SO124706_SKU0005,ORD124706,DS007,SKU0005,2025-08-16 09:13:07,Expired
SO124710_SKU0057,ORD124710,DS007,SKU0057,2025-08-16 14:07:01,Damaged
SO124712_SKU0002,ORD124712,DS007,SKU0002,2025-08-16 19:51:06,Pick fail
SO124724_SKU0017,ORD124724,DS007,SKU0017,2025-08-16 18:49:59,Zero on hand
SO124725_SKU0053,ORD124725,DS007,SKU0053,2025-08-16 17:37:59,Pick fail
SO124725_SKU0040,ORD124725,DS007,SKU0040,2025-08-16 17:37:59,Pick fail
SO124742_SKU0060,ORD124742,DS007,SKU0060,2025-08-16 19:51:10,Pick fail
SO124749_SKU0014,ORD124749,DS007,SKU0014,2025-08-16 16:49:53,Expired
SO124749_SKU0038,ORD124749,DS007,SKU0038,2025-08-16 16:49:53,Damaged
SO124752_SKU0014,ORD124752,DS007,SKU0014,2025-08-16 20:43:18,Expired
SO124756_SKU0018,ORD124756,DS007,SKU0018,2025-08-16 11:04:06,Zero on hand
SO124760_SKU0047,ORD124760,DS007,SKU0047,2025-08-16 15:55:06,Pick fail
SO124764_SKU0057,ORD124764,DS007,SKU0057,2025-08-16 18:44:10,Expired
SO124772_SKU0062,ORD124772,DS007,SKU0062,2025-08-16 11:46:30,Damaged
SO124774_SKU0039,ORD124774,DS007,SKU0039,2025-08-16 10:35:06,Zero on hand
SO124775_SKU0012,ORD124775,DS007,SKU0012,2025-08-16 22:55:07,Zero on hand
SO124781_SKU0026,ORD124781,DS007,SKU0026,2025-08-16 18:47:49,Damaged
SO124793_SKU0046,ORD124793,DS007,SKU0046,2025-08-16 19:20:58,Expired
SO124795_SKU0005,ORD124795,DS007,SKU0005,2025-08-16 16:28:11,Pick fail
SO124807_SKU0035,ORD124807,DS008,SKU0035,2025-08-16 16:03:35,Zero on hand
SO124808_SKU0052,ORD124808,DS008,SKU0052,2025-08-16 11:34:16,Pick fail
SO124808_SKU0009,ORD124808,DS008,SKU0009,2025-08-16 11:34:16,Expired
SO124811_SKU0036,ORD124811,DS008,SKU0036,2025-08-16 17:36:11,Expired
SO124815_SKU0069,ORD124815,DS008,SKU0069,2025-08-16 18:00:54,Zero on hand
SO124833_SKU0033,ORD124833,DS008,SKU0033,2025-08-16 13:58:11,Zero on hand
SO124835_SKU0023,ORD124835,DS008,SKU0023,2025-08-16 10:36:00,Pick fail
SO124839_SKU0058,ORD124839,DS008,SKU0058,2025-08-16 15:05:11,Expired
SO124840_SKU0018,ORD124840,DS008,SKU0018,2025-08-16 17:08:28,Expired
SO124851_SKU0034,ORD124851,DS008,SKU0034,2025-08-16 20:01:52,Damaged
SO124859_SKU0052,ORD124859,DS008,SKU0052,2025-08-16 12:57:19,Pick fail
SO124861_SKU0008,ORD124861,DS008,SKU0008,2025-08-16 09:39:29,Pick fail
SO124862_SKU0018,ORD124862,DS008,SKU0018,2025-08-16 13:24:56,Pick fail
SO124874_SKU0048,ORD124874,DS008,SKU0048,2025-08-16 18:32:43,Pick fail
SO124874_SKU0071,ORD124874,DS008,SKU0071,2025-08-16 18:32:43,Pick fail
SO124885_SKU0069,ORD124885,DS008,SKU0069,2025-08-16 19:32:34,Zero on hand
SO124887_SKU0074,ORD124887,DS008,SKU0074,2025-08-16 20:10:11,Pick fail
SO124889_SKU0044,ORD124889,DS008,SKU0044,2025-08-16 18:36:43,Pick fail
SO124896_SKU0008,ORD124896,DS008,SKU0008,2025-08-16 20:41:01,Pick fail
SO124897_SKU0058,ORD124897,DS008,SKU0058,2025-08-16 18:53:27,Damaged
SO124915_SKU0061,ORD124915,DS009,SKU0061,2025-08-16 21:25:50,Zero on hand
SO124928_SKU0050,ORD124928,DS009,SKU0050,2025-08-16 19:44:03,Expired
SO124940_SKU0068,ORD124940,DS009,SKU0068,2025-08-16 16:56:19,Zero on hand
SO124944_SKU0002,ORD124944,DS009,SKU0002,2025-08-16 17:36:19,Expired
SO124945_SKU0013,ORD124945,DS009,SKU0013,2025-08-16 20:21:12,Pick fail
SO124946_SKU0048,ORD124946,DS009,SKU0048,2025-08-16 19:52:09,Zero on hand
SO124948_SKU0044,ORD124948,DS009,SKU0044,2025-08-16 12:53:20,Damaged
SO124957_SKU0020,ORD124957,DS009,SKU0020,2025-08-16 22:37:59,Damaged
SO124958_SKU0057,ORD124958,DS009,SKU0057,2025-08-16 20:46:29,Expired
SO124960_SKU0053,ORD124960,DS009,SKU0053,2025-08-16 17:32:21,Pick fail
SO124976_SKU0076,ORD124976,DS009,SKU0076,2025-08-16 18:10:13,Expired
SO124980_SKU0007,ORD124980,DS009,SKU0007,2025-08-16 12:28:05,Pick fail
SO124986_SKU0006,ORD124986,DS009,SKU0006,2025-08-16 19:52:38,Damaged
SO125001_SKU0041,ORD125001,DS009,SKU0041,2025-08-16 19:38:39,Expired
SO125005_SKU0007,ORD125005,DS009,SKU0007,2025-08-16 19:29:39,Pick fail
SO125015_SKU0006,ORD125015,DS010,SKU0006,2025-08-16 21:23:56,Damaged
SO125017_SKU0070,ORD125017,DS010,SKU0070,2025-08-16 21:16:24,Damaged
SO125018_SKU0004,ORD125018,DS010,SKU0004,2025-08-16 18:29:57,Pick fail
SO125026_SKU0056,ORD125026,DS010,SKU0056,2025-08-16 21:27:08,Expired
SO125029_SKU0066,ORD125029,DS010,SKU0066,2025-08-16 20:32:21,Expired
SO125038_SKU0038,ORD125038,DS010,SKU0038,2025-08-16 17:50:26,Expired
SO125039_SKU0073,ORD125039,DS010,SKU0073,2025-08-16 16:05:53,Damaged
SO125049_SKU0072,ORD125049,DS010,SKU0072,2025-08-16 09:50:32,Zero on hand
SO125052_SKU0067,ORD125052,DS010,SKU0067,2025-08-16 12:41:08,Zero on hand
SO125058_SKU0067,ORD125058,DS010,SKU0067,2025-08-16 12:53:36,Damaged
SO125068_SKU0078,ORD125068,DS010,SKU0078,2025-08-16 13:20:31,Damaged
SO125074_SKU0039,ORD125074,DS010,SKU0039,2025-08-16 19:27:47,Expired
SO125095_SKU0060,ORD125095,DS010,SKU0060,2025-08-16 13:11:30,Damaged
SO125098_SKU0008,ORD125098,DS010,SKU0008,2025-08-16 09:50:44,Damaged
SO125100_SKU0073,ORD125100,DS010,SKU0073,2025-08-16 13:29:31,Pick fail
SO125123_SKU0060,ORD125123,DS010,SKU0060,2025-08-16 09:43:14,Damaged
SO125123_SKU0050,ORD125123,DS010,SKU0050,2025-08-16 09:43:14,Expired
SO125136_SKU0080,ORD125136,DS011,SKU0080,2025-08-16 19:33:09,Zero on hand
SO125144_SKU0023,ORD125144,DS011,SKU0023,2025-08-16 12:58:01,Expired
SO125151_SKU0060,ORD125151,DS011,SKU0060,2025-08-16 22:46:52,Damaged
SO125169_SKU0071,ORD125169,DS011,SKU0071,2025-08-16 18:58:12,Expired
SO125170_SKU0018,ORD125170,DS011,SKU0018,2025-08-16 17:20:09,Pick fail
SO125175_SKU0064,ORD125175,DS011,SKU0064,2025-08-16 20:20:58,Pick fail
SO125178_SKU0061,ORD125178,DS011,SKU0061,2025-08-16 19:10:38,Zero on hand
SO125184_SKU0059,ORD125184,DS011,SKU0059,2025-08-16 19:43:59,Zero on hand
SO125188_SKU0012,ORD125188,DS011,SKU0012,2025-08-16 12:27:03,Pick fail
SO125189_SKU0067,ORD125189,DS011,SKU0067,2025-08-16 20:15:22,Pick fail
SO125193_SKU0057,ORD125193,DS011,SKU0057,2025-08-16 13:49:03,Zero on hand
SO125207_SKU0016,ORD125207,DS011,SKU0016,2025-08-16 09:49:40,Damaged
SO125211_SKU0018,ORD125211,DS011,SKU0018,2025-08-16 22:10:54,Damaged
SO125212_SKU0002,ORD125212,DS011,SKU0002,2025-08-16 14:07:07,Pick fail
SO125213_SKU0008,ORD125213,DS011,SKU0008,2025-08-16 12:12:30,Pick fail
SO125233_SKU0046,ORD125233,DS012,SKU0046,2025-08-16 16:00:44,Damaged
SO125241_SKU0040,ORD125241,DS012,SKU0040,2025-08-16 12:30:08,Damaged
SO125243_SKU0055,ORD125243,DS012,SKU0055,2025-08-16 10:30:32,Expired
SO125245_SKU0062,ORD125245,DS012,SKU0062,2025-08-16 11:08:34,Zero on hand
SO125249_SKU0062,ORD125249,DS012,SKU0062,2025-08-16 18:37:46,Expired
SO125257_SKU0004,ORD125257,DS012,SKU0004,2025-08-16 14:46:00,Damaged
SO125268_SKU0049,ORD125268,DS012,SKU0049,2025-08-16 17:26:53,Damaged
SO125278_SKU0011,ORD125278,DS012,SKU0011,2025-08-16 08:40:36,Expired
SO125294_SKU0059,ORD125294,DS012,SKU0059,2025-08-16 14:55:00,Pick fail
SO125317_SKU0040,ORD125317,DS012,SKU0040,2025-08-16 17:55:36,Expired
SO125329_SKU0005,ORD125329,DS012,SKU0005,2025-08-16 16:30:11,Damaged
SO125332_SKU0033,ORD125332,DS013,SKU0033,2025-08-16 12:29:08,Zero on hand
SO125345_SKU0060,ORD125345,DS013,SKU0060,2025-08-16 21:57:58,Pick fail
SO125361_SKU0049,ORD125361,DS013,SKU0049,2025-08-16 19:25:55,Expired
SO125363_SKU0009,ORD125363,DS013,SKU0009,2025-08-16 13:08:14,Pick fail
SO125369_SKU0033,ORD125369,DS013,SKU0033,2025-08-16 20:27:46,Zero on hand
SO125372_SKU0045,ORD125372,DS013,SKU0045,2025-08-16 09:31:37,Expired
SO125374_SKU0051,ORD125374,DS013,SKU0051,2025-08-16 20:26:37,Damaged
SO125386_SKU0043,ORD125386,DS013,SKU0043,2025-08-16 19:01:05,Damaged
SO125403_SKU0029,ORD125403,DS013,SKU0029,2025-08-16 14:48:19,Pick fail
SO125412_SKU0030,ORD125412,DS014,SKU0030,2025-08-16 14:21:35,Expired
SO125412_SKU0021,ORD125412,DS014,SKU0021,2025-08-16 14:21:35,Pick fail
SO125425_SKU0056,ORD125425,DS014,SKU0056,2025-08-16 19:33:02,Pick fail
SO125426_SKU0067,ORD125426,DS014,SKU0067,2025-08-16 10:21:41,Pick fail
SO125427_SKU0059,ORD125427,DS014,SKU0059,2025-08-16 22:14:44,Damaged
SO125440_SKU0053,ORD125440,DS014,SKU0053,2025-08-16 10:27:20,Expired
SO125447_SKU0069,ORD125447,DS014,SKU0069,2025-08-16 10:01:47,Damaged
SO125454_SKU0040,ORD125454,DS014,SKU0040,2025-08-16 11:03:51,Damaged
SO125461_SKU0001,ORD125461,DS014,SKU0001,2025-08-16 09:06:50,Expired
SO125473_SKU0042,ORD125473,DS014,SKU0042,2025-08-16 18:32:08,Pick fail
SO125488_SKU0037,ORD125488,DS014,SKU0037,2025-08-16 15:17:43,Zero on hand
SO125491_SKU0052,ORD125491,DS014,SKU0052,2025-08-16 14:03:35,Expired
SO125494_SKU0073,ORD125494,DS014,SKU0073,2025-08-16 19:53:05,Damaged
SO125496_SKU0070,ORD125496,DS014,SKU0070,2025-08-16 12:35:59,Damaged
SO125497_SKU0067,ORD125497,DS014,SKU0067,2025-08-16 18:41:21,Damaged
SO125500_SKU0053,ORD125500,DS014,SKU0053,2025-08-16 18:54:56,Pick fail
SO125508_SKU0069,ORD125508,DS014,SKU0069,2025-08-16 21:45:02,Zero on hand
SO125509_SKU0026,ORD125509,DS014,SKU0026,2025-08-16 12:11:20,Pick fail
SO125514_SKU0022,ORD125514,DS014,SKU0022,2025-08-16 16:23:23,Expired
SO125518_SKU0071,ORD125518,DS014,SKU0071,2025-08-16 16:30:33,Expired
SO125518_SKU0075,ORD125518,DS014,SKU0075,2025-08-16 16:30:33,Pick fail
SO125525_SKU0002,ORD125525,DS014,SKU0002,2025-08-16 12:56:49,Pick fail
SO125536_SKU0075,ORD125536,DS015,SKU0075,2025-08-16 20:55:43,Zero on hand
SO125538_SKU0073,ORD125538,DS015,SKU0073,2025-08-16 17:03:08,Expired
SO125551_SKU0020,ORD125551,DS015,SKU0020,2025-08-16 13:09:51,Damaged
SO125554_SKU0080,ORD125554,DS015,SKU0080,2025-08-16 20:05:00,Pick fail
SO125556_SKU0049,ORD125556,DS015,SKU0049,2025-08-16 18:19:04,Damaged
SO125570_SKU0067,ORD125570,DS015,SKU0067,2025-08-16 21:15:39,Zero on hand
SO125580_SKU0078,ORD125580,DS015,SKU0078,2025-08-16 19:45:03,Expired
SO125585_SKU0057,ORD125585,DS015,SKU0057,2025-08-16 09:14:29,Zero on hand
SO125595_SKU0004,ORD125595,DS015,SKU0004,2025-08-16 14:08:40,Damaged
SO125595_SKU0062,ORD125595,DS015,SKU0062,2025-08-16 14:08:40,Expired
SO125598_SKU0013,ORD125598,DS015,SKU0013,2025-08-16 17:21:08,Damaged
SO125600_SKU0018,ORD125600,DS016,SKU0018,2025-08-16 22:51:07,Zero on hand
SO125605_SKU0065,ORD125605,DS016,SKU0065,2025-08-16 09:00:53,Pick fail
SO125606_SKU0047,ORD125606,DS016,SKU0047,2025-08-16 23:43:54,Expired
SO125613_SKU0046,ORD125613,DS016,SKU0046,2025-08-16 19:16:40,Damaged
SO125626_SKU0074,ORD125626,DS016,SKU0074,2025-08-16 10:48:03,Zero on hand
SO125642_SKU0017,ORD125642,DS016,SKU0017,2025-08-16 15:17:51,Expired
SO125645_SKU0007,ORD125645,DS016,SKU0007,2025-08-16 22:02:10,Zero on hand
SO125648_SKU0071,ORD125648,DS016,SKU0071,2025-08-16 16:02:12,Pick fail
SO125651_SKU0005,ORD125651,DS016,SKU0005,2025-08-16 15:14:54,Zero on hand
SO125659_SKU0013,ORD125659,DS016,SKU0013,2025-08-16 12:59:38,Expired
SO125663_SKU0027,ORD125663,DS016,SKU0027,2025-08-16 12:39:22,Expired
SO125673_SKU0029,ORD125673,DS016,SKU0029,2025-08-16 09:29:48,Damaged
SO125679_SKU0065,ORD125679,DS016,SKU0065,2025-08-16 15:47:16,Pick fail
SO125682_SKU0049,ORD125682,DS016,SKU0049,2025-08-16 13:31:27,Pick fail
SO125688_SKU0016,ORD125688,DS016,SKU0016,2025-08-16 17:18:46,Pick fail
SO125714_SKU0063,ORD125714,DS017,SKU0063,2025-08-16 09:40:05,Damaged
SO125723_SKU0004,ORD125723,DS017,SKU0004,2025-08-16 13:05:30,Pick fail
SO125747_SKU0006,ORD125747,DS017,SKU0006,2025-08-16 11:26:51,Zero on hand
SO125751_SKU0010,ORD125751,DS017,SKU0010,2025-08-16 19:43:55,Expired
SO125756_SKU0009,ORD125756,DS017,SKU0009,2025-08-16 17:51:47,Zero on hand
SO125773_SKU0041,ORD125773,DS017,SKU0041,2025-08-16 19:42:51,Expired
SO125777_SKU0016,ORD125777,DS017,SKU0016,2025-08-16 15:34:43,Pick fail
SO125780_SKU0038,ORD125780,DS017,SKU0038,2025-08-16 17:48:55,Zero on hand
SO125781_SKU0008,ORD125781,DS017,SKU0008,2025-08-16 18:45:17,Pick fail
SO125789_SKU0047,ORD125789,DS017,SKU0047,2025-08-16 13:33:57,Pick fail
SO125789_SKU0049,ORD125789,DS017,SKU0049,2025-08-16 13:33:57,Damaged
SO125795_SKU0053,ORD125795,DS017,SKU0053,2025-08-16 20:20:05,Pick fail
SO125808_SKU0072,ORD125808,DS017,SKU0072,2025-08-16 17:29:51,Pick fail
SO125819_SKU0062,ORD125819,DS017,SKU0062,2025-08-16 19:43:15,Pick fail
SO125822_SKU0016,ORD125822,DS001,SKU0016,2025-08-17 13:01:57,Damaged
SO125825_SKU0072,ORD125825,DS001,SKU0072,2025-08-17 19:46:44,Pick fail
SO125826_SKU0048,ORD125826,DS001,SKU0048,2025-08-17 10:29:50,Pick fail
SO125830_SKU0068,ORD125830,DS001,SKU0068,2025-08-17 12:06:39,Damaged
SO125837_SKU0055,ORD125837,DS001,SKU0055,2025-08-17 21:29:15,Expired
SO125838_SKU0007,ORD125838,DS001,SKU0007,2025-08-17 21:59:18,Pick fail
SO125839_SKU0004,ORD125839,DS001,SKU0004,2025-08-17 17:58:01,Zero on hand
SO125842_SKU0068,ORD125842,DS001,SKU0068,2025-08-17 18:25:39,Zero on hand
SO125843_SKU0054,ORD125843,DS001,SKU0054,2025-08-17 13:34:43,Damaged
SO125850_SKU0002,ORD125850,DS001,SKU0002,2025-08-17 20:33:50,Pick fail
SO125858_SKU0003,ORD125858,DS001,SKU0003,2025-08-17 11:26:20,Pick fail
SO125859_SKU0037,ORD125859,DS001,SKU0037,2025-08-17 18:37:10,Pick fail
SO125862_SKU0036,ORD125862,DS001,SKU0036,2025-08-17 18:31:10,Pick fail
SO125863_SKU0052,ORD125863,DS001,SKU0052,2025-08-17 18:04:43,Damaged
SO125875_SKU0057,ORD125875,DS001,SKU0057,2025-08-17 12:13:07,Damaged
SO125886_SKU0012,ORD125886,DS001,SKU0012,2025-08-17 18:29:26,Zero on hand
SO125896_SKU0035,ORD125896,DS001,SKU0035,2025-08-17 12:09:36,Expired
SO125897_SKU0007,ORD125897,DS001,SKU0007,2025-08-17 11:09:35,Damaged
SO125903_SKU0048,ORD125903,DS001,SKU0048,2025-08-17 18:03:43,Expired
SO125908_SKU0079,ORD125908,DS001,SKU0079,2025-08-17 20:56:57,Zero on hand
SO125909_SKU0002,ORD125909,DS002,SKU0002,2025-08-17 18:11:56,Zero on hand
SO125915_SKU0069,ORD125915,DS002,SKU0069,2025-08-17 23:31:36,Expired
SO125933_SKU0053,ORD125933,DS002,SKU0053,2025-08-17 19:37:20,Pick fail
SO125937_SKU0034,ORD125937,DS002,SKU0034,2025-08-17 13:09:54,Expired
SO125937_SKU0067,ORD125937,DS002,SKU0067,2025-08-17 13:09:54,Zero on hand
SO125941_SKU0065,ORD125941,DS002,SKU0065,2025-08-17 14:23:11,Pick fail
SO125944_SKU0018,ORD125944,DS002,SKU0018,2025-08-17 17:59:28,Zero on hand
SO125949_SKU0058,ORD125949,DS002,SKU0058,2025-08-17 19:33:11,Damaged
SO125951_SKU0035,ORD125951,DS002,SKU0035,2025-08-17 13:18:06,Pick fail
SO125955_SKU0061,ORD125955,DS002,SKU0061,2025-08-17 14:43:31,Expired
SO125956_SKU0014,ORD125956,DS002,SKU0014,2025-08-17 20:41:14,Pick fail
SO125967_SKU0046,ORD125967,DS002,SKU0046,2025-08-17 08:09:48,Zero on hand
SO125981_SKU0050,ORD125981,DS002,SKU0050,2025-08-17 14:37:21,Damaged
SO125982_SKU0022,ORD125982,DS002,SKU0022,2025-08-17 13:05:17,Expired
SO126000_SKU0062,ORD126000,DS003,SKU0062,2025-08-17 16:25:25,Expired
SO126001_SKU0060,ORD126001,DS003,SKU0060,2025-08-17 19:24:21,Damaged
SO126009_SKU0058,ORD126009,DS003,SKU0058,2025-08-17 16:05:23,Zero on hand
SO126010_SKU0005,ORD126010,DS003,SKU0005,2025-08-17 10:25:44,Expired
SO126024_SKU0046,ORD126024,DS003,SKU0046,2025-08-17 16:14:16,Expired
SO126025_SKU0009,ORD126025,DS003,SKU0009,2025-08-17 09:44:55,Damaged
SO126031_SKU0068,ORD126031,DS003,SKU0068,2025-08-17 19:07:25,Damaged
SO126033_SKU0007,ORD126033,DS003,SKU0007,2025-08-17 23:23:04,Zero on hand
SO126040_SKU0057,ORD126040,DS003,SKU0057,2025-08-17 17:27:24,Zero on hand
SO126043_SKU0066,ORD126043,DS003,SKU0066,2025-08-17 17:06:12,Damaged
SO126061_SKU0006,ORD126061,DS004,SKU0006,2025-08-17 11:04:30,Pick fail
SO126076_SKU0010,ORD126076,DS004,SKU0010,2025-08-17 12:47:37,Pick fail
SO126078_SKU0046,ORD126078,DS004,SKU0046,2025-08-17 12:23:53,Pick fail
SO126082_SKU0020,ORD126082,DS004,SKU0020,2025-08-17 16:31:54,Zero on hand
SO126086_SKU0002,ORD126086,DS004,SKU0002,2025-08-17 12:12:53,Damaged
SO126095_SKU0053,ORD126095,DS004,SKU0053,2025-08-17 17:47:28,Expired
SO126101_SKU0079,ORD126101,DS005,SKU0079,2025-08-17 17:36:00,Damaged
SO126102_SKU0032,ORD126102,DS005,SKU0032,2025-08-17 11:45:36,Damaged
SO126103_SKU0042,ORD126103,DS005,SKU0042,2025-08-17 17:08:52,Zero on hand
SO126114_SKU0007,ORD126114,DS005,SKU0007,2025-08-17 11:02:23,Pick fail
SO126116_SKU0037,ORD126116,DS005,SKU0037,2025-08-17 19:34:13,Expired
SO126123_SKU0040,ORD126123,DS005,SKU0040,2025-08-17 12:10:38,Pick fail
SO126138_SKU0041,ORD126138,DS005,SKU0041,2025-08-17 17:57:42,Expired
SO126145_SKU0039,ORD126145,DS005,SKU0039,2025-08-17 12:34:13,Expired
SO126145_SKU0068,ORD126145,DS005,SKU0068,2025-08-17 12:34:13,Expired
SO126151_SKU0030,ORD126151,DS005,SKU0030,2025-08-17 19:05:39,Pick fail
SO126158_SKU0007,ORD126158,DS005,SKU0007,2025-08-17 20:55:25,Expired
SO126169_SKU0036,ORD126169,DS005,SKU0036,2025-08-17 20:45:07,Damaged
SO126183_SKU0061,ORD126183,DS005,SKU0061,2025-08-17 16:47:03,Pick fail
SO126188_SKU0058,ORD126188,DS005,SKU0058,2025-08-17 10:33:37,Zero on hand
SO126200_SKU0043,ORD126200,DS006,SKU0043,2025-08-17 20:52:53,Expired
SO126211_SKU0024,ORD126211,DS006,SKU0024,2025-08-17 08:13:21,Damaged
SO126218_SKU0075,ORD126218,DS006,SKU0075,2025-08-17 10:54:42,Zero on hand
SO126218_SKU0055,ORD126218,DS006,SKU0055,2025-08-17 10:54:42,Damaged
SO126222_SKU0005,ORD126222,DS006,SKU0005,2025-08-17 17:55:31,Damaged
SO126231_SKU0058,ORD126231,DS006,SKU0058,2025-08-17 12:41:47,Pick fail
SO126237_SKU0038,ORD126237,DS006,SKU0038,2025-08-17 22:14:34,Damaged
SO126238_SKU0002,ORD126238,DS006,SKU0002,2025-08-17 18:30:05,Expired
SO126242_SKU0003,ORD126242,DS006,SKU0003,2025-08-17 18:17:19,Pick fail
SO126245_SKU0043,ORD126245,DS006,SKU0043,2025-08-17 10:13:03,Pick fail
SO126252_SKU0058,ORD126252,DS006,SKU0058,2025-08-17 20:19:39,Zero on hand
SO126254_SKU0009,ORD126254,DS006,SKU0009,2025-08-17 13:59:21,Damaged
SO126261_SKU0069,ORD126261,DS006,SKU0069,2025-08-17 19:33:39,Expired
SO126277_SKU0039,ORD126277,DS006,SKU0039,2025-08-17 12:24:03,Expired
SO126283_SKU0013,ORD126283,DS006,SKU0013,2025-08-17 19:36:46,Expired
SO126302_SKU0008,ORD126302,DS007,SKU0008,2025-08-17 18:25:54,Zero on hand
SO126305_SKU0037,ORD126305,DS007,SKU0037,2025-08-17 09:38:24,Pick fail
SO126310_SKU0056,ORD126310,DS007,SKU0056,2025-08-17 11:33:42,Zero on hand
SO126317_SKU0069,ORD126317,DS007,SKU0069,2025-08-17 21:58:00,Damaged
SO126320_SKU0027,ORD126320,DS007,SKU0027,2025-08-17 18:49:56,Damaged
SO126327_SKU0017,ORD126327,DS007,SKU0017,2025-08-17 13:51:08,Pick fail
SO126340_SKU0033,ORD126340,DS007,SKU0033,2025-08-17 19:33:43,Zero on hand
SO126343_SKU0054,ORD126343,DS007,SKU0054,2025-08-17 20:10:46,Zero on hand
SO126357_SKU0030,ORD126357,DS007,SKU0030,2025-08-17 18:21:08,Zero on hand
SO126372_SKU0061,ORD126372,DS007,SKU0061,2025-08-17 12:07:36,Expired
SO126377_SKU0057,ORD126377,DS007,SKU0057,2025-08-17 11:07:41,Damaged
SO126407_SKU0017,ORD126407,DS008,SKU0017,2025-08-17 19:05:07,Zero on hand
SO126408_SKU0067,ORD126408,DS008,SKU0067,2025-08-17 10:20:21,Zero on hand
SO126411_SKU0040,ORD126411,DS008,SKU0040,2025-08-17 09:20:09,Zero on hand
SO126413_SKU0056,ORD126413,DS008,SKU0056,2025-08-17 20:23:01,Zero on hand
SO126420_SKU0069,ORD126420,DS008,SKU0069,2025-08-17 18:05:29,Expired
SO126423_SKU0080,ORD126423,DS008,SKU0080,2025-08-17 19:52:12,Expired
SO126426_SKU0057,ORD126426,DS008,SKU0057,2025-08-17 20:34:28,Expired
SO126429_SKU0054,ORD126429,DS008,SKU0054,2025-08-17 11:54:37,Pick fail
SO126436_SKU0020,ORD126436,DS008,SKU0020,2025-08-17 16:19:00,Damaged
SO126442_SKU0001,ORD126442,DS008,SKU0001,2025-08-17 10:07:36,Pick fail
SO126444_SKU0048,ORD126444,DS008,SKU0048,2025-08-17 15:50:25,Zero on hand
SO126455_SKU0047,ORD126455,DS008,SKU0047,2025-08-17 19:19:16,Expired
SO126471_SKU0068,ORD126471,DS009,SKU0068,2025-08-17 12:20:19,Damaged
SO126471_SKU0057,ORD126471,DS009,SKU0057,2025-08-17 12:20:19,Damaged
SO126472_SKU0073,ORD126472,DS009,SKU0073,2025-08-17 09:58:14,Expired
SO126482_SKU0016,ORD126482,DS009,SKU0016,2025-08-17 18:35:53,Damaged
SO126483_SKU0013,ORD126483,DS009,SKU0013,2025-08-17 09:42:25,Zero on hand
SO126510_SKU0020,ORD126510,DS009,SKU0020,2025-08-17 19:48:50,Expired
SO126513_SKU0027,ORD126513,DS009,SKU0027,2025-08-17 16:05:44,Damaged
SO126517_SKU0075,ORD126517,DS009,SKU0075,2025-08-17 20:49:40,Expired
SO126524_SKU0063,ORD126524,DS009,SKU0063,2025-08-17 21:42:47,Expired
SO126532_SKU0041,ORD126532,DS010,SKU0041,2025-08-17 18:06:12,Expired
SO126557_SKU0068,ORD126557,DS010,SKU0068,2025-08-17 18:34:57,Zero on hand
SO126563_SKU0028,ORD126563,DS010,SKU0028,2025-08-17 19:17:55,Pick fail
SO126567_SKU0067,ORD126567,DS010,SKU0067,2025-08-17 21:15:02,Damaged
SO126581_SKU0049,ORD126581,DS010,SKU0049,2025-08-17 21:21:28,Damaged
SO126584_SKU0055,ORD126584,DS010,SKU0055,2025-08-17 18:24:07,Pick fail
SO126586_SKU0050,ORD126586,DS010,SKU0050,2025-08-17 11:35:24,Zero on hand
SO126616_SKU0020,ORD126616,DS010,SKU0020,2025-08-17 17:28:58,Damaged
SO126621_SKU0031,ORD126621,DS010,SKU0031,2025-08-17 15:28:09,Pick fail
SO126625_SKU0080,ORD126625,DS010,SKU0080,2025-08-17 12:58:43,Pick fail
SO126643_SKU0031,ORD126643,DS011,SKU0031,2025-08-17 20:28:33,Damaged
SO126643_SKU0079,ORD126643,DS011,SKU0079,2025-08-17 20:28:33,Zero on hand
SO126647_SKU0063,ORD126647,DS011,SKU0063,2025-08-17 08:27:08,Damaged
SO126647_SKU0029,ORD126647,DS011,SKU0029,2025-08-17 08:27:08,Damaged
SO126656_SKU0024,ORD126656,DS011,SKU0024,2025-08-17 18:48:44,Pick fail
SO126666_SKU0033,ORD126666,DS011,SKU0033,2025-08-17 17:54:22,Damaged
SO126671_SKU0048,ORD126671,DS011,SKU0048,2025-08-17 17:14:25,Expired
SO126673_SKU0061,ORD126673,DS011,SKU0061,2025-08-17 20:21:58,Expired
SO126674_SKU0009,ORD126674,DS011,SKU0009,2025-08-17 18:43:39,Damaged
SO126678_SKU0031,ORD126678,DS011,SKU0031,2025-08-17 10:01:52,Pick fail
SO126687_SKU0065,ORD126687,DS011,SKU0065,2025-08-17 15:46:55,Pick fail
SO126690_SKU0069,ORD126690,DS011,SKU0069,2025-08-17 23:39:49,Damaged
SO126694_SKU0003,ORD126694,DS011,SKU0003,2025-08-17 12:10:27,Damaged
SO126695_SKU0005,ORD126695,DS011,SKU0005,2025-08-17 20:18:22,Expired
SO126698_SKU0076,ORD126698,DS011,SKU0076,2025-08-17 20:15:32,Pick fail
SO126704_SKU0051,ORD126704,DS012,SKU0051,2025-08-17 17:13:23,Damaged
SO126706_SKU0069,ORD126706,DS012,SKU0069,2025-08-17 19:40:09,Expired
SO126719_SKU0048,ORD126719,DS012,SKU0048,2025-08-17 16:32:47,Damaged
SO126720_SKU0066,ORD126720,DS012,SKU0066,2025-08-17 18:10:25,Damaged
SO126726_SKU0047,ORD126726,DS012,SKU0047,2025-08-17 18:20:42,Pick fail
SO126731_SKU0079,ORD126731,DS012,SKU0079,2025-08-17 19:25:58,Zero on hand
SO126731_SKU0005,ORD126731,DS012,SKU0005,2025-08-17 19:25:58,Pick fail
SO126734_SKU0006,ORD126734,DS012,SKU0006,2025-08-17 13:09:03,Pick fail
SO126766_SKU0005,ORD126766,DS012,SKU0005,2025-08-17 20:45:02,Expired
SO126777_SKU0054,ORD126777,DS012,SKU0054,2025-08-17 12:44:10,Zero on hand
SO126799_SKU0023,ORD126799,DS012,SKU0023,2025-08-17 22:53:38,Damaged
SO126803_SKU0040,ORD126803,DS013,SKU0040,2025-08-17 20:58:23,Pick fail
SO126813_SKU0002,ORD126813,DS013,SKU0002,2025-08-17 16:45:30,Damaged
SO126814_SKU0045,ORD126814,DS013,SKU0045,2025-08-17 20:50:22,Damaged
SO126816_SKU0004,ORD126816,DS013,SKU0004,2025-08-17 18:14:32,Expired
SO126820_SKU0053,ORD126820,DS013,SKU0053,2025-08-17 19:23:23,Expired
SO126836_SKU0024,ORD126836,DS013,SKU0024,2025-08-17 17:36:47,Damaged
SO126863_SKU0079,ORD126863,DS013,SKU0079,2025-08-17 12:25:58,Expired
SO126892_SKU0037,ORD126892,DS014,SKU0037,2025-08-17 11:41:06,Expired
SO126894_SKU0059,ORD126894,DS014,SKU0059,2025-08-17 18:16:47,Pick fail
SO126896_SKU0060,ORD126896,DS014,SKU0060,2025-08-17 21:50:15,Pick fail
SO126897_SKU0047,ORD126897,DS014,SKU0047,2025-08-17 13:51:44,Damaged
SO126897_SKU0003,ORD126897,DS014,SKU0003,2025-08-17 13:51:44,Expired
SO126904_SKU0041,ORD126904,DS014,SKU0041,2025-08-17 10:32:55,Pick fail
SO126907_SKU0001,ORD126907,DS014,SKU0001,2025-08-17 19:16:12,Zero on hand
SO126910_SKU0044,ORD126910,DS014,SKU0044,2025-08-17 11:35:09,Expired
SO126913_SKU0022,ORD126913,DS014,SKU0022,2025-08-17 12:00:26,Damaged
SO126916_SKU0041,ORD126916,DS014,SKU0041,2025-08-17 19:26:38,Zero on hand
SO126929_SKU0010,ORD126929,DS014,SKU0010,2025-08-17 10:41:09,Zero on hand
SO126943_SKU0057,ORD126943,DS014,SKU0057,2025-08-17 20:21:09,Damaged
SO126944_SKU0001,ORD126944,DS014,SKU0001,2025-08-17 18:46:33,Damaged
SO126947_SKU0069,ORD126947,DS014,SKU0069,2025-08-17 14:20:30,Expired
SO126955_SKU0056,ORD126955,DS014,SKU0056,2025-08-17 11:57:47,Pick fail
SO126964_SKU0062,ORD126964,DS014,SKU0062,2025-08-17 15:45:55,Zero on hand
SO126967_SKU0036,ORD126967,DS014,SKU0036,2025-08-17 08:36:28,Zero on hand
SO126974_SKU0004,ORD126974,DS014,SKU0004,2025-08-17 11:41:09,Damaged
SO126980_SKU0074,ORD126980,DS014,SKU0074,2025-08-17 10:04:12,Zero on hand
SO127001_SKU0033,ORD127001,DS015,SKU0033,2025-08-17 18:49:18,Expired
SO127002_SKU0003,ORD127002,DS015,SKU0003,2025-08-17 11:23:01,Expired
SO127006_SKU0052,ORD127006,DS015,SKU0052,2025-08-17 11:21:39,Damaged
SO127011_SKU0064,ORD127011,DS015,SKU0064,2025-08-17 15:01:57,Zero on hand
SO127015_SKU0058,ORD127015,DS015,SKU0058,2025-08-17 18:27:14,Zero on hand
SO127016_SKU0062,ORD127016,DS015,SKU0062,2025-08-17 13:05:02,Pick fail
SO127023_SKU0071,ORD127023,DS015,SKU0071,2025-08-17 21:37:11,Pick fail
SO127039_SKU0036,ORD127039,DS015,SKU0036,2025-08-17 16:18:22,Damaged
SO127042_SKU0030,ORD127042,DS015,SKU0030,2025-08-17 16:12:16,Expired
SO127044_SKU0063,ORD127044,DS015,SKU0063,2025-08-17 19:39:32,Damaged
SO127053_SKU0045,ORD127053,DS015,SKU0045,2025-08-17 21:26:46,Zero on hand
SO127054_SKU0063,ORD127054,DS015,SKU0063,2025-08-17 13:48:48,Zero on hand
SO127056_SKU0002,ORD127056,DS015,SKU0002,2025-08-17 14:23:00,Expired
SO127057_SKU0008,ORD127057,DS016,SKU0008,2025-08-17 16:08:19,Expired
SO127060_SKU0027,ORD127060,DS016,SKU0027,2025-08-17 18:01:31,Zero on hand
SO127063_SKU0058,ORD127063,DS016,SKU0058,2025-08-17 19:13:12,Zero on hand
SO127077_SKU0057,ORD127077,DS016,SKU0057,2025-08-17 20:30:08,Zero on hand
SO127077_SKU0067,ORD127077,DS016,SKU0067,2025-08-17 20:30:08,Zero on hand
SO127088_SKU0048,ORD127088,DS016,SKU0048,2025-08-17 13:54:50,Damaged
SO127093_SKU0067,ORD127093,DS016,SKU0067,2025-08-17 10:01:55,Damaged
SO127104_SKU0062,ORD127104,DS016,SKU0062,2025-08-17 17:33:01,Pick fail
SO127106_SKU0032,ORD127106,DS016,SKU0032,2025-08-17 11:20:47,Pick fail
SO127120_SKU0059,ORD127120,DS016,SKU0059,2025-08-17 18:29:55,Expired
SO127136_SKU0069,ORD127136,DS016,SKU0069,2025-08-17 19:03:01,Zero on hand
SO127141_SKU0009,ORD127141,DS016,SKU0009,2025-08-17 13:39:08,Damaged
SO127151_SKU0005,ORD127151,DS016,SKU0005,2025-08-17 11:53:58,Pick fail
SO127171_SKU0016,ORD127171,DS017,SKU0016,2025-08-17 20:14:41,Zero on hand
SO127181_SKU0014,ORD127181,DS017,SKU0014,2025-08-17 23:09:42,Pick fail
SO127191_SKU0067,ORD127191,DS017,SKU0067,2025-08-17 21:56:38,Expired
SO127196_SKU0001,ORD127196,DS017,SKU0001,2025-08-17 16:50:06,Damaged
SO127202_SKU0038,ORD127202,DS017,SKU0038,2025-08-17 20:57:02,Damaged
SO127203_SKU0055,ORD127203,DS017,SKU0055,2025-08-17 12:48:36,Expired
SO127207_SKU0064,ORD127207,DS017,SKU0064,2025-08-17 17:58:35,Expired
SO127210_SKU0057,ORD127210,DS017,SKU0057,2025-08-17 11:11:44,Expired
SO127212_SKU0054,ORD127212,DS017,SKU0054,2025-08-17 13:25:25,Expired
SO127212_SKU0063,ORD127212,DS017,SKU0063,2025-08-17 13:25:25,Zero on hand
SO127214_SKU0059,ORD127214,DS017,SKU0059,2025-08-17 15:37:01,Zero on hand
SO127232_SKU0068,ORD127232,DS017,SKU0068,2025-08-17 14:49:04,Zero on hand
SO127237_SKU0071,ORD127237,DS017,SKU0071,2025-08-17 13:49:10,Damaged
SO127239_SKU0050,ORD127239,DS017,SKU0050,2025-08-17 12:17:13,Expired
SO127240_SKU0022,ORD127240,DS017,SKU0022,2025-08-17 19:46:58,Pick fail
SO127253_SKU0045,ORD127253,DS017,SKU0045,2025-08-17 18:13:57,Expired
SO127257_SKU0004,ORD127257,DS001,SKU0004,2025-08-18 19:53:07,Expired
SO127261_SKU0078,ORD127261,DS001,SKU0078,2025-08-18 22:00:40,Pick fail
SO127264_SKU0003,ORD127264,DS001,SKU0003,2025-08-18 18:00:43,Pick fail
SO127268_SKU0064,ORD127268,DS001,SKU0064,2025-08-18 19:39:59,Expired
SO127296_SKU0062,ORD127296,DS001,SKU0062,2025-08-18 17:21:19,Zero on hand
SO127305_SKU0037,ORD127305,DS001,SKU0037,2025-08-18 19:03:36,Damaged
SO127335_SKU0048,ORD127335,DS001,SKU0048,2025-08-18 19:46:04,Expired
SO127338_SKU0056,ORD127338,DS001,SKU0056,2025-08-18 15:36:08,Pick fail
SO127380_SKU0001,ORD127380,DS002,SKU0001,2025-08-18 11:41:24,Pick fail
SO127382_SKU0059,ORD127382,DS002,SKU0059,2025-08-18 14:39:26,Damaged
SO127385_SKU0063,ORD127385,DS002,SKU0063,2025-08-18 22:51:00,Zero on hand
SO127395_SKU0068,ORD127395,DS002,SKU0068,2025-08-18 16:53:45,Zero on hand
SO127399_SKU0007,ORD127399,DS002,SKU0007,2025-08-18 18:23:50,Expired
SO127407_SKU0078,ORD127407,DS002,SKU0078,2025-08-18 18:55:51,Expired
SO127411_SKU0017,ORD127411,DS002,SKU0017,2025-08-18 20:24:49,Zero on hand
SO127421_SKU0074,ORD127421,DS002,SKU0074,2025-08-18 19:53:34,Zero on hand
SO127435_SKU0068,ORD127435,DS003,SKU0068,2025-08-18 12:12:13,Expired
SO127437_SKU0023,ORD127437,DS003,SKU0023,2025-08-18 19:49:29,Zero on hand
SO127450_SKU0050,ORD127450,DS003,SKU0050,2025-08-18 12:55:11,Expired
SO127459_SKU0023,ORD127459,DS003,SKU0023,2025-08-18 20:56:56,Expired
SO127513_SKU0058,ORD127513,DS004,SKU0058,2025-08-18 10:54:20,Pick fail
SO127519_SKU0010,ORD127519,DS004,SKU0010,2025-08-18 14:04:56,Zero on hand
SO127520_SKU0027,ORD127520,DS004,SKU0027,2025-08-18 13:03:41,Damaged
SO127525_SKU0063,ORD127525,DS004,SKU0063,2025-08-18 16:17:34,Pick fail
SO127565_SKU0011,ORD127565,DS004,SKU0011,2025-08-18 15:43:20,Pick fail
SO127576_SKU0057,ORD127576,DS004,SKU0057,2025-08-18 11:18:45,Damaged
SO127578_SKU0075,ORD127578,DS005,SKU0075,2025-08-18 20:03:01,Damaged
SO127581_SKU0004,ORD127581,DS005,SKU0004,2025-08-18 18:06:55,Damaged
SO127582_SKU0018,ORD127582,DS005,SKU0018,2025-08-18 20:07:13,Zero on hand
SO127583_SKU0066,ORD127583,DS005,SKU0066,2025-08-18 10:07:29,Zero on hand
SO127588_SKU0022,ORD127588,DS005,SKU0022,2025-08-18 15:19:23,Expired
SO127589_SKU0027,ORD127589,DS005,SKU0027,2025-08-18 20:07:30,Zero on hand
SO127590_SKU0069,ORD127590,DS005,SKU0069,2025-08-18 12:39:21,Pick fail
SO127591_SKU0066,ORD127591,DS005,SKU0066,2025-08-18 13:16:03,Pick fail
SO127602_SKU0001,ORD127602,DS005,SKU0001,2025-08-18 15:04:04,Zero on hand
SO127602_SKU0066,ORD127602,DS005,SKU0066,2025-08-18 15:04:04,Expired
SO127612_SKU0002,ORD127612,DS005,SKU0002,2025-08-18 16:02:02,Pick fail
SO127618_SKU0012,ORD127618,DS005,SKU0012,2025-08-18 19:44:10,Pick fail
SO127626_SKU0008,ORD127626,DS005,SKU0008,2025-08-18 10:11:33,Expired
SO127629_SKU0075,ORD127629,DS005,SKU0075,2025-08-18 21:24:12,Pick fail
SO127630_SKU0056,ORD127630,DS005,SKU0056,2025-08-18 17:18:58,Zero on hand
SO127639_SKU0063,ORD127639,DS005,SKU0063,2025-08-18 08:13:14,Pick fail
SO127646_SKU0043,ORD127646,DS005,SKU0043,2025-08-18 08:39:11,Expired
SO127648_SKU0053,ORD127648,DS005,SKU0053,2025-08-18 20:50:44,Damaged
SO127657_SKU0050,ORD127657,DS005,SKU0050,2025-08-18 19:30:40,Zero on hand
SO127657_SKU0074,ORD127657,DS005,SKU0074,2025-08-18 19:30:40,Zero on hand
SO127680_SKU0004,ORD127680,DS006,SKU0004,2025-08-18 11:41:59,Pick fail
SO127684_SKU0062,ORD127684,DS006,SKU0062,2025-08-18 08:23:24,Zero on hand
SO127712_SKU0003,ORD127712,DS006,SKU0003,2025-08-18 12:28:00,Expired
SO127715_SKU0052,ORD127715,DS006,SKU0052,2025-08-18 17:47:14,Expired
SO127716_SKU0064,ORD127716,DS006,SKU0064,2025-08-18 21:36:52,Zero on hand
SO127721_SKU0064,ORD127721,DS006,SKU0064,2025-08-18 19:45:01,Zero on hand
SO127725_SKU0057,ORD127725,DS006,SKU0057,2025-08-18 13:30:55,Damaged
SO127729_SKU0005,ORD127729,DS006,SKU0005,2025-08-18 18:21:54,Expired
SO127740_SKU0050,ORD127740,DS006,SKU0050,2025-08-18 13:48:38,Expired
SO127741_SKU0060,ORD127741,DS006,SKU0060,2025-08-18 10:31:58,Pick fail
SO127751_SKU0077,ORD127751,DS006,SKU0077,2025-08-18 20:59:16,Expired
SO127753_SKU0062,ORD127753,DS006,SKU0062,2025-08-18 21:51:43,Zero on hand
SO127755_SKU0056,ORD127755,DS006,SKU0056,2025-08-18 13:50:38,Expired
SO127759_SKU0024,ORD127759,DS006,SKU0024,2025-08-18 12:19:10,Pick fail
SO127759_SKU0006,ORD127759,DS006,SKU0006,2025-08-18 12:19:10,Zero on hand
SO127763_SKU0067,ORD127763,DS006,SKU0067,2025-08-18 18:43:19,Expired
SO127764_SKU0049,ORD127764,DS006,SKU0049,2025-08-18 10:13:45,Expired
SO127767_SKU0058,ORD127767,DS007,SKU0058,2025-08-18 17:02:44,Damaged
SO127768_SKU0010,ORD127768,DS007,SKU0010,2025-08-18 18:23:11,Zero on hand
SO127769_SKU0050,ORD127769,DS007,SKU0050,2025-08-18 08:29:03,Damaged
SO127771_SKU0064,ORD127771,DS007,SKU0064,2025-08-18 20:59:42,Damaged
SO127771_SKU0012,ORD127771,DS007,SKU0012,2025-08-18 20:59:42,Zero on hand
SO127781_SKU0030,ORD127781,DS007,SKU0030,2025-08-18 18:25:06,Pick fail
SO127789_SKU0047,ORD127789,DS007,SKU0047,2025-08-18 18:07:24,Expired
SO127794_SKU0062,ORD127794,DS007,SKU0062,2025-08-18 20:24:29,Expired
SO127798_SKU0023,ORD127798,DS007,SKU0023,2025-08-18 19:37:48,Expired
SO127802_SKU0030,ORD127802,DS007,SKU0030,2025-08-18 15:02:28,Damaged
SO127804_SKU0007,ORD127804,DS007,SKU0007,2025-08-18 11:32:23,Pick fail
SO127808_SKU0044,ORD127808,DS007,SKU0044,2025-08-18 14:02:32,Zero on hand
SO127809_SKU0032,ORD127809,DS007,SKU0032,2025-08-18 16:51:56,Zero on hand
SO127826_SKU0068,ORD127826,DS007,SKU0068,2025-08-18 16:41:33,Zero on hand
SO127851_SKU0051,ORD127851,DS007,SKU0051,2025-08-18 20:28:09,Pick fail
SO127854_SKU0071,ORD127854,DS007,SKU0071,2025-08-18 13:44:30,Pick fail
SO127860_SKU0017,ORD127860,DS008,SKU0017,2025-08-18 12:25:41,Pick fail
SO127866_SKU0046,ORD127866,DS008,SKU0046,2025-08-18 13:43:28,Pick fail
SO127903_SKU0051,ORD127903,DS008,SKU0051,2025-08-18 20:51:20,Damaged
SO127925_SKU0047,ORD127925,DS008,SKU0047,2025-08-18 18:00:34,Zero on hand
SO127926_SKU0013,ORD127926,DS008,SKU0013,2025-08-18 15:30:18,Pick fail
SO127963_SKU0025,ORD127963,DS009,SKU0025,2025-08-18 19:05:19,Pick fail
SO127990_SKU0022,ORD127990,DS009,SKU0022,2025-08-18 15:08:25,Pick fail
SO127999_SKU0071,ORD127999,DS009,SKU0071,2025-08-18 19:37:44,Damaged
SO128003_SKU0077,ORD128003,DS009,SKU0077,2025-08-18 18:45:51,Damaged
SO128006_SKU0033,ORD128006,DS009,SKU0033,2025-08-18 22:12:18,Zero on hand
SO128012_SKU0001,ORD128012,DS009,SKU0001,2025-08-18 18:38:09,Damaged
SO128019_SKU0049,ORD128019,DS009,SKU0049,2025-08-18 17:02:31,Zero on hand
SO128024_SKU0052,ORD128024,DS009,SKU0052,2025-08-18 11:31:38,Expired
SO128033_SKU0054,ORD128033,DS009,SKU0054,2025-08-18 13:32:32,Zero on hand
SO128037_SKU0075,ORD128037,DS009,SKU0075,2025-08-18 17:30:40,Pick fail
SO128038_SKU0069,ORD128038,DS009,SKU0069,2025-08-18 20:08:32,Damaged
SO128046_SKU0080,ORD128046,DS009,SKU0080,2025-08-18 16:43:07,Damaged
SO128068_SKU0009,ORD128068,DS010,SKU0009,2025-08-18 21:04:42,Damaged
SO128073_SKU0029,ORD128073,DS010,SKU0029,2025-08-18 18:47:51,Damaged
SO128082_SKU0041,ORD128082,DS010,SKU0041,2025-08-18 19:58:33,Expired
SO128083_SKU0063,ORD128083,DS010,SKU0063,2025-08-18 10:58:50,Zero on hand
SO128085_SKU0063,ORD128085,DS010,SKU0063,2025-08-18 20:40:37,Expired
SO128087_SKU0067,ORD128087,DS010,SKU0067,2025-08-18 13:07:06,Damaged
SO128102_SKU0064,ORD128102,DS010,SKU0064,2025-08-18 19:14:55,Zero on hand
SO128105_SKU0059,ORD128105,DS010,SKU0059,2025-08-18 19:59:16,Expired
SO128113_SKU0002,ORD128113,DS010,SKU0002,2025-08-18 11:40:51,Zero on hand
SO128119_SKU0018,ORD128119,DS010,SKU0018,2025-08-18 10:03:22,Damaged
SO128123_SKU0006,ORD128123,DS010,SKU0006,2025-08-18 20:13:57,Zero on hand
SO128135_SKU0052,ORD128135,DS010,SKU0052,2025-08-18 12:05:18,Damaged
SO128146_SKU0067,ORD128146,DS010,SKU0067,2025-08-18 09:01:32,Pick fail
SO128153_SKU0058,ORD128153,DS010,SKU0058,2025-08-18 18:43:16,Damaged
SO128177_SKU0076,ORD128177,DS011,SKU0076,2025-08-18 18:32:13,Damaged
SO128184_SKU0062,ORD128184,DS011,SKU0062,2025-08-18 14:18:39,Expired
SO128184_SKU0007,ORD128184,DS011,SKU0007,2025-08-18 14:18:39,Damaged
SO128189_SKU0019,ORD128189,DS011,SKU0019,2025-08-18 15:47:11,Zero on hand
SO128196_SKU0064,ORD128196,DS011,SKU0064,2025-08-18 19:52:33,Zero on hand
SO128203_SKU0015,ORD128203,DS011,SKU0015,2025-08-18 15:25:54,Expired
SO128209_SKU0059,ORD128209,DS011,SKU0059,2025-08-18 10:21:37,Expired
SO128212_SKU0003,ORD128212,DS011,SKU0003,2025-08-18 21:44:40,Damaged
SO128214_SKU0066,ORD128214,DS011,SKU0066,2025-08-18 19:22:42,Zero on hand
SO128220_SKU0061,ORD128220,DS011,SKU0061,2025-08-18 09:25:44,Zero on hand
SO128233_SKU0079,ORD128233,DS011,SKU0079,2025-08-18 12:36:36,Damaged
SO128235_SKU0034,ORD128235,DS011,SKU0034,2025-08-18 22:58:44,Expired
SO128243_SKU0040,ORD128243,DS012,SKU0040,2025-08-18 19:06:36,Damaged
SO128244_SKU0048,ORD128244,DS012,SKU0048,2025-08-18 11:31:23,Zero on hand
SO128248_SKU0054,ORD128248,DS012,SKU0054,2025-08-18 19:19:30,Expired
SO128249_SKU0006,ORD128249,DS012,SKU0006,2025-08-18 17:38:49,Zero on hand
SO128255_SKU0064,ORD128255,DS012,SKU0064,2025-08-18 20:27:48,Expired
SO128259_SKU0030,ORD128259,DS012,SKU0030,2025-08-18 19:19:46,Pick fail
SO128263_SKU0030,ORD128263,DS012,SKU0030,2025-08-18 12:45:23,Damaged
SO128269_SKU0011,ORD128269,DS012,SKU0011,2025-08-18 13:39:50,Pick fail
SO128278_SKU0077,ORD128278,DS012,SKU0077,2025-08-18 15:02:16,Damaged
SO128279_SKU0061,ORD128279,DS012,SKU0061,2025-08-18 21:03:15,Zero on hand
SO128298_SKU0051,ORD128298,DS012,SKU0051,2025-08-18 20:08:07,Expired
SO128343_SKU0069,ORD128343,DS013,SKU0069,2025-08-18 18:22:54,Zero on hand
SO128350_SKU0047,ORD128350,DS013,SKU0047,2025-08-18 14:32:22,Pick fail
SO128357_SKU0048,ORD128357,DS013,SKU0048,2025-08-18 13:56:37,Zero on hand
SO128360_SKU0006,ORD128360,DS013,SKU0006,2025-08-18 17:12:40,Expired
SO128361_SKU0001,ORD128361,DS013,SKU0001,2025-08-18 10:38:11,Damaged
SO128363_SKU0079,ORD128363,DS013,SKU0079,2025-08-18 17:02:16,Zero on hand
SO128363_SKU0063,ORD128363,DS013,SKU0063,2025-08-18 17:02:16,Zero on hand
SO128365_SKU0008,ORD128365,DS013,SKU0008,2025-08-18 19:27:32,Pick fail
SO128366_SKU0001,ORD128366,DS013,SKU0001,2025-08-18 19:55:13,Expired
SO128366_SKU0052,ORD128366,DS013,SKU0052,2025-08-18 19:55:13,Zero on hand
SO128375_SKU0064,ORD128375,DS013,SKU0064,2025-08-18 20:54:06,Damaged
SO128383_SKU0049,ORD128383,DS013,SKU0049,2025-08-18 18:28:27,Pick fail
SO128385_SKU0003,ORD128385,DS013,SKU0003,2025-08-18 10:09:52,Expired
SO128387_SKU0067,ORD128387,DS013,SKU0067,2025-08-18 12:51:12,Expired
SO128391_SKU0014,ORD128391,DS013,SKU0014,2025-08-18 20:08:30,Expired
SO128394_SKU0053,ORD128394,DS013,SKU0053,2025-08-18 11:41:27,Damaged
SO128399_SKU0007,ORD128399,DS014,SKU0007,2025-08-18 23:49:59,Pick fail
SO128422_SKU0052,ORD128422,DS014,SKU0052,2025-08-18 11:55:49,Damaged
SO128433_SKU0052,ORD128433,DS014,SKU0052,2025-08-18 13:07:22,Pick fail
SO128436_SKU0069,ORD128436,DS014,SKU0069,2025-08-18 20:41:03,Expired
SO128440_SKU0046,ORD128440,DS014,SKU0046,2025-08-18 10:58:26,Expired
SO128442_SKU0038,ORD128442,DS014,SKU0038,2025-08-18 20:09:03,Zero on hand
SO128447_SKU0048,ORD128447,DS014,SKU0048,2025-08-18 14:50:57,Pick fail
SO128448_SKU0075,ORD128448,DS014,SKU0075,2025-08-18 19:11:24,Pick fail
SO128449_SKU0055,ORD128449,DS014,SKU0055,2025-08-18 19:50:56,Pick fail
SO128449_SKU0029,ORD128449,DS014,SKU0029,2025-08-18 19:50:56,Damaged
SO128453_SKU0025,ORD128453,DS014,SKU0025,2025-08-18 20:56:39,Damaged
SO128479_SKU0026,ORD128479,DS014,SKU0026,2025-08-18 12:30:54,Expired
SO128484_SKU0044,ORD128484,DS014,SKU0044,2025-08-18 22:53:30,Zero on hand
SO128490_SKU0001,ORD128490,DS014,SKU0001,2025-08-18 11:31:05,Damaged
SO128495_SKU0076,ORD128495,DS015,SKU0076,2025-08-18 19:40:10,Damaged
SO128506_SKU0064,ORD128506,DS015,SKU0064,2025-08-18 19:07:05,Zero on hand
SO128508_SKU0052,ORD128508,DS015,SKU0052,2025-08-18 11:26:14,Pick fail
SO128514_SKU0064,ORD128514,DS015,SKU0064,2025-08-18 12:52:52,Pick fail
SO128515_SKU0025,ORD128515,DS015,SKU0025,2025-08-18 16:53:53,Pick fail
SO128518_SKU0006,ORD128518,DS015,SKU0006,2025-08-18 18:21:30,Pick fail
SO128533_SKU0022,ORD128533,DS015,SKU0022,2025-08-18 18:38:30,Expired
SO128550_SKU0064,ORD128550,DS015,SKU0064,2025-08-18 19:02:00,Zero on hand
SO128550_SKU0048,ORD128550,DS015,SKU0048,2025-08-18 19:02:00,Damaged
SO128556_SKU0066,ORD128556,DS016,SKU0066,2025-08-18 18:31:09,Pick fail
SO128581_SKU0025,ORD128581,DS016,SKU0025,2025-08-18 12:28:55,Pick fail
SO128591_SKU0063,ORD128591,DS016,SKU0063,2025-08-18 19:29:53,Expired
SO128597_SKU0048,ORD128597,DS016,SKU0048,2025-08-18 08:11:36,Expired
SO128600_SKU0075,ORD128600,DS016,SKU0075,2025-08-18 20:37:11,Pick fail
SO128606_SKU0001,ORD128606,DS016,SKU0001,2025-08-18 10:25:47,Damaged
SO128606_SKU0064,ORD128606,DS016,SKU0064,2025-08-18 10:25:47,Expired
SO128607_SKU0057,ORD128607,DS016,SKU0057,2025-08-18 16:57:15,Damaged
SO128620_SKU0052,ORD128620,DS016,SKU0052,2025-08-18 09:03:41,Zero on hand
SO128622_SKU0068,ORD128622,DS016,SKU0068,2025-08-18 18:50:53,Zero on hand
SO128624_SKU0006,ORD128624,DS016,SKU0006,2025-08-18 17:32:32,Expired
SO128632_SKU0066,ORD128632,DS016,SKU0066,2025-08-18 08:11:42,Zero on hand
SO128633_SKU0007,ORD128633,DS016,SKU0007,2025-08-18 14:05:30,Damaged
SO128634_SKU0050,ORD128634,DS016,SKU0050,2025-08-18 11:51:18,Damaged
SO128636_SKU0078,ORD128636,DS016,SKU0078,2025-08-18 18:42:48,Damaged
SO128650_SKU0069,ORD128650,DS016,SKU0069,2025-08-18 18:03:31,Pick fail
SO128655_SKU0021,ORD128655,DS016,SKU0021,2025-08-18 18:10:01,Damaged
SO128657_SKU0056,ORD128657,DS017,SKU0056,2025-08-18 11:00:50,Zero on hand
SO128665_SKU0058,ORD128665,DS017,SKU0058,2025-08-18 11:03:01,Pick fail
SO128682_SKU0052,ORD128682,DS017,SKU0052,2025-08-18 17:57:51,Zero on hand
SO128693_SKU0006,ORD128693,DS017,SKU0006,2025-08-18 10:58:57,Zero on hand
SO128699_SKU0067,ORD128699,DS017,SKU0067,2025-08-18 13:01:24,Pick fail
SO128713_SKU0058,ORD128713,DS017,SKU0058,2025-08-18 19:39:03,Zero on hand
SO128719_SKU0050,ORD128719,DS017,SKU0050,2025-08-18 18:24:56,Expired
SO128735_SKU0079,ORD128735,DS017,SKU0079,2025-08-18 21:11:36,Zero on hand
SO128736_SKU0042,ORD128736,DS017,SKU0042,2025-08-18 21:01:38,Zero on hand
SO128738_SKU0059,ORD128738,DS017,SKU0059,2025-08-18 12:46:00,Pick fail
SO128741_SKU0059,ORD128741,DS017,SKU0059,2025-08-18 20:34:27,Pick fail
SO128748_SKU0041,ORD128748,DS017,SKU0041,2025-08-18 15:01:09,Pick fail
SO128759_SKU0068,ORD128759,DS017,SKU0068,2025-08-18 09:48:52,Damaged
SO128765_SKU0011,ORD128765,DS001,SKU0011,2025-08-19 10:40:30,Expired
SO128777_SKU0004,ORD128777,DS001,SKU0004,2025-08-19 13:43:30,Damaged
SO128779_SKU0052,ORD128779,DS001,SKU0052,2025-08-19 20:13:13,Expired
SO128788_SKU0058,ORD128788,DS001,SKU0058,2025-08-19 17:43:23,Zero on hand
SO128789_SKU0016,ORD128789,DS001,SKU0016,2025-08-19 09:15:13,Damaged
SO128808_SKU0024,ORD128808,DS001,SKU0024,2025-08-19 16:39:13,Expired
SO128820_SKU0064,ORD128820,DS001,SKU0064,2025-08-19 23:23:47,Pick fail
SO128827_SKU0059,ORD128827,DS001,SKU0059,2025-08-19 17:49:58,Expired
SO128831_SKU0051,ORD128831,DS001,SKU0051,2025-08-19 21:28:01,Damaged
SO128832_SKU0072,ORD128832,DS001,SKU0072,2025-08-19 18:19:43,Pick fail
SO128834_SKU0058,ORD128834,DS001,SKU0058,2025-08-19 14:23:15,Damaged
SO128842_SKU0011,ORD128842,DS001,SKU0011,2025-08-19 15:01:56,Damaged
SO128845_SKU0036,ORD128845,DS001,SKU0036,2025-08-19 19:34:45,Pick fail
SO128852_SKU0032,ORD128852,DS002,SKU0032,2025-08-19 12:13:39,Zero on hand
SO128857_SKU0040,ORD128857,DS002,SKU0040,2025-08-19 12:18:59,Zero on hand
SO128858_SKU0011,ORD128858,DS002,SKU0011,2025-08-19 17:24:13,Zero on hand
SO128858_SKU0004,ORD128858,DS002,SKU0004,2025-08-19 17:24:13,Pick fail
SO128862_SKU0021,ORD128862,DS002,SKU0021,2025-08-19 14:58:24,Zero on hand
SO128864_SKU0027,ORD128864,DS002,SKU0027,2025-08-19 14:59:58,Expired
SO128872_SKU0040,ORD128872,DS002,SKU0040,2025-08-19 11:43:12,Expired
SO128876_SKU0078,ORD128876,DS002,SKU0078,2025-08-19 23:32:53,Expired
SO128890_SKU0060,ORD128890,DS002,SKU0060,2025-08-19 20:12:04,Expired
SO128911_SKU0052,ORD128911,DS002,SKU0052,2025-08-19 20:31:55,Pick fail
SO128913_SKU0016,ORD128913,DS002,SKU0016,2025-08-19 17:38:01,Damaged
SO128926_SKU0041,ORD128926,DS003,SKU0041,2025-08-19 09:33:27,Damaged
SO128933_SKU0079,ORD128933,DS003,SKU0079,2025-08-19 16:06:05,Expired
SO128946_SKU0011,ORD128946,DS003,SKU0011,2025-08-19 19:28:22,Zero on hand
SO128959_SKU0005,ORD128959,DS003,SKU0005,2025-08-19 20:31:13,Damaged
SO128963_SKU0068,ORD128963,DS003,SKU0068,2025-08-19 20:05:04,Expired
SO128974_SKU0069,ORD128974,DS003,SKU0069,2025-08-19 19:29:58,Expired
SO128976_SKU0067,ORD128976,DS003,SKU0067,2025-08-19 12:52:33,Damaged
SO128978_SKU0061,ORD128978,DS003,SKU0061,2025-08-19 21:56:28,Damaged
SO128982_SKU0048,ORD128982,DS003,SKU0048,2025-08-19 18:23:09,Expired
SO128995_SKU0008,ORD128995,DS004,SKU0008,2025-08-19 13:30:36,Zero on hand
SO129015_SKU0030,ORD129015,DS004,SKU0030,2025-08-19 19:56:01,Expired
SO129019_SKU0017,ORD129019,DS004,SKU0017,2025-08-19 18:05:02,Pick fail
SO129024_SKU0077,ORD129024,DS004,SKU0077,2025-08-19 17:54:59,Damaged
SO129035_SKU0039,ORD129035,DS004,SKU0039,2025-08-19 19:30:51,Damaged
SO129037_SKU0032,ORD129037,DS004,SKU0032,2025-08-19 08:58:13,Damaged
SO129044_SKU0051,ORD129044,DS004,SKU0051,2025-08-19 17:44:40,Expired
SO129066_SKU0034,ORD129066,DS004,SKU0034,2025-08-19 21:22:46,Pick fail
SO129080_SKU0064,ORD129080,DS005,SKU0064,2025-08-19 23:19:44,Expired
SO129083_SKU0039,ORD129083,DS005,SKU0039,2025-08-19 12:39:41,Damaged
SO129084_SKU0004,ORD129084,DS005,SKU0004,2025-08-19 09:44:42,Expired
SO129084_SKU0064,ORD129084,DS005,SKU0064,2025-08-19 09:44:42,Zero on hand
SO129085_SKU0047,ORD129085,DS005,SKU0047,2025-08-19 13:25:35,Zero on hand
SO129096_SKU0072,ORD129096,DS005,SKU0072,2025-08-19 17:34:03,Pick fail
SO129111_SKU0021,ORD129111,DS005,SKU0021,2025-08-19 21:20:29,Pick fail
SO129131_SKU0011,ORD129131,DS005,SKU0011,2025-08-19 23:56:26,Zero on hand
SO129134_SKU0013,ORD129134,DS005,SKU0013,2025-08-19 13:11:18,Pick fail
SO129135_SKU0058,ORD129135,DS005,SKU0058,2025-08-19 20:10:51,Zero on hand
SO129141_SKU0010,ORD129141,DS005,SKU0010,2025-08-19 17:27:17,Damaged
SO129145_SKU0003,ORD129145,DS005,SKU0003,2025-08-19 19:31:18,Damaged
SO129153_SKU0073,ORD129153,DS005,SKU0073,2025-08-19 09:30:29,Pick fail
SO129159_SKU0029,ORD129159,DS005,SKU0029,2025-08-19 11:40:17,Expired
SO129163_SKU0069,ORD129163,DS005,SKU0069,2025-08-19 17:39:54,Damaged
SO129170_SKU0043,ORD129170,DS005,SKU0043,2025-08-19 13:18:13,Pick fail
SO129170_SKU0017,ORD129170,DS005,SKU0017,2025-08-19 13:18:13,Expired
SO129175_SKU0078,ORD129175,DS005,SKU0078,2025-08-19 19:09:17,Expired
SO129187_SKU0020,ORD129187,DS006,SKU0020,2025-08-19 20:18:11,Damaged
SO129205_SKU0009,ORD129205,DS006,SKU0009,2025-08-19 17:33:08,Pick fail
SO129233_SKU0048,ORD129233,DS006,SKU0048,2025-08-19 12:56:31,Damaged
SO129244_SKU0065,ORD129244,DS006,SKU0065,2025-08-19 08:03:37,Damaged
SO129252_SKU0061,ORD129252,DS006,SKU0061,2025-08-19 19:11:34,Zero on hand
SO129252_SKU0031,ORD129252,DS006,SKU0031,2025-08-19 19:11:34,Expired
SO129259_SKU0079,ORD129259,DS006,SKU0079,2025-08-19 19:38:41,Damaged
SO129268_SKU0024,ORD129268,DS006,SKU0024,2025-08-19 10:04:36,Damaged
SO129284_SKU0052,ORD129284,DS006,SKU0052,2025-08-19 22:03:43,Expired
SO129301_SKU0072,ORD129301,DS006,SKU0072,2025-08-19 12:56:50,Expired
SO129305_SKU0070,ORD129305,DS007,SKU0070,2025-08-19 16:44:39,Zero on hand
SO129305_SKU0010,ORD129305,DS007,SKU0010,2025-08-19 16:44:39,Zero on hand
SO129314_SKU0062,ORD129314,DS007,SKU0062,2025-08-19 11:59:50,Zero on hand
SO129333_SKU0028,ORD129333,DS007,SKU0028,2025-08-19 18:47:49,Damaged
SO129336_SKU0007,ORD129336,DS007,SKU0007,2025-08-19 22:37:02,Expired
SO129341_SKU0022,ORD129341,DS007,SKU0022,2025-08-19 17:19:36,Zero on hand
SO129348_SKU0030,ORD129348,DS007,SKU0030,2025-08-19 18:45:30,Pick fail
SO129353_SKU0023,ORD129353,DS007,SKU0023,2025-08-19 18:15:17,Pick fail
SO129358_SKU0052,ORD129358,DS007,SKU0052,2025-08-19 20:26:44,Pick fail
SO129366_SKU0042,ORD129366,DS007,SKU0042,2025-08-19 18:30:52,Pick fail
SO129375_SKU0062,ORD129375,DS007,SKU0062,2025-08-19 17:10:38,Damaged
SO129377_SKU0077,ORD129377,DS007,SKU0077,2025-08-19 20:18:35,Expired
SO129390_SKU0048,ORD129390,DS008,SKU0048,2025-08-19 18:29:09,Damaged
SO129390_SKU0008,ORD129390,DS008,SKU0008,2025-08-19 18:29:09,Pick fail
SO129395_SKU0036,ORD129395,DS008,SKU0036,2025-08-19 18:49:06,Damaged
SO129399_SKU0046,ORD129399,DS008,SKU0046,2025-08-19 11:22:05,Zero on hand
SO129410_SKU0006,ORD129410,DS008,SKU0006,2025-08-19 12:14:20,Zero on hand
SO129431_SKU0019,ORD129431,DS008,SKU0019,2025-08-19 17:29:18,Expired
SO129440_SKU0035,ORD129440,DS008,SKU0035,2025-08-19 09:16:51,Zero on hand
SO129447_SKU0015,ORD129447,DS008,SKU0015,2025-08-19 10:03:15,Zero on hand
SO129451_SKU0036,ORD129451,DS008,SKU0036,2025-08-19 13:26:11,Zero on hand
SO129459_SKU0036,ORD129459,DS008,SKU0036,2025-08-19 22:02:33,Pick fail
SO129461_SKU0048,ORD129461,DS008,SKU0048,2025-08-19 20:12:09,Expired
SO129465_SKU0051,ORD129465,DS008,SKU0051,2025-08-19 20:39:45,Expired
SO129480_SKU0057,ORD129480,DS009,SKU0057,2025-08-19 22:42:52,Expired
SO129487_SKU0070,ORD129487,DS009,SKU0070,2025-08-19 11:19:02,Damaged
SO129494_SKU0020,ORD129494,DS009,SKU0020,2025-08-19 19:20:24,Pick fail
SO129499_SKU0049,ORD129499,DS009,SKU0049,2025-08-19 21:38:16,Zero on hand
SO129509_SKU0002,ORD129509,DS009,SKU0002,2025-08-19 13:18:34,Expired
SO129526_SKU0057,ORD129526,DS009,SKU0057,2025-08-19 21:05:37,Zero on hand
SO129528_SKU0062,ORD129528,DS009,SKU0062,2025-08-19 12:13:48,Expired
SO129543_SKU0047,ORD129543,DS009,SKU0047,2025-08-19 10:42:34,Pick fail
SO129547_SKU0051,ORD129547,DS009,SKU0051,2025-08-19 16:25:22,Zero on hand
SO129558_SKU0049,ORD129558,DS010,SKU0049,2025-08-19 23:08:29,Expired
SO129568_SKU0068,ORD129568,DS010,SKU0068,2025-08-19 18:02:57,Zero on hand
SO129576_SKU0005,ORD129576,DS010,SKU0005,2025-08-19 18:02:25,Pick fail
SO129586_SKU0011,ORD129586,DS010,SKU0011,2025-08-19 22:18:53,Expired
SO129603_SKU0060,ORD129603,DS010,SKU0060,2025-08-19 08:50:19,Damaged
SO129604_SKU0038,ORD129604,DS010,SKU0038,2025-08-19 19:11:38,Zero on hand
SO129606_SKU0027,ORD129606,DS010,SKU0027,2025-08-19 18:21:09,Expired
SO129619_SKU0052,ORD129619,DS010,SKU0052,2025-08-19 22:19:49,Pick fail
SO129623_SKU0012,ORD129623,DS010,SKU0012,2025-08-19 19:07:19,Pick fail
SO129625_SKU0041,ORD129625,DS010,SKU0041,2025-08-19 17:23:12,Pick fail
SO129626_SKU0051,ORD129626,DS010,SKU0051,2025-08-19 11:22:40,Expired
SO129656_SKU0020,ORD129656,DS010,SKU0020,2025-08-19 15:36:28,Damaged
SO129664_SKU0003,ORD129664,DS011,SKU0003,2025-08-19 19:45:19,Pick fail
SO129672_SKU0059,ORD129672,DS011,SKU0059,2025-08-19 21:14:06,Damaged
SO129680_SKU0050,ORD129680,DS011,SKU0050,2025-08-19 18:41:41,Expired
SO129683_SKU0004,ORD129683,DS011,SKU0004,2025-08-19 09:26:41,Expired
SO129684_SKU0005,ORD129684,DS011,SKU0005,2025-08-19 08:05:04,Damaged
SO129690_SKU0004,ORD129690,DS011,SKU0004,2025-08-19 16:28:52,Zero on hand
SO129699_SKU0062,ORD129699,DS011,SKU0062,2025-08-19 13:17:26,Damaged
SO129700_SKU0004,ORD129700,DS011,SKU0004,2025-08-19 18:39:40,Damaged
SO129701_SKU0057,ORD129701,DS011,SKU0057,2025-08-19 12:12:17,Damaged
SO129708_SKU0052,ORD129708,DS011,SKU0052,2025-08-19 19:25:13,Damaged
SO129709_SKU0061,ORD129709,DS011,SKU0061,2025-08-19 11:54:50,Pick fail
SO129709_SKU0014,ORD129709,DS011,SKU0014,2025-08-19 11:54:50,Expired
SO129711_SKU0063,ORD129711,DS011,SKU0063,2025-08-19 21:06:56,Pick fail
SO129711_SKU0072,ORD129711,DS011,SKU0072,2025-08-19 21:06:56,Zero on hand
SO129722_SKU0055,ORD129722,DS012,SKU0055,2025-08-19 18:19:59,Zero on hand
SO129722_SKU0021,ORD129722,DS012,SKU0021,2025-08-19 18:19:59,Damaged
SO129740_SKU0033,ORD129740,DS012,SKU0033,2025-08-19 16:28:59,Damaged
SO129740_SKU0061,ORD129740,DS012,SKU0061,2025-08-19 16:28:59,Zero on hand
SO129754_SKU0001,ORD129754,DS012,SKU0001,2025-08-19 18:22:50,Expired
SO129778_SKU0027,ORD129778,DS012,SKU0027,2025-08-19 17:47:20,Zero on hand
SO129781_SKU0062,ORD129781,DS012,SKU0062,2025-08-19 19:25:30,Expired
SO129788_SKU0035,ORD129788,DS012,SKU0035,2025-08-19 20:48:42,Expired
SO129795_SKU0025,ORD129795,DS012,SKU0025,2025-08-19 19:45:01,Damaged
SO129797_SKU0037,ORD129797,DS012,SKU0037,2025-08-19 20:09:22,Zero on hand
SO129803_SKU0049,ORD129803,DS013,SKU0049,2025-08-19 14:40:02,Pick fail
SO129807_SKU0062,ORD129807,DS013,SKU0062,2025-08-19 22:39:15,Zero on hand
SO129810_SKU0053,ORD129810,DS013,SKU0053,2025-08-19 09:39:27,Damaged
SO129819_SKU0050,ORD129819,DS013,SKU0050,2025-08-19 20:00:49,Damaged
SO129829_SKU0054,ORD129829,DS013,SKU0054,2025-08-19 12:17:43,Expired
SO129842_SKU0068,ORD129842,DS013,SKU0068,2025-08-19 19:20:03,Pick fail
SO129850_SKU0005,ORD129850,DS013,SKU0005,2025-08-19 09:21:30,Expired
SO129854_SKU0056,ORD129854,DS013,SKU0056,2025-08-19 17:28:46,Expired
SO129861_SKU0065,ORD129861,DS013,SKU0065,2025-08-19 19:47:44,Expired
SO129873_SKU0005,ORD129873,DS013,SKU0005,2025-08-19 08:36:28,Damaged
SO129889_SKU0058,ORD129889,DS014,SKU0058,2025-08-19 21:23:35,Zero on hand
SO129891_SKU0075,ORD129891,DS014,SKU0075,2025-08-19 19:45:35,Pick fail
SO129891_SKU0043,ORD129891,DS014,SKU0043,2025-08-19 19:45:35,Expired
SO129908_SKU0044,ORD129908,DS014,SKU0044,2025-08-19 21:41:55,Expired
SO129913_SKU0009,ORD129913,DS014,SKU0009,2025-08-19 21:02:44,Pick fail
SO129917_SKU0044,ORD129917,DS014,SKU0044,2025-08-19 20:32:34,Damaged
SO129921_SKU0072,ORD129921,DS014,SKU0072,2025-08-19 21:55:40,Expired
SO129921_SKU0059,ORD129921,DS014,SKU0059,2025-08-19 21:55:40,Zero on hand
SO129923_SKU0068,ORD129923,DS014,SKU0068,2025-08-19 23:51:09,Zero on hand
SO129930_SKU0058,ORD129930,DS014,SKU0058,2025-08-19 18:04:10,Zero on hand
SO129932_SKU0001,ORD129932,DS014,SKU0001,2025-08-19 13:42:15,Expired
SO129933_SKU0018,ORD129933,DS014,SKU0018,2025-08-19 11:10:26,Damaged
SO129940_SKU0073,ORD129940,DS014,SKU0073,2025-08-19 17:28:37,Pick fail
SO129940_SKU0080,ORD129940,DS014,SKU0080,2025-08-19 17:28:37,Zero on hand
SO129941_SKU0048,ORD129941,DS014,SKU0048,2025-08-19 09:44:43,Damaged
SO129947_SKU0068,ORD129947,DS014,SKU0068,2025-08-19 10:11:33,Zero on hand
SO129948_SKU0050,ORD129948,DS014,SKU0050,2025-08-19 21:22:51,Zero on hand
SO129951_SKU0065,ORD129951,DS015,SKU0065,2025-08-19 09:02:02,Zero on hand
SO129971_SKU0062,ORD129971,DS015,SKU0062,2025-08-19 20:32:10,Damaged
SO129991_SKU0053,ORD129991,DS015,SKU0053,2025-08-19 18:33:23,Zero on hand
SO129992_SKU0067,ORD129992,DS015,SKU0067,2025-08-19 09:45:24,Zero on hand
SO130019_SKU0060,ORD130019,DS016,SKU0060,2025-08-19 11:32:34,Expired
SO130020_SKU0077,ORD130020,DS016,SKU0077,2025-08-19 10:10:57,Damaged
SO130041_SKU0057,ORD130041,DS016,SKU0057,2025-08-19 19:18:31,Zero on hand
SO130047_SKU0047,ORD130047,DS016,SKU0047,2025-08-19 11:20:29,Zero on hand
SO130054_SKU0001,ORD130054,DS016,SKU0001,2025-08-19 17:01:32,Pick fail
SO130056_SKU0008,ORD130056,DS016,SKU0008,2025-08-19 13:55:34,Damaged
SO130058_SKU0065,ORD130058,DS016,SKU0065,2025-08-19 20:19:30,Expired
SO130062_SKU0005,ORD130062,DS016,SKU0005,2025-08-19 22:28:27,Zero on hand
SO130070_SKU0026,ORD130070,DS016,SKU0026,2025-08-19 20:08:30,Zero on hand
SO130076_SKU0013,ORD130076,DS016,SKU0013,2025-08-19 12:00:48,Damaged
SO130088_SKU0046,ORD130088,DS016,SKU0046,2025-08-19 16:54:16,Zero on hand
SO130106_SKU0045,ORD130106,DS016,SKU0045,2025-08-19 19:24:54,Damaged
SO130116_SKU0066,ORD130116,DS016,SKU0066,2025-08-19 19:23:57,Damaged
SO130128_SKU0070,ORD130128,DS016,SKU0070,2025-08-19 12:00:10,Damaged
SO130129_SKU0068,ORD130129,DS016,SKU0068,2025-08-19 13:37:40,Damaged
SO130141_SKU0073,ORD130141,DS016,SKU0073,2025-08-19 10:21:57,Pick fail
SO130146_SKU0016,ORD130146,DS016,SKU0016,2025-08-19 18:09:41,Pick fail
SO130176_SKU0064,ORD130176,DS017,SKU0064,2025-08-19 19:28:07,Expired
SO130200_SKU0069,ORD130200,DS017,SKU0069,2025-08-19 14:54:25,Expired
SO130218_SKU0063,ORD130218,DS017,SKU0063,2025-08-19 20:47:37,Damaged
SO130218_SKU0011,ORD130218,DS017,SKU0011,2025-08-19 20:47:37,Damaged
SO130219_SKU0048,ORD130219,DS017,SKU0048,2025-08-19 17:38:58,Zero on hand
SO130236_SKU0068,ORD130236,DS001,SKU0068,2025-08-20 19:32:40,Zero on hand
SO130253_SKU0016,ORD130253,DS001,SKU0016,2025-08-20 12:22:46,Zero on hand
SO130258_SKU0065,ORD130258,DS001,SKU0065,2025-08-20 08:17:42,Zero on hand
SO130259_SKU0069,ORD130259,DS001,SKU0069,2025-08-20 10:29:06,Zero on hand
SO130262_SKU0046,ORD130262,DS001,SKU0046,2025-08-20 15:26:03,Pick fail
SO130264_SKU0049,ORD130264,DS001,SKU0049,2025-08-20 15:29:26,Zero on hand
SO130268_SKU0064,ORD130268,DS001,SKU0064,2025-08-20 17:47:05,Zero on hand
SO130278_SKU0065,ORD130278,DS001,SKU0065,2025-08-20 17:10:24,Expired
SO130280_SKU0019,ORD130280,DS001,SKU0019,2025-08-20 20:56:47,Zero on hand
SO130282_SKU0004,ORD130282,DS001,SKU0004,2025-08-20 20:57:08,Expired
SO130309_SKU0060,ORD130309,DS001,SKU0060,2025-08-20 08:41:13,Damaged
SO130315_SKU0054,ORD130315,DS001,SKU0054,2025-08-20 21:43:52,Pick fail
SO130321_SKU0006,ORD130321,DS001,SKU0006,2025-08-20 19:32:16,Damaged
SO130325_SKU0046,ORD130325,DS001,SKU0046,2025-08-20 18:59:45,Pick fail
SO130332_SKU0003,ORD130332,DS001,SKU0003,2025-08-20 18:56:06,Expired
SO130337_SKU0063,ORD130337,DS002,SKU0063,2025-08-20 18:51:19,Zero on hand
SO130339_SKU0018,ORD130339,DS002,SKU0018,2025-08-20 19:29:01,Pick fail
SO130346_SKU0060,ORD130346,DS002,SKU0060,2025-08-20 19:40:42,Pick fail
SO130352_SKU0040,ORD130352,DS002,SKU0040,2025-08-20 11:28:42,Expired
SO130354_SKU0056,ORD130354,DS002,SKU0056,2025-08-20 12:52:09,Pick fail
SO130361_SKU0025,ORD130361,DS002,SKU0025,2025-08-20 20:02:11,Expired
SO130362_SKU0051,ORD130362,DS002,SKU0051,2025-08-20 18:09:22,Pick fail
SO130362_SKU0057,ORD130362,DS002,SKU0057,2025-08-20 18:09:22,Expired
SO130363_SKU0011,ORD130363,DS002,SKU0011,2025-08-20 15:04:56,Pick fail
SO130368_SKU0033,ORD130368,DS002,SKU0033,2025-08-20 23:10:08,Pick fail
SO130371_SKU0030,ORD130371,DS002,SKU0030,2025-08-20 13:02:12,Pick fail
SO130372_SKU0054,ORD130372,DS002,SKU0054,2025-08-20 16:24:28,Damaged
SO130372_SKU0058,ORD130372,DS002,SKU0058,2025-08-20 16:24:28,Damaged
SO130374_SKU0016,ORD130374,DS002,SKU0016,2025-08-20 18:24:58,Expired
SO130375_SKU0028,ORD130375,DS002,SKU0028,2025-08-20 20:18:16,Expired
SO130378_SKU0007,ORD130378,DS002,SKU0007,2025-08-20 13:09:41,Pick fail
SO130383_SKU0031,ORD130383,DS002,SKU0031,2025-08-20 15:26:08,Damaged
SO130385_SKU0017,ORD130385,DS002,SKU0017,2025-08-20 20:31:58,Pick fail
SO130393_SKU0031,ORD130393,DS002,SKU0031,2025-08-20 11:31:27,Damaged
SO130393_SKU0069,ORD130393,DS002,SKU0069,2025-08-20 11:31:27,Damaged
SO130395_SKU0015,ORD130395,DS002,SKU0015,2025-08-20 19:50:09,Pick fail
SO130400_SKU0039,ORD130400,DS002,SKU0039,2025-08-20 17:37:20,Expired
SO130411_SKU0051,ORD130411,DS002,SKU0051,2025-08-20 20:32:11,Zero on hand
SO130411_SKU0006,ORD130411,DS002,SKU0006,2025-08-20 20:32:11,Damaged
SO130432_SKU0009,ORD130432,DS003,SKU0009,2025-08-20 09:53:30,Damaged
SO130435_SKU0005,ORD130435,DS003,SKU0005,2025-08-20 13:00:19,Expired
SO130446_SKU0018,ORD130446,DS003,SKU0018,2025-08-20 17:07:33,Pick fail
SO130452_SKU0046,ORD130452,DS003,SKU0046,2025-08-20 18:48:18,Damaged
SO130466_SKU0057,ORD130466,DS003,SKU0057,2025-08-20 12:46:35,Expired
SO130469_SKU0052,ORD130469,DS003,SKU0052,2025-08-20 20:45:32,Pick fail
SO130472_SKU0074,ORD130472,DS003,SKU0074,2025-08-20 22:46:03,Zero on hand
SO130493_SKU0026,ORD130493,DS004,SKU0026,2025-08-20 14:03:07,Expired
SO130496_SKU0026,ORD130496,DS004,SKU0026,2025-08-20 09:43:23,Damaged
SO130509_SKU0048,ORD130509,DS004,SKU0048,2025-08-20 19:27:00,Damaged
SO130513_SKU0056,ORD130513,DS004,SKU0056,2025-08-20 09:49:13,Damaged
SO130515_SKU0048,ORD130515,DS004,SKU0048,2025-08-20 19:24:43,Zero on hand
SO130520_SKU0003,ORD130520,DS004,SKU0003,2025-08-20 11:21:02,Damaged
SO130521_SKU0049,ORD130521,DS004,SKU0049,2025-08-20 18:48:13,Expired
SO130523_SKU0069,ORD130523,DS004,SKU0069,2025-08-20 17:27:36,Pick fail
SO130526_SKU0017,ORD130526,DS004,SKU0017,2025-08-20 13:28:00,Pick fail
SO130527_SKU0048,ORD130527,DS004,SKU0048,2025-08-20 11:53:11,Zero on hand
SO130530_SKU0037,ORD130530,DS004,SKU0037,2025-08-20 17:18:06,Pick fail
SO130548_SKU0057,ORD130548,DS004,SKU0057,2025-08-20 17:36:47,Pick fail
SO130562_SKU0054,ORD130562,DS005,SKU0054,2025-08-20 21:43:06,Damaged
SO130564_SKU0028,ORD130564,DS005,SKU0028,2025-08-20 14:05:06,Expired
SO130574_SKU0037,ORD130574,DS005,SKU0037,2025-08-20 18:28:20,Pick fail
SO130595_SKU0044,ORD130595,DS005,SKU0044,2025-08-20 17:01:49,Pick fail
SO130601_SKU0015,ORD130601,DS005,SKU0015,2025-08-20 19:58:56,Pick fail
SO130601_SKU0014,ORD130601,DS005,SKU0014,2025-08-20 19:58:56,Zero on hand
SO130602_SKU0049,ORD130602,DS005,SKU0049,2025-08-20 11:56:33,Expired
SO130605_SKU0071,ORD130605,DS005,SKU0071,2025-08-20 12:09:45,Zero on hand
SO130630_SKU0001,ORD130630,DS005,SKU0001,2025-08-20 15:06:31,Zero on hand
SO130635_SKU0066,ORD130635,DS005,SKU0066,2025-08-20 23:43:39,Expired
SO130642_SKU0005,ORD130642,DS005,SKU0005,2025-08-20 13:30:11,Damaged
SO130643_SKU0025,ORD130643,DS005,SKU0025,2025-08-20 14:10:50,Expired
SO130646_SKU0003,ORD130646,DS005,SKU0003,2025-08-20 13:40:36,Damaged
SO130647_SKU0011,ORD130647,DS005,SKU0011,2025-08-20 08:25:29,Damaged
SO130647_SKU0060,ORD130647,DS005,SKU0060,2025-08-20 08:25:29,Zero on hand
SO130648_SKU0025,ORD130648,DS005,SKU0025,2025-08-20 21:50:15,Damaged
SO130654_SKU0047,ORD130654,DS005,SKU0047,2025-08-20 18:55:07,Damaged
SO130656_SKU0010,ORD130656,DS005,SKU0010,2025-08-20 19:19:46,Zero on hand
SO130673_SKU0065,ORD130673,DS005,SKU0065,2025-08-20 17:07:10,Damaged
SO130675_SKU0054,ORD130675,DS005,SKU0054,2025-08-20 18:10:34,Expired
SO130676_SKU0064,ORD130676,DS005,SKU0064,2025-08-20 19:43:44,Zero on hand
SO130677_SKU0058,ORD130677,DS005,SKU0058,2025-08-20 18:34:08,Zero on hand
SO130678_SKU0060,ORD130678,DS005,SKU0060,2025-08-20 12:05:58,Expired
SO130688_SKU0069,ORD130688,DS006,SKU0069,2025-08-20 16:53:21,Pick fail
SO130706_SKU0058,ORD130706,DS006,SKU0058,2025-08-20 18:35:42,Zero on hand
SO130714_SKU0076,ORD130714,DS006,SKU0076,2025-08-20 17:11:33,Damaged
SO130719_SKU0057,ORD130719,DS006,SKU0057,2025-08-20 21:40:15,Expired
SO130726_SKU0007,ORD130726,DS006,SKU0007,2025-08-20 16:40:22,Pick fail
SO130727_SKU0046,ORD130727,DS006,SKU0046,2025-08-20 10:38:04,Zero on hand
SO130740_SKU0055,ORD130740,DS006,SKU0055,2025-08-20 19:54:54,Pick fail
SO130745_SKU0039,ORD130745,DS006,SKU0039,2025-08-20 13:55:05,Expired
SO130750_SKU0063,ORD130750,DS006,SKU0063,2025-08-20 11:34:31,Damaged
SO130763_SKU0073,ORD130763,DS006,SKU0073,2025-08-20 21:21:42,Damaged
SO130768_SKU0063,ORD130768,DS006,SKU0063,2025-08-20 20:42:58,Expired
SO130772_SKU0060,ORD130772,DS006,SKU0060,2025-08-20 19:51:49,Damaged
SO130774_SKU0050,ORD130774,DS006,SKU0050,2025-08-20 12:11:57,Pick fail
SO130776_SKU0080,ORD130776,DS006,SKU0080,2025-08-20 12:23:02,Pick fail
SO130785_SKU0073,ORD130785,DS007,SKU0073,2025-08-20 18:43:32,Pick fail
SO130797_SKU0049,ORD130797,DS007,SKU0049,2025-08-20 17:44:46,Zero on hand
SO130810_SKU0057,ORD130810,DS007,SKU0057,2025-08-20 12:20:03,Zero on hand
SO130818_SKU0003,ORD130818,DS007,SKU0003,2025-08-20 09:21:48,Damaged
SO130860_SKU0045,ORD130860,DS007,SKU0045,2025-08-20 20:51:14,Damaged
SO130864_SKU0001,ORD130864,DS007,SKU0001,2025-08-20 09:10:20,Expired
SO130867_SKU0045,ORD130867,DS007,SKU0045,2025-08-20 19:10:46,Pick fail
SO130870_SKU0053,ORD130870,DS007,SKU0053,2025-08-20 12:05:47,Expired
SO130882_SKU0026,ORD130882,DS008,SKU0026,2025-08-20 23:04:43,Zero on hand
SO130888_SKU0049,ORD130888,DS008,SKU0049,2025-08-20 18:29:43,Zero on hand
SO130891_SKU0003,ORD130891,DS008,SKU0003,2025-08-20 14:44:13,Pick fail
SO130892_SKU0019,ORD130892,DS008,SKU0019,2025-08-20 08:00:58,Zero on hand
SO130905_SKU0052,ORD130905,DS008,SKU0052,2025-08-20 16:15:41,Expired
SO130915_SKU0006,ORD130915,DS008,SKU0006,2025-08-20 16:02:49,Zero on hand
SO130915_SKU0040,ORD130915,DS008,SKU0040,2025-08-20 16:02:49,Pick fail
SO130918_SKU0038,ORD130918,DS008,SKU0038,2025-08-20 15:31:23,Pick fail
SO130926_SKU0049,ORD130926,DS008,SKU0049,2025-08-20 20:21:51,Expired
SO130928_SKU0032,ORD130928,DS008,SKU0032,2025-08-20 21:33:24,Pick fail
SO130940_SKU0051,ORD130940,DS008,SKU0051,2025-08-20 11:26:06,Damaged
SO130947_SKU0013,ORD130947,DS008,SKU0013,2025-08-20 12:09:54,Zero on hand
SO130953_SKU0029,ORD130953,DS009,SKU0029,2025-08-20 16:24:13,Damaged
SO130962_SKU0061,ORD130962,DS009,SKU0061,2025-08-20 14:31:49,Pick fail
SO130971_SKU0002,ORD130971,DS009,SKU0002,2025-08-20 18:11:02,Damaged
SO130988_SKU0078,ORD130988,DS009,SKU0078,2025-08-20 18:47:45,Expired
SO130994_SKU0035,ORD130994,DS009,SKU0035,2025-08-20 18:37:27,Damaged
SO131043_SKU0021,ORD131043,DS010,SKU0021,2025-08-20 08:17:07,Zero on hand
SO131043_SKU0053,ORD131043,DS010,SKU0053,2025-08-20 08:17:07,Expired
SO131046_SKU0012,ORD131046,DS010,SKU0012,2025-08-20 17:45:27,Expired
SO131049_SKU0074,ORD131049,DS010,SKU0074,2025-08-20 17:12:47,Pick fail
SO131050_SKU0068,ORD131050,DS010,SKU0068,2025-08-20 19:08:15,Pick fail
SO131060_SKU0009,ORD131060,DS010,SKU0009,2025-08-20 09:17:46,Pick fail
SO131063_SKU0062,ORD131063,DS010,SKU0062,2025-08-20 19:59:47,Damaged
SO131066_SKU0025,ORD131066,DS010,SKU0025,2025-08-20 16:42:46,Pick fail
SO131074_SKU0046,ORD131074,DS010,SKU0046,2025-08-20 10:58:30,Zero on hand
SO131081_SKU0053,ORD131081,DS010,SKU0053,2025-08-20 21:00:54,Pick fail
SO131107_SKU0062,ORD131107,DS010,SKU0062,2025-08-20 21:03:43,Damaged
SO131110_SKU0063,ORD131110,DS010,SKU0063,2025-08-20 19:07:22,Zero on hand
SO131128_SKU0052,ORD131128,DS010,SKU0052,2025-08-20 15:13:29,Expired
SO131129_SKU0065,ORD131129,DS010,SKU0065,2025-08-20 12:43:05,Damaged
SO131131_SKU0045,ORD131131,DS010,SKU0045,2025-08-20 21:41:34,Pick fail
SO131131_SKU0057,ORD131131,DS010,SKU0057,2025-08-20 21:41:34,Pick fail
SO131170_SKU0006,ORD131170,DS011,SKU0006,2025-08-20 10:31:12,Expired
SO131178_SKU0027,ORD131178,DS011,SKU0027,2025-08-20 10:44:30,Damaged
SO131181_SKU0060,ORD131181,DS011,SKU0060,2025-08-20 21:07:30,Expired
SO131184_SKU0055,ORD131184,DS011,SKU0055,2025-08-20 22:49:45,Zero on hand
SO131198_SKU0046,ORD131198,DS011,SKU0046,2025-08-20 10:02:40,Zero on hand
SO131199_SKU0022,ORD131199,DS011,SKU0022,2025-08-20 12:30:36,Expired
SO131204_SKU0054,ORD131204,DS011,SKU0054,2025-08-20 13:54:07,Expired
SO131206_SKU0041,ORD131206,DS011,SKU0041,2025-08-20 16:24:13,Zero on hand
SO131209_SKU0001,ORD131209,DS011,SKU0001,2025-08-20 11:16:31,Pick fail
SO131236_SKU0068,ORD131236,DS012,SKU0068,2025-08-20 21:54:11,Pick fail
SO131241_SKU0008,ORD131241,DS012,SKU0008,2025-08-20 21:46:54,Pick fail
SO131244_SKU0073,ORD131244,DS012,SKU0073,2025-08-20 20:08:47,Zero on hand
SO131246_SKU0017,ORD131246,DS012,SKU0017,2025-08-20 10:43:56,Expired
SO131267_SKU0032,ORD131267,DS012,SKU0032,2025-08-20 20:14:19,Damaged
SO131271_SKU0037,ORD131271,DS012,SKU0037,2025-08-20 17:51:57,Zero on hand
SO131272_SKU0008,ORD131272,DS012,SKU0008,2025-08-20 21:06:32,Pick fail
SO131274_SKU0017,ORD131274,DS012,SKU0017,2025-08-20 09:18:41,Pick fail
SO131294_SKU0039,ORD131294,DS012,SKU0039,2025-08-20 20:01:28,Zero on hand
SO131295_SKU0017,ORD131295,DS012,SKU0017,2025-08-20 18:49:54,Damaged
SO131308_SKU0007,ORD131308,DS012,SKU0007,2025-08-20 21:24:47,Zero on hand
SO131309_SKU0062,ORD131309,DS012,SKU0062,2025-08-20 08:51:47,Pick fail
SO131314_SKU0031,ORD131314,DS012,SKU0031,2025-08-20 14:53:36,Expired
SO131344_SKU0010,ORD131344,DS013,SKU0010,2025-08-20 18:51:27,Zero on hand
SO131356_SKU0059,ORD131356,DS013,SKU0059,2025-08-20 18:27:15,Pick fail
SO131374_SKU0062,ORD131374,DS013,SKU0062,2025-08-20 16:29:10,Expired
SO131382_SKU0047,ORD131382,DS013,SKU0047,2025-08-20 18:25:02,Expired
SO131386_SKU0035,ORD131386,DS014,SKU0035,2025-08-20 13:23:02,Zero on hand
SO131389_SKU0005,ORD131389,DS014,SKU0005,2025-08-20 23:44:16,Damaged
SO131391_SKU0002,ORD131391,DS014,SKU0002,2025-08-20 13:09:36,Damaged
SO131397_SKU0067,ORD131397,DS014,SKU0067,2025-08-20 17:43:46,Pick fail
SO131408_SKU0068,ORD131408,DS014,SKU0068,2025-08-20 11:39:06,Damaged
SO131416_SKU0080,ORD131416,DS014,SKU0080,2025-08-20 21:20:25,Expired
SO131416_SKU0026,ORD131416,DS014,SKU0026,2025-08-20 21:20:25,Pick fail
SO131419_SKU0064,ORD131419,DS014,SKU0064,2025-08-20 12:20:19,Damaged
SO131421_SKU0039,ORD131421,DS014,SKU0039,2025-08-20 17:34:52,Pick fail
SO131428_SKU0004,ORD131428,DS014,SKU0004,2025-08-20 20:53:29,Expired
SO131433_SKU0042,ORD131433,DS014,SKU0042,2025-08-20 12:11:14,Damaged
SO131435_SKU0038,ORD131435,DS014,SKU0038,2025-08-20 09:24:45,Expired
SO131445_SKU0014,ORD131445,DS014,SKU0014,2025-08-20 17:12:33,Expired
SO131448_SKU0016,ORD131448,DS014,SKU0016,2025-08-20 18:11:51,Damaged
SO131450_SKU0065,ORD131450,DS014,SKU0065,2025-08-20 20:56:49,Damaged
SO131450_SKU0062,ORD131450,DS014,SKU0062,2025-08-20 20:56:49,Damaged
SO131452_SKU0005,ORD131452,DS014,SKU0005,2025-08-20 08:02:33,Expired
SO131454_SKU0058,ORD131454,DS014,SKU0058,2025-08-20 13:01:29,Pick fail
SO131459_SKU0047,ORD131459,DS014,SKU0047,2025-08-20 09:19:32,Zero on hand
SO131461_SKU0066,ORD131461,DS014,SKU0066,2025-08-20 17:50:29,Damaged
SO131474_SKU0052,ORD131474,DS014,SKU0052,2025-08-20 13:13:20,Zero on hand
SO131482_SKU0079,ORD131482,DS014,SKU0079,2025-08-20 13:46:44,Pick fail
SO131493_SKU0001,ORD131493,DS015,SKU0001,2025-08-20 15:21:19,Damaged
SO131500_SKU0037,ORD131500,DS015,SKU0037,2025-08-20 18:08:54,Pick fail
SO131504_SKU0050,ORD131504,DS015,SKU0050,2025-08-20 21:42:37,Expired
SO131521_SKU0077,ORD131521,DS015,SKU0077,2025-08-20 21:15:14,Damaged
SO131521_SKU0006,ORD131521,DS015,SKU0006,2025-08-20 21:15:14,Damaged
SO131522_SKU0010,ORD131522,DS015,SKU0010,2025-08-20 17:12:43,Pick fail
SO131524_SKU0063,ORD131524,DS015,SKU0063,2025-08-20 15:29:58,Zero on hand
SO131526_SKU0066,ORD131526,DS015,SKU0066,2025-08-20 21:49:25,Pick fail
SO131568_SKU0076,ORD131568,DS016,SKU0076,2025-08-20 18:48:02,Pick fail
SO131571_SKU0068,ORD131571,DS016,SKU0068,2025-08-20 20:23:48,Damaged
SO131572_SKU0058,ORD131572,DS016,SKU0058,2025-08-20 19:23:01,Damaged
SO131590_SKU0007,ORD131590,DS016,SKU0007,2025-08-20 13:58:02,Damaged
SO131593_SKU0048,ORD131593,DS016,SKU0048,2025-08-20 09:32:23,Zero on hand
SO131613_SKU0009,ORD131613,DS016,SKU0009,2025-08-20 13:11:53,Damaged
SO131618_SKU0019,ORD131618,DS016,SKU0019,2025-08-20 23:32:01,Damaged
SO131626_SKU0047,ORD131626,DS016,SKU0047,2025-08-20 14:30:27,Damaged
SO131648_SKU0047,ORD131648,DS016,SKU0047,2025-08-20 08:42:20,Zero on hand
SO131648_SKU0001,ORD131648,DS016,SKU0001,2025-08-20 08:42:20,Damaged
SO131675_SKU0067,ORD131675,DS016,SKU0067,2025-08-20 13:02:40,Pick fail
SO131682_SKU0029,ORD131682,DS017,SKU0029,2025-08-20 20:40:34,Zero on hand
SO131689_SKU0076,ORD131689,DS017,SKU0076,2025-08-20 12:52:08,Pick fail
SO131693_SKU0025,ORD131693,DS017,SKU0025,2025-08-20 18:01:43,Zero on hand
SO131697_SKU0080,ORD131697,DS017,SKU0080,2025-08-20 20:56:57,Pick fail
SO131706_SKU0004,ORD131706,DS017,SKU0004,2025-08-20 10:13:29,Zero on hand
SO131707_SKU0007,ORD131707,DS017,SKU0007,2025-08-20 19:02:57,Zero on hand
SO131717_SKU0047,ORD131717,DS017,SKU0047,2025-08-20 12:25:45,Pick fail
SO131719_SKU0075,ORD131719,DS017,SKU0075,2025-08-20 16:33:11,Pick fail
SO131728_SKU0074,ORD131728,DS017,SKU0074,2025-08-20 10:27:03,Pick fail
SO131730_SKU0008,ORD131730,DS017,SKU0008,2025-08-20 17:46:04,Zero on hand
SO131752_SKU0055,ORD131752,DS017,SKU0055,2025-08-20 13:03:13,Pick fail
SO131758_SKU0071,ORD131758,DS017,SKU0071,2025-08-20 16:03:31,Expired
SO131759_SKU0080,ORD131759,DS017,SKU0080,2025-08-20 19:37:23,Expired
SO131761_SKU0040,ORD131761,DS017,SKU0040,2025-08-20 09:04:38,Pick fail
SO131780_SKU0009,ORD131780,DS017,SKU0009,2025-08-20 11:14:09,Expired
SO131785_SKU0037,ORD131785,DS001,SKU0037,2025-08-21 12:37:35,Damaged
SO131792_SKU0004,ORD131792,DS001,SKU0004,2025-08-21 22:19:25,Pick fail
SO131814_SKU0046,ORD131814,DS001,SKU0046,2025-08-21 20:49:58,Expired
SO131834_SKU0069,ORD131834,DS001,SKU0069,2025-08-21 09:17:50,Damaged
SO131838_SKU0005,ORD131838,DS001,SKU0005,2025-08-21 18:39:34,Pick fail
SO131867_SKU0001,ORD131867,DS001,SKU0001,2025-08-21 17:19:09,Zero on hand
SO131884_SKU0018,ORD131884,DS001,SKU0018,2025-08-21 11:55:17,Expired
SO131888_SKU0005,ORD131888,DS002,SKU0005,2025-08-21 13:59:43,Pick fail
SO131890_SKU0043,ORD131890,DS002,SKU0043,2025-08-21 20:33:40,Damaged
SO131893_SKU0031,ORD131893,DS002,SKU0031,2025-08-21 18:29:21,Pick fail
SO131894_SKU0079,ORD131894,DS002,SKU0079,2025-08-21 17:39:00,Pick fail
SO131914_SKU0051,ORD131914,DS002,SKU0051,2025-08-21 16:11:48,Expired
SO131915_SKU0069,ORD131915,DS002,SKU0069,2025-08-21 08:01:52,Expired
SO131932_SKU0016,ORD131932,DS002,SKU0016,2025-08-21 11:16:20,Zero on hand
SO131946_SKU0050,ORD131946,DS002,SKU0050,2025-08-21 08:55:31,Zero on hand
SO131948_SKU0076,ORD131948,DS002,SKU0076,2025-08-21 18:29:52,Damaged
SO131957_SKU0039,ORD131957,DS002,SKU0039,2025-08-21 12:21:03,Damaged
SO131958_SKU0032,ORD131958,DS002,SKU0032,2025-08-21 16:04:54,Damaged
SO131962_SKU0064,ORD131962,DS002,SKU0064,2025-08-21 22:02:52,Zero on hand
SO131964_SKU0015,ORD131964,DS002,SKU0015,2025-08-21 23:22:16,Expired
SO131972_SKU0064,ORD131972,DS002,SKU0064,2025-08-21 15:06:53,Expired
SO131973_SKU0056,ORD131973,DS002,SKU0056,2025-08-21 22:34:54,Pick fail
SO131979_SKU0026,ORD131979,DS002,SKU0026,2025-08-21 10:59:06,Pick fail
SO131984_SKU0046,ORD131984,DS003,SKU0046,2025-08-21 10:42:31,Damaged
SO131990_SKU0023,ORD131990,DS003,SKU0023,2025-08-21 08:59:13,Zero on hand
SO131991_SKU0016,ORD131991,DS003,SKU0016,2025-08-21 13:41:18,Damaged
SO131999_SKU0040,ORD131999,DS003,SKU0040,2025-08-21 20:55:29,Damaged
SO132003_SKU0075,ORD132003,DS003,SKU0075,2025-08-21 12:50:40,Expired
SO132005_SKU0001,ORD132005,DS003,SKU0001,2025-08-21 17:49:23,Expired
SO132010_SKU0021,ORD132010,DS003,SKU0021,2025-08-21 12:47:43,Pick fail
SO132016_SKU0065,ORD132016,DS003,SKU0065,2025-08-21 11:49:05,Zero on hand
SO132028_SKU0064,ORD132028,DS003,SKU0064,2025-08-21 15:21:42,Pick fail
SO132041_SKU0055,ORD132041,DS003,SKU0055,2025-08-21 14:30:36,Damaged
SO132051_SKU0002,ORD132051,DS003,SKU0002,2025-08-21 19:58:51,Expired
SO132051_SKU0013,ORD132051,DS003,SKU0013,2025-08-21 19:58:51,Expired
SO132059_SKU0014,ORD132059,DS003,SKU0014,2025-08-21 19:33:18,Expired
SO132062_SKU0064,ORD132062,DS004,SKU0064,2025-08-21 15:56:19,Pick fail
SO132088_SKU0038,ORD132088,DS004,SKU0038,2025-08-21 16:45:46,Damaged
SO132097_SKU0058,ORD132097,DS004,SKU0058,2025-08-21 18:11:27,Expired
SO132121_SKU0030,ORD132121,DS004,SKU0030,2025-08-21 18:08:27,Zero on hand
SO132128_SKU0021,ORD132128,DS005,SKU0021,2025-08-21 20:00:29,Pick fail
SO132130_SKU0008,ORD132130,DS005,SKU0008,2025-08-21 20:19:21,Zero on hand
SO132132_SKU0056,ORD132132,DS005,SKU0056,2025-08-21 08:23:46,Damaged
SO132144_SKU0046,ORD132144,DS005,SKU0046,2025-08-21 18:48:05,Zero on hand
SO132146_SKU0006,ORD132146,DS005,SKU0006,2025-08-21 17:20:30,Pick fail
SO132153_SKU0057,ORD132153,DS005,SKU0057,2025-08-21 11:52:55,Expired
SO132157_SKU0050,ORD132157,DS005,SKU0050,2025-08-21 08:12:55,Damaged
SO132160_SKU0006,ORD132160,DS005,SKU0006,2025-08-21 20:59:23,Zero on hand
SO132164_SKU0010,ORD132164,DS005,SKU0010,2025-08-21 18:17:54,Zero on hand
SO132165_SKU0046,ORD132165,DS005,SKU0046,2025-08-21 14:11:59,Damaged
SO132178_SKU0050,ORD132178,DS005,SKU0050,2025-08-21 19:34:26,Pick fail
SO132178_SKU0065,ORD132178,DS005,SKU0065,2025-08-21 19:34:26,Expired
SO132178_SKU0044,ORD132178,DS005,SKU0044,2025-08-21 19:34:26,Pick fail
SO132183_SKU0050,ORD132183,DS005,SKU0050,2025-08-21 19:53:32,Expired
SO132188_SKU0065,ORD132188,DS005,SKU0065,2025-08-21 22:24:58,Zero on hand
SO132190_SKU0030,ORD132190,DS005,SKU0030,2025-08-21 20:38:37,Expired
SO132191_SKU0054,ORD132191,DS005,SKU0054,2025-08-21 14:15:42,Damaged
SO132191_SKU0033,ORD132191,DS005,SKU0033,2025-08-21 14:15:42,Zero on hand
SO132195_SKU0071,ORD132195,DS005,SKU0071,2025-08-21 12:16:48,Zero on hand
SO132204_SKU0068,ORD132204,DS005,SKU0068,2025-08-21 17:35:57,Damaged
SO132207_SKU0057,ORD132207,DS005,SKU0057,2025-08-21 08:10:34,Expired
SO132218_SKU0060,ORD132218,DS006,SKU0060,2025-08-21 20:21:33,Pick fail
SO132222_SKU0068,ORD132222,DS006,SKU0068,2025-08-21 18:10:32,Expired
SO132228_SKU0038,ORD132228,DS006,SKU0038,2025-08-21 17:00:59,Zero on hand
SO132234_SKU0068,ORD132234,DS006,SKU0068,2025-08-21 17:35:40,Expired
SO132236_SKU0009,ORD132236,DS006,SKU0009,2025-08-21 16:19:45,Pick fail
SO132238_SKU0053,ORD132238,DS006,SKU0053,2025-08-21 18:57:39,Zero on hand
SO132239_SKU0060,ORD132239,DS006,SKU0060,2025-08-21 14:47:34,Damaged
SO132259_SKU0074,ORD132259,DS006,SKU0074,2025-08-21 15:34:17,Pick fail
SO132264_SKU0005,ORD132264,DS006,SKU0005,2025-08-21 20:23:26,Expired
SO132273_SKU0011,ORD132273,DS006,SKU0011,2025-08-21 16:45:03,Expired
SO132291_SKU0007,ORD132291,DS006,SKU0007,2025-08-21 08:58:41,Expired
SO132297_SKU0018,ORD132297,DS006,SKU0018,2025-08-21 10:24:07,Damaged
SO132302_SKU0014,ORD132302,DS006,SKU0014,2025-08-21 20:39:44,Expired
SO132313_SKU0028,ORD132313,DS006,SKU0028,2025-08-21 13:17:04,Zero on hand
SO132316_SKU0050,ORD132316,DS006,SKU0050,2025-08-21 13:37:06,Expired
SO132317_SKU0016,ORD132317,DS006,SKU0016,2025-08-21 09:09:33,Pick fail
SO132323_SKU0064,ORD132323,DS007,SKU0064,2025-08-21 12:10:41,Pick fail
SO132352_SKU0065,ORD132352,DS007,SKU0065,2025-08-21 20:01:40,Expired
SO132355_SKU0067,ORD132355,DS007,SKU0067,2025-08-21 21:07:11,Zero on hand
SO132357_SKU0009,ORD132357,DS007,SKU0009,2025-08-21 11:26:56,Damaged
SO132361_SKU0055,ORD132361,DS007,SKU0055,2025-08-21 08:42:53,Pick fail
SO132387_SKU0005,ORD132387,DS007,SKU0005,2025-08-21 10:45:10,Zero on hand
SO132392_SKU0023,ORD132392,DS007,SKU0023,2025-08-21 18:41:32,Zero on hand
SO132408_SKU0056,ORD132408,DS008,SKU0056,2025-08-21 09:24:04,Zero on hand
SO132410_SKU0045,ORD132410,DS008,SKU0045,2025-08-21 16:09:20,Zero on hand
SO132416_SKU0070,ORD132416,DS008,SKU0070,2025-08-21 13:03:53,Zero on hand
SO132425_SKU0036,ORD132425,DS008,SKU0036,2025-08-21 10:53:28,Pick fail
SO132430_SKU0012,ORD132430,DS008,SKU0012,2025-08-21 18:18:22,Pick fail
SO132436_SKU0075,ORD132436,DS008,SKU0075,2025-08-21 13:18:49,Pick fail
SO132439_SKU0027,ORD132439,DS008,SKU0027,2025-08-21 21:26:21,Expired
SO132456_SKU0041,ORD132456,DS008,SKU0041,2025-08-21 20:14:09,Expired
SO132470_SKU0054,ORD132470,DS009,SKU0054,2025-08-21 12:13:45,Pick fail
SO132481_SKU0005,ORD132481,DS009,SKU0005,2025-08-21 11:33:04,Pick fail
SO132495_SKU0042,ORD132495,DS009,SKU0042,2025-08-21 18:34:21,Damaged
SO132500_SKU0045,ORD132500,DS009,SKU0045,2025-08-21 21:28:10,Damaged
SO132516_SKU0021,ORD132516,DS009,SKU0021,2025-08-21 12:06:03,Damaged
SO132522_SKU0025,ORD132522,DS009,SKU0025,2025-08-21 17:28:00,Pick fail
SO132530_SKU0059,ORD132530,DS009,SKU0059,2025-08-21 18:54:36,Expired
SO132532_SKU0064,ORD132532,DS010,SKU0064,2025-08-21 19:17:47,Zero on hand
SO132545_SKU0064,ORD132545,DS010,SKU0064,2025-08-21 10:53:14,Expired
SO132546_SKU0059,ORD132546,DS010,SKU0059,2025-08-21 19:41:04,Pick fail
SO132554_SKU0051,ORD132554,DS010,SKU0051,2025-08-21 13:45:17,Damaged
SO132567_SKU0061,ORD132567,DS010,SKU0061,2025-08-21 17:12:32,Expired
SO132568_SKU0054,ORD132568,DS010,SKU0054,2025-08-21 18:40:48,Damaged
SO132573_SKU0047,ORD132573,DS010,SKU0047,2025-08-21 20:37:55,Pick fail
SO132591_SKU0045,ORD132591,DS010,SKU0045,2025-08-21 17:24:12,Zero on hand
SO132598_SKU0005,ORD132598,DS010,SKU0005,2025-08-21 18:51:23,Expired
SO132604_SKU0021,ORD132604,DS010,SKU0021,2025-08-21 14:03:03,Damaged
SO132609_SKU0055,ORD132609,DS010,SKU0055,2025-08-21 12:13:53,Zero on hand
SO132616_SKU0054,ORD132616,DS010,SKU0054,2025-08-21 17:27:03,Pick fail
SO132619_SKU0020,ORD132619,DS010,SKU0020,2025-08-21 15:35:24,Zero on hand
SO132622_SKU0047,ORD132622,DS011,SKU0047,2025-08-21 19:08:10,Damaged
SO132622_SKU0035,ORD132622,DS011,SKU0035,2025-08-21 19:08:10,Pick fail
SO132638_SKU0048,ORD132638,DS011,SKU0048,2025-08-21 13:42:34,Damaged
SO132644_SKU0047,ORD132644,DS011,SKU0047,2025-08-21 12:25:21,Zero on hand
SO132645_SKU0074,ORD132645,DS011,SKU0074,2025-08-21 14:36:30,Pick fail
SO132646_SKU0004,ORD132646,DS011,SKU0004,2025-08-21 20:55:09,Pick fail
SO132648_SKU0052,ORD132648,DS011,SKU0052,2025-08-21 15:59:10,Zero on hand
SO132649_SKU0064,ORD132649,DS011,SKU0064,2025-08-21 18:21:44,Expired
SO132650_SKU0050,ORD132650,DS011,SKU0050,2025-08-21 12:17:25,Damaged
SO132651_SKU0045,ORD132651,DS011,SKU0045,2025-08-21 15:07:47,Damaged
SO132663_SKU0022,ORD132663,DS011,SKU0022,2025-08-21 10:22:51,Damaged
SO132666_SKU0009,ORD132666,DS011,SKU0009,2025-08-21 14:09:31,Expired
SO132666_SKU0028,ORD132666,DS011,SKU0028,2025-08-21 14:09:31,Expired
SO132667_SKU0054,ORD132667,DS011,SKU0054,2025-08-21 09:29:01,Damaged
SO132671_SKU0051,ORD132671,DS011,SKU0051,2025-08-21 11:57:54,Pick fail
SO132682_SKU0047,ORD132682,DS011,SKU0047,2025-08-21 18:01:43,Pick fail
SO132689_SKU0070,ORD132689,DS011,SKU0070,2025-08-21 10:23:27,Zero on hand
SO132691_SKU0013,ORD132691,DS011,SKU0013,2025-08-21 20:55:48,Pick fail
SO132699_SKU0052,ORD132699,DS012,SKU0052,2025-08-21 13:33:37,Damaged
SO132700_SKU0071,ORD132700,DS012,SKU0071,2025-08-21 11:30:35,Zero on hand
SO132709_SKU0054,ORD132709,DS012,SKU0054,2025-08-21 23:30:32,Zero on hand
SO132738_SKU0069,ORD132738,DS012,SKU0069,2025-08-21 15:52:21,Expired
SO132744_SKU0054,ORD132744,DS012,SKU0054,2025-08-21 13:15:01,Damaged
SO132747_SKU0063,ORD132747,DS012,SKU0063,2025-08-21 12:56:58,Expired
SO132751_SKU0057,ORD132751,DS012,SKU0057,2025-08-21 17:54:25,Expired
SO132771_SKU0041,ORD132771,DS013,SKU0041,2025-08-21 11:35:46,Expired
SO132772_SKU0056,ORD132772,DS013,SKU0056,2025-08-21 17:51:51,Zero on hand
SO132779_SKU0001,ORD132779,DS013,SKU0001,2025-08-21 10:43:37,Zero on hand
SO132784_SKU0054,ORD132784,DS013,SKU0054,2025-08-21 18:32:04,Pick fail
SO132789_SKU0065,ORD132789,DS013,SKU0065,2025-08-21 13:42:59,Damaged
SO132792_SKU0006,ORD132792,DS013,SKU0006,2025-08-21 18:47:25,Damaged
SO132801_SKU0054,ORD132801,DS013,SKU0054,2025-08-21 15:43:20,Zero on hand
SO132813_SKU0020,ORD132813,DS013,SKU0020,2025-08-21 23:49:06,Damaged
SO132819_SKU0003,ORD132819,DS014,SKU0003,2025-08-21 13:36:38,Expired
SO132823_SKU0053,ORD132823,DS014,SKU0053,2025-08-21 19:37:09,Expired
SO132823_SKU0007,ORD132823,DS014,SKU0007,2025-08-21 19:37:09,Zero on hand
SO132827_SKU0055,ORD132827,DS014,SKU0055,2025-08-21 18:25:20,Damaged
SO132835_SKU0069,ORD132835,DS014,SKU0069,2025-08-21 14:22:20,Expired
SO132844_SKU0003,ORD132844,DS014,SKU0003,2025-08-21 17:54:56,Zero on hand
SO132847_SKU0050,ORD132847,DS014,SKU0050,2025-08-21 09:52:10,Pick fail
SO132854_SKU0042,ORD132854,DS014,SKU0042,2025-08-21 15:25:08,Damaged
SO132855_SKU0033,ORD132855,DS014,SKU0033,2025-08-21 21:36:49,Damaged
SO132857_SKU0046,ORD132857,DS014,SKU0046,2025-08-21 19:32:21,Zero on hand
SO132865_SKU0047,ORD132865,DS014,SKU0047,2025-08-21 12:45:57,Damaged
SO132878_SKU0022,ORD132878,DS014,SKU0022,2025-08-21 18:02:07,Pick fail
SO132879_SKU0077,ORD132879,DS014,SKU0077,2025-08-21 10:44:06,Expired
SO132884_SKU0004,ORD132884,DS014,SKU0004,2025-08-21 14:27:16,Pick fail
SO132891_SKU0072,ORD132891,DS014,SKU0072,2025-08-21 19:34:07,Expired
SO132894_SKU0063,ORD132894,DS014,SKU0063,2025-08-21 20:48:44,Zero on hand
SO132894_SKU0069,ORD132894,DS014,SKU0069,2025-08-21 20:48:44,Pick fail
SO132897_SKU0064,ORD132897,DS014,SKU0064,2025-08-21 13:01:57,Damaged
SO132910_SKU0052,ORD132910,DS015,SKU0052,2025-08-21 18:33:02,Damaged
SO132917_SKU0073,ORD132917,DS015,SKU0073,2025-08-21 19:44:23,Damaged
SO132918_SKU0057,ORD132918,DS015,SKU0057,2025-08-21 13:01:19,Damaged
SO132930_SKU0038,ORD132930,DS015,SKU0038,2025-08-21 17:26:32,Zero on hand
SO132931_SKU0048,ORD132931,DS015,SKU0048,2025-08-21 17:02:29,Expired
SO132970_SKU0032,ORD132970,DS015,SKU0032,2025-08-21 12:10:09,Zero on hand
SO132972_SKU0056,ORD132972,DS015,SKU0056,2025-08-21 09:09:23,Damaged
SO132976_SKU0023,ORD132976,DS015,SKU0023,2025-08-21 20:58:47,Zero on hand
SO133026_SKU0067,ORD133026,DS016,SKU0067,2025-08-21 20:15:32,Zero on hand
SO133026_SKU0054,ORD133026,DS016,SKU0054,2025-08-21 20:15:32,Pick fail
SO133036_SKU0013,ORD133036,DS016,SKU0013,2025-08-21 19:33:34,Pick fail
SO133045_SKU0008,ORD133045,DS016,SKU0008,2025-08-21 19:16:40,Damaged
SO133054_SKU0067,ORD133054,DS016,SKU0067,2025-08-21 19:29:05,Damaged
SO133061_SKU0073,ORD133061,DS016,SKU0073,2025-08-21 21:08:28,Zero on hand
SO133063_SKU0046,ORD133063,DS016,SKU0046,2025-08-21 15:44:45,Expired
SO133063_SKU0069,ORD133063,DS016,SKU0069,2025-08-21 15:44:45,Damaged
SO133063_SKU0007,ORD133063,DS016,SKU0007,2025-08-21 15:44:45,Zero on hand
SO133070_SKU0047,ORD133070,DS016,SKU0047,2025-08-21 11:07:53,Expired
SO133071_SKU0074,ORD133071,DS016,SKU0074,2025-08-21 12:04:25,Expired
SO133077_SKU0066,ORD133077,DS016,SKU0066,2025-08-21 11:28:09,Zero on hand
SO133090_SKU0014,ORD133090,DS017,SKU0014,2025-08-21 20:14:00,Expired
SO133093_SKU0078,ORD133093,DS017,SKU0078,2025-08-21 11:51:02,Zero on hand
SO133100_SKU0021,ORD133100,DS017,SKU0021,2025-08-21 20:51:08,Pick fail
SO133139_SKU0025,ORD133139,DS017,SKU0025,2025-08-21 18:16:03,Pick fail
SO133149_SKU0034,ORD133149,DS017,SKU0034,2025-08-21 16:42:19,Pick fail
SO133149_SKU0051,ORD133149,DS017,SKU0051,2025-08-21 16:42:19,Expired
SO133158_SKU0025,ORD133158,DS017,SKU0025,2025-08-21 15:54:31,Expired
SO133162_SKU0056,ORD133162,DS017,SKU0056,2025-08-21 15:53:25,Zero on hand
SO133181_SKU0056,ORD133181,DS001,SKU0056,2025-08-22 10:59:50,Damaged
SO133184_SKU0062,ORD133184,DS001,SKU0062,2025-08-22 10:48:44,Zero on hand
SO133189_SKU0026,ORD133189,DS001,SKU0026,2025-08-22 18:38:00,Damaged
SO133199_SKU0070,ORD133199,DS001,SKU0070,2025-08-22 19:12:14,Pick fail
SO133213_SKU0019,ORD133213,DS001,SKU0019,2025-08-22 19:18:07,Zero on hand
SO133222_SKU0006,ORD133222,DS001,SKU0006,2025-08-22 13:26:49,Expired
SO133223_SKU0038,ORD133223,DS001,SKU0038,2025-08-22 18:44:59,Zero on hand
SO133240_SKU0047,ORD133240,DS001,SKU0047,2025-08-22 20:15:55,Zero on hand
SO133245_SKU0072,ORD133245,DS001,SKU0072,2025-08-22 20:20:47,Damaged
SO133246_SKU0063,ORD133246,DS001,SKU0063,2025-08-22 18:38:56,Expired
SO133254_SKU0018,ORD133254,DS001,SKU0018,2025-08-22 10:22:57,Zero on hand
SO133255_SKU0062,ORD133255,DS001,SKU0062,2025-08-22 13:03:22,Zero on hand
SO133256_SKU0068,ORD133256,DS001,SKU0068,2025-08-22 11:58:18,Expired
SO133258_SKU0078,ORD133258,DS001,SKU0078,2025-08-22 18:52:03,Pick fail
SO133261_SKU0019,ORD133261,DS001,SKU0019,2025-08-22 19:26:05,Zero on hand
SO133264_SKU0068,ORD133264,DS001,SKU0068,2025-08-22 19:17:34,Damaged
SO133265_SKU0019,ORD133265,DS001,SKU0019,2025-08-22 18:47:15,Zero on hand
SO133266_SKU0035,ORD133266,DS001,SKU0035,2025-08-22 19:12:12,Damaged
SO133279_SKU0075,ORD133279,DS001,SKU0075,2025-08-22 11:59:03,Expired
SO133286_SKU0059,ORD133286,DS001,SKU0059,2025-08-22 19:29:44,Pick fail
SO133287_SKU0048,ORD133287,DS001,SKU0048,2025-08-22 11:31:19,Expired
SO133291_SKU0005,ORD133291,DS001,SKU0005,2025-08-22 12:26:26,Pick fail
SO133297_SKU0017,ORD133297,DS001,SKU0017,2025-08-22 11:27:43,Pick fail
SO133303_SKU0022,ORD133303,DS001,SKU0022,2025-08-22 20:23:40,Expired
SO133303_SKU0067,ORD133303,DS001,SKU0067,2025-08-22 20:23:40,Expired
SO133305_SKU0073,ORD133305,DS002,SKU0073,2025-08-22 17:57:01,Damaged
SO133308_SKU0022,ORD133308,DS002,SKU0022,2025-08-22 13:21:25,Damaged
SO133328_SKU0061,ORD133328,DS002,SKU0061,2025-08-22 17:34:32,Zero on hand
SO133329_SKU0057,ORD133329,DS002,SKU0057,2025-08-22 08:15:57,Damaged
SO133334_SKU0061,ORD133334,DS002,SKU0061,2025-08-22 16:35:10,Damaged
SO133340_SKU0060,ORD133340,DS002,SKU0060,2025-08-22 17:19:16,Zero on hand
SO133342_SKU0066,ORD133342,DS002,SKU0066,2025-08-22 19:30:55,Expired
SO133343_SKU0055,ORD133343,DS002,SKU0055,2025-08-22 18:47:34,Damaged
SO133344_SKU0004,ORD133344,DS002,SKU0004,2025-08-22 11:22:09,Expired
SO133345_SKU0011,ORD133345,DS002,SKU0011,2025-08-22 16:12:05,Damaged
SO133352_SKU0050,ORD133352,DS002,SKU0050,2025-08-22 08:02:03,Expired
SO133362_SKU0073,ORD133362,DS002,SKU0073,2025-08-22 11:53:08,Zero on hand
SO133367_SKU0001,ORD133367,DS002,SKU0001,2025-08-22 21:06:37,Zero on hand
SO133371_SKU0015,ORD133371,DS002,SKU0015,2025-08-22 13:34:26,Pick fail
SO133372_SKU0018,ORD133372,DS002,SKU0018,2025-08-22 16:05:03,Expired
SO133375_SKU0037,ORD133375,DS002,SKU0037,2025-08-22 12:41:25,Damaged
SO133378_SKU0058,ORD133378,DS002,SKU0058,2025-08-22 18:17:45,Pick fail
SO133383_SKU0011,ORD133383,DS002,SKU0011,2025-08-22 16:37:44,Damaged
SO133388_SKU0062,ORD133388,DS003,SKU0062,2025-08-22 12:34:32,Zero on hand
SO133399_SKU0059,ORD133399,DS003,SKU0059,2025-08-22 19:17:24,Damaged
SO133410_SKU0055,ORD133410,DS003,SKU0055,2025-08-22 18:02:57,Expired
SO133425_SKU0038,ORD133425,DS003,SKU0038,2025-08-22 19:11:21,Zero on hand
SO133429_SKU0052,ORD133429,DS003,SKU0052,2025-08-22 18:48:53,Expired
SO133435_SKU0062,ORD133435,DS003,SKU0062,2025-08-22 09:23:38,Zero on hand
SO133447_SKU0023,ORD133447,DS003,SKU0023,2025-08-22 20:37:16,Expired
SO133455_SKU0057,ORD133455,DS003,SKU0057,2025-08-22 09:43:20,Expired
SO133478_SKU0064,ORD133478,DS004,SKU0064,2025-08-22 12:43:25,Expired
SO133514_SKU0043,ORD133514,DS004,SKU0043,2025-08-22 11:01:54,Damaged
SO133526_SKU0002,ORD133526,DS004,SKU0002,2025-08-22 16:06:00,Zero on hand
SO133564_SKU0051,ORD133564,DS005,SKU0051,2025-08-22 18:38:21,Damaged
SO133569_SKU0034,ORD133569,DS005,SKU0034,2025-08-22 19:59:06,Pick fail
SO133574_SKU0078,ORD133574,DS005,SKU0078,2025-08-22 08:25:07,Pick fail
SO133575_SKU0007,ORD133575,DS005,SKU0007,2025-08-22 15:23:10,Pick fail
SO133576_SKU0043,ORD133576,DS005,SKU0043,2025-08-22 13:31:47,Pick fail
SO133578_SKU0017,ORD133578,DS005,SKU0017,2025-08-22 11:08:51,Expired
SO133596_SKU0053,ORD133596,DS005,SKU0053,2025-08-22 16:41:52,Zero on hand
SO133597_SKU0058,ORD133597,DS005,SKU0058,2025-08-22 18:42:33,Zero on hand
SO133601_SKU0073,ORD133601,DS005,SKU0073,2025-08-22 11:14:15,Damaged
SO133607_SKU0027,ORD133607,DS005,SKU0027,2025-08-22 19:32:50,Expired
SO133608_SKU0063,ORD133608,DS005,SKU0063,2025-08-22 20:53:59,Expired
SO133609_SKU0004,ORD133609,DS005,SKU0004,2025-08-22 09:12:12,Expired
SO133611_SKU0016,ORD133611,DS005,SKU0016,2025-08-22 11:54:58,Expired
SO133614_SKU0063,ORD133614,DS005,SKU0063,2025-08-22 20:37:08,Zero on hand
SO133618_SKU0065,ORD133618,DS005,SKU0065,2025-08-22 11:55:37,Expired
SO133623_SKU0021,ORD133623,DS005,SKU0021,2025-08-22 18:29:47,Zero on hand
SO133625_SKU0042,ORD133625,DS005,SKU0042,2025-08-22 12:19:44,Zero on hand
SO133636_SKU0009,ORD133636,DS005,SKU0009,2025-08-22 17:39:58,Pick fail
SO133637_SKU0025,ORD133637,DS005,SKU0025,2025-08-22 21:13:36,Zero on hand
SO133648_SKU0057,ORD133648,DS005,SKU0057,2025-08-22 15:49:28,Damaged
SO133648_SKU0023,ORD133648,DS005,SKU0023,2025-08-22 15:49:28,Zero on hand
SO133649_SKU0050,ORD133649,DS005,SKU0050,2025-08-22 12:34:07,Pick fail
SO133649_SKU0037,ORD133649,DS005,SKU0037,2025-08-22 12:34:07,Damaged
SO133653_SKU0055,ORD133653,DS005,SKU0055,2025-08-22 19:12:42,Expired
SO133661_SKU0002,ORD133661,DS006,SKU0002,2025-08-22 19:45:35,Damaged
SO133662_SKU0057,ORD133662,DS006,SKU0057,2025-08-22 18:16:37,Pick fail
SO133663_SKU0016,ORD133663,DS006,SKU0016,2025-08-22 12:32:03,Zero on hand
SO133667_SKU0038,ORD133667,DS006,SKU0038,2025-08-22 09:55:24,Pick fail
SO133687_SKU0043,ORD133687,DS006,SKU0043,2025-08-22 20:39:14,Zero on hand
SO133691_SKU0016,ORD133691,DS006,SKU0016,2025-08-22 17:18:58,Damaged
SO133715_SKU0028,ORD133715,DS006,SKU0028,2025-08-22 08:50:17,Zero on hand
SO133721_SKU0027,ORD133721,DS006,SKU0027,2025-08-22 17:05:21,Expired
SO133726_SKU0051,ORD133726,DS006,SKU0051,2025-08-22 12:49:52,Pick fail
SO133734_SKU0002,ORD133734,DS006,SKU0002,2025-08-22 20:12:43,Zero on hand
SO133736_SKU0052,ORD133736,DS006,SKU0052,2025-08-22 19:28:23,Damaged
SO133740_SKU0060,ORD133740,DS006,SKU0060,2025-08-22 18:00:57,Pick fail
SO133743_SKU0008,ORD133743,DS006,SKU0008,2025-08-22 17:30:31,Pick fail
SO133743_SKU0075,ORD133743,DS006,SKU0075,2025-08-22 17:30:31,Pick fail
SO133770_SKU0054,ORD133770,DS006,SKU0054,2025-08-22 12:29:16,Damaged
SO133776_SKU0008,ORD133776,DS006,SKU0008,2025-08-22 16:40:05,Expired
SO133789_SKU0069,ORD133789,DS006,SKU0069,2025-08-22 19:16:33,Damaged
SO133790_SKU0060,ORD133790,DS006,SKU0060,2025-08-22 11:40:05,Damaged
SO133799_SKU0016,ORD133799,DS006,SKU0016,2025-08-22 09:21:47,Pick fail
SO133805_SKU0076,ORD133805,DS006,SKU0076,2025-08-22 17:22:09,Damaged
SO133808_SKU0046,ORD133808,DS006,SKU0046,2025-08-22 11:57:06,Expired
SO133808_SKU0006,ORD133808,DS006,SKU0006,2025-08-22 11:57:06,Damaged
SO133811_SKU0057,ORD133811,DS006,SKU0057,2025-08-22 20:30:22,Expired
SO133813_SKU0058,ORD133813,DS007,SKU0058,2025-08-22 11:41:35,Expired
SO133815_SKU0040,ORD133815,DS007,SKU0040,2025-08-22 15:23:39,Pick fail
SO133819_SKU0008,ORD133819,DS007,SKU0008,2025-08-22 13:03:12,Zero on hand
SO133820_SKU0036,ORD133820,DS007,SKU0036,2025-08-22 13:12:35,Pick fail
SO133822_SKU0032,ORD133822,DS007,SKU0032,2025-08-22 19:16:14,Damaged
SO133845_SKU0005,ORD133845,DS007,SKU0005,2025-08-22 13:26:49,Expired
SO133850_SKU0022,ORD133850,DS007,SKU0022,2025-08-22 19:16:54,Expired
SO133850_SKU0006,ORD133850,DS007,SKU0006,2025-08-22 19:16:54,Expired
SO133852_SKU0056,ORD133852,DS007,SKU0056,2025-08-22 13:47:39,Pick fail
SO133861_SKU0070,ORD133861,DS007,SKU0070,2025-08-22 19:53:34,Zero on hand
SO133861_SKU0008,ORD133861,DS007,SKU0008,2025-08-22 19:53:34,Pick fail
SO133866_SKU0044,ORD133866,DS007,SKU0044,2025-08-22 15:08:52,Pick fail
SO133886_SKU0006,ORD133886,DS007,SKU0006,2025-08-22 10:27:03,Zero on hand
SO133894_SKU0038,ORD133894,DS007,SKU0038,2025-08-22 14:23:18,Damaged
SO133920_SKU0025,ORD133920,DS007,SKU0025,2025-08-22 11:06:27,Expired
SO133921_SKU0065,ORD133921,DS007,SKU0065,2025-08-22 12:37:27,Expired
SO133930_SKU0057,ORD133930,DS008,SKU0057,2025-08-22 17:33:30,Damaged
SO133948_SKU0056,ORD133948,DS008,SKU0056,2025-08-22 12:22:13,Expired
SO133956_SKU0015,ORD133956,DS008,SKU0015,2025-08-22 18:26:16,Damaged
SO133961_SKU0062,ORD133961,DS008,SKU0062,2025-08-22 18:23:40,Zero on hand
SO133966_SKU0062,ORD133966,DS008,SKU0062,2025-08-22 16:42:52,Expired
SO133968_SKU0063,ORD133968,DS008,SKU0063,2025-08-22 16:14:56,Damaged
SO133987_SKU0075,ORD133987,DS008,SKU0075,2025-08-22 17:42:32,Zero on hand
SO133988_SKU0020,ORD133988,DS008,SKU0020,2025-08-22 16:32:45,Pick fail
SO134001_SKU0047,ORD134001,DS008,SKU0047,2025-08-22 15:58:17,Pick fail
SO134008_SKU0001,ORD134008,DS008,SKU0001,2025-08-22 14:30:12,Pick fail
SO134009_SKU0047,ORD134009,DS008,SKU0047,2025-08-22 18:21:20,Expired
SO134009_SKU0019,ORD134009,DS008,SKU0019,2025-08-22 18:21:20,Expired
SO134027_SKU0047,ORD134027,DS008,SKU0047,2025-08-22 19:53:41,Pick fail
SO134034_SKU0075,ORD134034,DS008,SKU0075,2025-08-22 20:39:50,Damaged
SO134039_SKU0068,ORD134039,DS009,SKU0068,2025-08-22 19:18:55,Damaged
SO134043_SKU0043,ORD134043,DS009,SKU0043,2025-08-22 19:11:54,Damaged
SO134046_SKU0066,ORD134046,DS009,SKU0066,2025-08-22 13:04:14,Zero on hand
SO134049_SKU0004,ORD134049,DS009,SKU0004,2025-08-22 18:44:17,Zero on hand
SO134060_SKU0068,ORD134060,DS009,SKU0068,2025-08-22 18:22:57,Damaged
SO134064_SKU0061,ORD134064,DS009,SKU0061,2025-08-22 13:59:10,Zero on hand
SO134072_SKU0035,ORD134072,DS009,SKU0035,2025-08-22 18:57:02,Zero on hand
SO134085_SKU0071,ORD134085,DS009,SKU0071,2025-08-22 12:23:55,Pick fail
SO134098_SKU0011,ORD134098,DS009,SKU0011,2025-08-22 13:25:53,Zero on hand
SO134128_SKU0070,ORD134128,DS010,SKU0070,2025-08-22 18:51:43,Damaged
SO134133_SKU0050,ORD134133,DS010,SKU0050,2025-08-22 10:58:25,Zero on hand
SO134133_SKU0016,ORD134133,DS010,SKU0016,2025-08-22 10:58:25,Expired
SO134151_SKU0053,ORD134151,DS010,SKU0053,2025-08-22 10:34:19,Zero on hand
SO134185_SKU0060,ORD134185,DS010,SKU0060,2025-08-22 10:37:21,Pick fail
SO134199_SKU0071,ORD134199,DS010,SKU0071,2025-08-22 18:40:43,Zero on hand
SO134204_SKU0027,ORD134204,DS010,SKU0027,2025-08-22 19:29:52,Pick fail
SO134218_SKU0069,ORD134218,DS010,SKU0069,2025-08-22 17:58:14,Expired
SO134219_SKU0006,ORD134219,DS010,SKU0006,2025-08-22 22:31:45,Damaged
SO134232_SKU0051,ORD134232,DS010,SKU0051,2025-08-22 10:12:41,Expired
SO134235_SKU0045,ORD134235,DS010,SKU0045,2025-08-22 13:10:01,Zero on hand
SO134250_SKU0056,ORD134250,DS011,SKU0056,2025-08-22 14:01:22,Zero on hand
SO134255_SKU0001,ORD134255,DS011,SKU0001,2025-08-22 13:22:12,Zero on hand
SO134262_SKU0046,ORD134262,DS011,SKU0046,2025-08-22 20:22:51,Damaged
SO134262_SKU0053,ORD134262,DS011,SKU0053,2025-08-22 20:22:51,Pick fail
SO134266_SKU0063,ORD134266,DS011,SKU0063,2025-08-22 17:35:31,Damaged
SO134268_SKU0079,ORD134268,DS011,SKU0079,2025-08-22 12:58:23,Damaged
SO134287_SKU0061,ORD134287,DS011,SKU0061,2025-08-22 11:27:46,Expired
SO134290_SKU0063,ORD134290,DS011,SKU0063,2025-08-22 21:11:34,Pick fail
SO134297_SKU0078,ORD134297,DS011,SKU0078,2025-08-22 19:52:44,Zero on hand
SO134304_SKU0054,ORD134304,DS011,SKU0054,2025-08-22 15:50:19,Zero on hand
SO134311_SKU0033,ORD134311,DS011,SKU0033,2025-08-22 11:14:05,Zero on hand
SO134319_SKU0018,ORD134319,DS011,SKU0018,2025-08-22 17:04:09,Zero on hand
SO134330_SKU0046,ORD134330,DS011,SKU0046,2025-08-22 15:58:41,Zero on hand
SO134332_SKU0046,ORD134332,DS011,SKU0046,2025-08-22 14:08:13,Pick fail
SO134344_SKU0051,ORD134344,DS012,SKU0051,2025-08-22 09:48:21,Expired
SO134344_SKU0061,ORD134344,DS012,SKU0061,2025-08-22 09:48:21,Zero on hand
SO134355_SKU0006,ORD134355,DS012,SKU0006,2025-08-22 15:13:46,Expired
SO134371_SKU0056,ORD134371,DS012,SKU0056,2025-08-22 17:50:48,Zero on hand
SO134372_SKU0021,ORD134372,DS012,SKU0021,2025-08-22 18:15:12,Expired
SO134381_SKU0012,ORD134381,DS012,SKU0012,2025-08-22 19:41:15,Zero on hand
SO134388_SKU0011,ORD134388,DS012,SKU0011,2025-08-22 17:20:20,Expired
SO134401_SKU0057,ORD134401,DS012,SKU0057,2025-08-22 20:55:33,Zero on hand
SO134421_SKU0078,ORD134421,DS012,SKU0078,2025-08-22 18:29:41,Zero on hand
SO134425_SKU0028,ORD134425,DS012,SKU0028,2025-08-22 10:08:46,Damaged
SO134428_SKU0060,ORD134428,DS012,SKU0060,2025-08-22 16:53:24,Expired
SO134433_SKU0004,ORD134433,DS012,SKU0004,2025-08-22 11:22:43,Zero on hand
SO134435_SKU0061,ORD134435,DS012,SKU0061,2025-08-22 18:11:39,Pick fail
SO134454_SKU0038,ORD134454,DS012,SKU0038,2025-08-22 22:04:56,Pick fail
SO134462_SKU0024,ORD134462,DS012,SKU0024,2025-08-22 19:54:11,Expired
SO134470_SKU0056,ORD134470,DS013,SKU0056,2025-08-22 18:12:56,Damaged
SO134476_SKU0060,ORD134476,DS013,SKU0060,2025-08-22 12:09:08,Expired
SO134485_SKU0021,ORD134485,DS013,SKU0021,2025-08-22 12:29:48,Pick fail
SO134490_SKU0054,ORD134490,DS013,SKU0054,2025-08-22 16:27:52,Expired
SO134493_SKU0036,ORD134493,DS013,SKU0036,2025-08-22 19:45:30,Pick fail
SO134495_SKU0060,ORD134495,DS013,SKU0060,2025-08-22 18:08:39,Expired
SO134502_SKU0002,ORD134502,DS013,SKU0002,2025-08-22 10:39:35,Expired
SO134516_SKU0032,ORD134516,DS013,SKU0032,2025-08-22 10:28:14,Expired
SO134517_SKU0069,ORD134517,DS013,SKU0069,2025-08-22 17:02:33,Pick fail
SO134537_SKU0022,ORD134537,DS013,SKU0022,2025-08-22 18:28:33,Damaged
SO134539_SKU0065,ORD134539,DS013,SKU0065,2025-08-22 14:03:27,Pick fail
SO134542_SKU0055,ORD134542,DS013,SKU0055,2025-08-22 12:19:05,Expired
SO134544_SKU0050,ORD134544,DS014,SKU0050,2025-08-22 10:56:18,Pick fail
SO134548_SKU0032,ORD134548,DS014,SKU0032,2025-08-22 11:36:01,Damaged
SO134550_SKU0042,ORD134550,DS014,SKU0042,2025-08-22 19:03:33,Pick fail
SO134551_SKU0056,ORD134551,DS014,SKU0056,2025-08-22 20:12:15,Pick fail
SO134553_SKU0041,ORD134553,DS014,SKU0041,2025-08-22 20:58:59,Pick fail
SO134554_SKU0049,ORD134554,DS014,SKU0049,2025-08-22 12:43:29,Pick fail
SO134557_SKU0057,ORD134557,DS014,SKU0057,2025-08-22 19:44:41,Expired
SO134557_SKU0044,ORD134557,DS014,SKU0044,2025-08-22 19:44:41,Expired
SO134560_SKU0031,ORD134560,DS014,SKU0031,2025-08-22 19:33:59,Damaged
SO134562_SKU0030,ORD134562,DS014,SKU0030,2025-08-22 17:45:20,Expired
SO134568_SKU0002,ORD134568,DS014,SKU0002,2025-08-22 19:11:49,Pick fail
SO134569_SKU0016,ORD134569,DS014,SKU0016,2025-08-22 16:34:07,Damaged
SO134570_SKU0010,ORD134570,DS014,SKU0010,2025-08-22 17:09:11,Expired
SO134572_SKU0045,ORD134572,DS014,SKU0045,2025-08-22 11:28:39,Damaged
SO134580_SKU0033,ORD134580,DS014,SKU0033,2025-08-22 18:57:03,Damaged
SO134583_SKU0055,ORD134583,DS014,SKU0055,2025-08-22 08:55:02,Zero on hand
SO134590_SKU0053,ORD134590,DS014,SKU0053,2025-08-22 12:35:48,Pick fail
SO134590_SKU0045,ORD134590,DS014,SKU0045,2025-08-22 12:35:48,Zero on hand
SO134601_SKU0046,ORD134601,DS014,SKU0046,2025-08-22 19:59:47,Expired
SO134607_SKU0046,ORD134607,DS014,SKU0046,2025-08-22 13:10:05,Pick fail
SO134611_SKU0003,ORD134611,DS014,SKU0003,2025-08-22 18:47:51,Zero on hand
SO134612_SKU0032,ORD134612,DS014,SKU0032,2025-08-22 11:25:34,Pick fail
SO134617_SKU0058,ORD134617,DS014,SKU0058,2025-08-22 20:27:45,Damaged
SO134619_SKU0028,ORD134619,DS014,SKU0028,2025-08-22 17:52:06,Damaged
SO134621_SKU0056,ORD134621,DS014,SKU0056,2025-08-22 12:31:57,Damaged
SO134622_SKU0012,ORD134622,DS014,SKU0012,2025-08-22 13:49:36,Damaged
SO134623_SKU0062,ORD134623,DS014,SKU0062,2025-08-22 13:47:52,Zero on hand
SO134647_SKU0051,ORD134647,DS014,SKU0051,2025-08-22 13:23:40,Damaged
SO134647_SKU0022,ORD134647,DS014,SKU0022,2025-08-22 13:23:40,Zero on hand
SO134663_SKU0011,ORD134663,DS015,SKU0011,2025-08-22 18:23:07,Expired
SO134667_SKU0048,ORD134667,DS015,SKU0048,2025-08-22 10:06:16,Pick fail
SO134667_SKU0044,ORD134667,DS015,SKU0044,2025-08-22 10:06:16,Zero on hand
SO134673_SKU0053,ORD134673,DS015,SKU0053,2025-08-22 10:24:36,Expired
SO134675_SKU0052,ORD134675,DS015,SKU0052,2025-08-22 12:49:31,Expired
SO134683_SKU0048,ORD134683,DS015,SKU0048,2025-08-22 15:41:56,Pick fail
SO134684_SKU0070,ORD134684,DS015,SKU0070,2025-08-22 18:14:29,Pick fail
SO134685_SKU0045,ORD134685,DS015,SKU0045,2025-08-22 08:45:32,Zero on hand
SO134688_SKU0063,ORD134688,DS015,SKU0063,2025-08-22 19:33:02,Damaged
SO134696_SKU0036,ORD134696,DS015,SKU0036,2025-08-22 15:33:30,Zero on hand
SO134703_SKU0036,ORD134703,DS015,SKU0036,2025-08-22 19:30:51,Damaged
SO134704_SKU0025,ORD134704,DS015,SKU0025,2025-08-22 19:50:07,Pick fail
SO134706_SKU0068,ORD134706,DS015,SKU0068,2025-08-22 08:45:29,Pick fail
SO134715_SKU0057,ORD134715,DS015,SKU0057,2025-08-22 14:39:33,Expired
SO134722_SKU0072,ORD134722,DS016,SKU0072,2025-08-22 22:58:18,Damaged
SO134727_SKU0076,ORD134727,DS016,SKU0076,2025-08-22 18:02:04,Zero on hand
SO134727_SKU0059,ORD134727,DS016,SKU0059,2025-08-22 18:02:04,Pick fail
SO134729_SKU0040,ORD134729,DS016,SKU0040,2025-08-22 13:15:06,Expired
SO134733_SKU0067,ORD134733,DS016,SKU0067,2025-08-22 10:17:26,Pick fail
SO134740_SKU0008,ORD134740,DS016,SKU0008,2025-08-22 12:53:04,Pick fail
SO134764_SKU0026,ORD134764,DS016,SKU0026,2025-08-22 19:24:05,Zero on hand
SO134780_SKU0080,ORD134780,DS016,SKU0080,2025-08-22 19:26:35,Zero on hand
SO134782_SKU0069,ORD134782,DS016,SKU0069,2025-08-22 18:32:01,Damaged
SO134791_SKU0048,ORD134791,DS016,SKU0048,2025-08-22 09:43:29,Zero on hand
SO134792_SKU0063,ORD134792,DS016,SKU0063,2025-08-22 17:20:07,Expired
SO134795_SKU0017,ORD134795,DS016,SKU0017,2025-08-22 17:38:20,Pick fail
SO134805_SKU0064,ORD134805,DS016,SKU0064,2025-08-22 19:56:39,Expired
SO134809_SKU0018,ORD134809,DS016,SKU0018,2025-08-22 18:39:10,Pick fail
SO134810_SKU0007,ORD134810,DS016,SKU0007,2025-08-22 19:17:41,Expired
SO134813_SKU0052,ORD134813,DS016,SKU0052,2025-08-22 14:28:34,Damaged
SO134817_SKU0041,ORD134817,DS016,SKU0041,2025-08-22 10:01:55,Expired
SO134828_SKU0053,ORD134828,DS016,SKU0053,2025-08-22 18:32:01,Expired
SO134833_SKU0008,ORD134833,DS016,SKU0008,2025-08-22 12:44:25,Expired
SO134835_SKU0053,ORD134835,DS016,SKU0053,2025-08-22 21:08:07,Pick fail
SO134852_SKU0002,ORD134852,DS016,SKU0002,2025-08-22 22:01:13,Zero on hand
SO134856_SKU0058,ORD134856,DS016,SKU0058,2025-08-22 18:17:12,Pick fail
SO134863_SKU0061,ORD134863,DS016,SKU0061,2025-08-22 19:48:17,Damaged
SO134864_SKU0028,ORD134864,DS016,SKU0028,2025-08-22 19:02:44,Damaged
SO134870_SKU0069,ORD134870,DS017,SKU0069,2025-08-22 16:21:55,Expired
SO134881_SKU0049,ORD134881,DS017,SKU0049,2025-08-22 17:23:51,Expired
SO134902_SKU0049,ORD134902,DS017,SKU0049,2025-08-22 16:32:45,Damaged
SO134909_SKU0059,ORD134909,DS017,SKU0059,2025-08-22 18:37:56,Expired
SO134915_SKU0040,ORD134915,DS017,SKU0040,2025-08-22 15:14:37,Expired
SO134917_SKU0067,ORD134917,DS017,SKU0067,2025-08-22 10:26:13,Expired
SO134928_SKU0056,ORD134928,DS017,SKU0056,2025-08-22 09:28:33,Damaged
SO134930_SKU0040,ORD134930,DS017,SKU0040,2025-08-22 18:14:58,Zero on hand
SO134931_SKU0077,ORD134931,DS017,SKU0077,2025-08-22 21:35:49,Zero on hand
SO134932_SKU0020,ORD134932,DS017,SKU0020,2025-08-22 20:42:05,Expired
SO134944_SKU0055,ORD134944,DS017,SKU0055,2025-08-22 12:44:50,Zero on hand
SO134949_SKU0063,ORD134949,DS017,SKU0063,2025-08-22 15:28:41,Pick fail
SO134962_SKU0056,ORD134962,DS017,SKU0056,2025-08-22 11:08:18,Pick fail
SO134963_SKU0063,ORD134963,DS017,SKU0063,2025-08-22 19:21:18,Pick fail
SO134978_SKU0061,ORD134978,DS017,SKU0061,2025-08-22 15:56:05,Damaged
SO134982_SKU0041,ORD134982,DS017,SKU0041,2025-08-22 17:05:42,Expired
SO134997_SKU0002,ORD134997,DS001,SKU0002,2025-08-23 13:58:27,Expired
SO135010_SKU0069,ORD135010,DS001,SKU0069,2025-08-23 12:26:19,Pick fail
SO135028_SKU0024,ORD135028,DS001,SKU0024,2025-08-23 12:34:48,Pick fail
SO135030_SKU0050,ORD135030,DS001,SKU0050,2025-08-23 18:27:45,Damaged
SO135033_SKU0020,ORD135033,DS001,SKU0020,2025-08-23 20:21:00,Zero on hand
SO135034_SKU0064,ORD135034,DS001,SKU0064,2025-08-23 14:48:55,Zero on hand
SO135039_SKU0053,ORD135039,DS001,SKU0053,2025-08-23 18:40:30,Expired
SO135045_SKU0055,ORD135045,DS001,SKU0055,2025-08-23 18:47:06,Damaged
SO135046_SKU0004,ORD135046,DS001,SKU0004,2025-08-23 13:20:43,Damaged
SO135049_SKU0069,ORD135049,DS001,SKU0069,2025-08-23 19:36:46,Expired
SO135053_SKU0051,ORD135053,DS001,SKU0051,2025-08-23 18:24:10,Damaged
SO135056_SKU0024,ORD135056,DS001,SKU0024,2025-08-23 08:29:36,Expired
SO135063_SKU0041,ORD135063,DS001,SKU0041,2025-08-23 18:28:26,Expired
SO135070_SKU0016,ORD135070,DS001,SKU0016,2025-08-23 18:02:14,Damaged
SO135074_SKU0053,ORD135074,DS001,SKU0053,2025-08-23 17:15:04,Expired
SO135079_SKU0030,ORD135079,DS001,SKU0030,2025-08-23 20:12:09,Damaged
SO135080_SKU0040,ORD135080,DS001,SKU0040,2025-08-23 20:43:45,Pick fail
SO135088_SKU0029,ORD135088,DS001,SKU0029,2025-08-23 12:10:10,Expired
SO135094_SKU0029,ORD135094,DS001,SKU0029,2025-08-23 19:24:02,Zero on hand
SO135107_SKU0069,ORD135107,DS001,SKU0069,2025-08-23 11:40:40,Damaged
SO135111_SKU0067,ORD135111,DS001,SKU0067,2025-08-23 20:57:14,Damaged
SO135125_SKU0068,ORD135125,DS002,SKU0068,2025-08-23 21:53:34,Zero on hand
SO135131_SKU0076,ORD135131,DS002,SKU0076,2025-08-23 17:15:48,Expired
SO135131_SKU0024,ORD135131,DS002,SKU0024,2025-08-23 17:15:48,Expired
SO135131_SKU0004,ORD135131,DS002,SKU0004,2025-08-23 17:15:48,Zero on hand
SO135132_SKU0006,ORD135132,DS002,SKU0006,2025-08-23 16:45:51,Damaged
SO135140_SKU0068,ORD135140,DS002,SKU0068,2025-08-23 21:04:41,Pick fail
SO135147_SKU0069,ORD135147,DS002,SKU0069,2025-08-23 14:17:16,Damaged
SO135154_SKU0061,ORD135154,DS002,SKU0061,2025-08-23 08:45:34,Expired
SO135155_SKU0008,ORD135155,DS002,SKU0008,2025-08-23 20:02:49,Damaged
SO135157_SKU0062,ORD135157,DS002,SKU0062,2025-08-23 21:11:54,Expired
SO135158_SKU0045,ORD135158,DS002,SKU0045,2025-08-23 10:44:06,Zero on hand
SO135159_SKU0074,ORD135159,DS002,SKU0074,2025-08-23 13:26:42,Pick fail
SO135159_SKU0039,ORD135159,DS002,SKU0039,2025-08-23 13:26:42,Damaged
SO135161_SKU0062,ORD135161,DS002,SKU0062,2025-08-23 08:27:31,Expired
SO135162_SKU0076,ORD135162,DS002,SKU0076,2025-08-23 19:46:37,Damaged
SO135164_SKU0061,ORD135164,DS002,SKU0061,2025-08-23 12:28:03,Damaged
SO135167_SKU0035,ORD135167,DS002,SKU0035,2025-08-23 18:41:49,Pick fail
SO135180_SKU0043,ORD135180,DS002,SKU0043,2025-08-23 13:53:40,Damaged
SO135186_SKU0076,ORD135186,DS002,SKU0076,2025-08-23 18:24:57,Damaged
SO135187_SKU0001,ORD135187,DS002,SKU0001,2025-08-23 13:45:13,Pick fail
SO135194_SKU0052,ORD135194,DS002,SKU0052,2025-08-23 19:03:12,Expired
SO135196_SKU0062,ORD135196,DS003,SKU0062,2025-08-23 11:18:07,Damaged
SO135210_SKU0008,ORD135210,DS003,SKU0008,2025-08-23 17:34:38,Pick fail
SO135228_SKU0050,ORD135228,DS003,SKU0050,2025-08-23 09:09:11,Damaged
SO135237_SKU0079,ORD135237,DS003,SKU0079,2025-08-23 19:40:06,Damaged
SO135240_SKU0054,ORD135240,DS003,SKU0054,2025-08-23 09:24:02,Zero on hand
SO135240_SKU0056,ORD135240,DS003,SKU0056,2025-08-23 09:24:02,Damaged
SO135264_SKU0062,ORD135264,DS003,SKU0062,2025-08-23 20:53:49,Pick fail
SO135279_SKU0017,ORD135279,DS004,SKU0017,2025-08-23 12:46:48,Zero on hand
SO135325_SKU0056,ORD135325,DS004,SKU0056,2025-08-23 18:39:10,Damaged
SO135325_SKU0005,ORD135325,DS004,SKU0005,2025-08-23 18:39:10,Expired
SO135340_SKU0041,ORD135340,DS004,SKU0041,2025-08-23 13:15:19,Expired
SO135345_SKU0079,ORD135345,DS004,SKU0079,2025-08-23 15:39:40,Damaged
SO135359_SKU0066,ORD135359,DS004,SKU0066,2025-08-23 10:19:30,Expired
SO135370_SKU0004,ORD135370,DS004,SKU0004,2025-08-23 20:07:25,Pick fail
SO135374_SKU0063,ORD135374,DS005,SKU0063,2025-08-23 13:36:27,Pick fail
SO135380_SKU0012,ORD135380,DS005,SKU0012,2025-08-23 21:38:00,Expired
SO135381_SKU0015,ORD135381,DS005,SKU0015,2025-08-23 23:43:00,Damaged
SO135389_SKU0050,ORD135389,DS005,SKU0050,2025-08-23 13:25:04,Pick fail
SO135404_SKU0015,ORD135404,DS005,SKU0015,2025-08-23 08:59:57,Expired
SO135408_SKU0003,ORD135408,DS005,SKU0003,2025-08-23 10:51:10,Zero on hand
SO135410_SKU0063,ORD135410,DS005,SKU0063,2025-08-23 17:21:29,Zero on hand
SO135411_SKU0069,ORD135411,DS005,SKU0069,2025-08-23 09:10:48,Zero on hand
SO135426_SKU0006,ORD135426,DS005,SKU0006,2025-08-23 08:52:44,Pick fail
SO135427_SKU0021,ORD135427,DS005,SKU0021,2025-08-23 20:12:33,Damaged
SO135435_SKU0069,ORD135435,DS005,SKU0069,2025-08-23 23:10:03,Pick fail
SO135444_SKU0056,ORD135444,DS005,SKU0056,2025-08-23 19:54:22,Expired
SO135475_SKU0072,ORD135475,DS005,SKU0072,2025-08-23 09:22:44,Pick fail
SO135477_SKU0059,ORD135477,DS005,SKU0059,2025-08-23 17:59:52,Damaged
SO135486_SKU0058,ORD135486,DS005,SKU0058,2025-08-23 19:12:14,Zero on hand
SO135488_SKU0063,ORD135488,DS005,SKU0063,2025-08-23 11:09:28,Expired
SO135491_SKU0055,ORD135491,DS005,SKU0055,2025-08-23 16:26:55,Pick fail
SO135494_SKU0045,ORD135494,DS005,SKU0045,2025-08-23 20:44:40,Expired
SO135507_SKU0002,ORD135507,DS006,SKU0002,2025-08-23 20:48:59,Damaged
SO135509_SKU0034,ORD135509,DS006,SKU0034,2025-08-23 19:13:39,Expired
SO135529_SKU0064,ORD135529,DS006,SKU0064,2025-08-23 19:56:17,Damaged
SO135543_SKU0021,ORD135543,DS006,SKU0021,2025-08-23 12:20:02,Expired
SO135552_SKU0047,ORD135552,DS006,SKU0047,2025-08-23 16:14:56,Pick fail
SO135558_SKU0065,ORD135558,DS006,SKU0065,2025-08-23 13:48:37,Pick fail
SO135565_SKU0023,ORD135565,DS006,SKU0023,2025-08-23 20:46:04,Damaged
SO135566_SKU0056,ORD135566,DS006,SKU0056,2025-08-23 18:14:36,Expired
SO135568_SKU0065,ORD135568,DS006,SKU0065,2025-08-23 12:30:18,Zero on hand
SO135572_SKU0057,ORD135572,DS006,SKU0057,2025-08-23 08:30:53,Zero on hand
SO135582_SKU0057,ORD135582,DS006,SKU0057,2025-08-23 18:59:22,Damaged
SO135582_SKU0047,ORD135582,DS006,SKU0047,2025-08-23 18:59:22,Expired
SO135613_SKU0023,ORD135613,DS006,SKU0023,2025-08-23 21:22:48,Zero on hand
SO135614_SKU0017,ORD135614,DS006,SKU0017,2025-08-23 20:11:39,Damaged
SO135637_SKU0059,ORD135637,DS007,SKU0059,2025-08-23 19:50:10,Expired
SO135647_SKU0048,ORD135647,DS007,SKU0048,2025-08-23 12:48:14,Zero on hand
SO135653_SKU0014,ORD135653,DS007,SKU0014,2025-08-23 11:54:06,Damaged
SO135664_SKU0007,ORD135664,DS007,SKU0007,2025-08-23 15:32:48,Damaged
SO135669_SKU0059,ORD135669,DS007,SKU0059,2025-08-23 19:41:45,Zero on hand
SO135678_SKU0031,ORD135678,DS007,SKU0031,2025-08-23 11:17:02,Damaged
SO135679_SKU0048,ORD135679,DS007,SKU0048,2025-08-23 19:54:52,Zero on hand
SO135683_SKU0064,ORD135683,DS007,SKU0064,2025-08-23 17:00:11,Damaged
SO135684_SKU0047,ORD135684,DS007,SKU0047,2025-08-23 17:49:08,Pick fail
SO135692_SKU0059,ORD135692,DS007,SKU0059,2025-08-23 18:13:25,Zero on hand
SO135694_SKU0079,ORD135694,DS007,SKU0079,2025-08-23 13:29:29,Pick fail
SO135694_SKU0076,ORD135694,DS007,SKU0076,2025-08-23 13:29:29,Pick fail
SO135702_SKU0032,ORD135702,DS007,SKU0032,2025-08-23 21:03:39,Expired
SO135736_SKU0025,ORD135736,DS008,SKU0025,2025-08-23 20:25:57,Zero on hand
SO135748_SKU0047,ORD135748,DS008,SKU0047,2025-08-23 14:04:22,Pick fail
SO135758_SKU0029,ORD135758,DS008,SKU0029,2025-08-23 08:02:05,Pick fail
SO135759_SKU0052,ORD135759,DS008,SKU0052,2025-08-23 16:19:46,Damaged
SO135765_SKU0040,ORD135765,DS008,SKU0040,2025-08-23 13:35:29,Pick fail
SO135768_SKU0068,ORD135768,DS008,SKU0068,2025-08-23 14:10:25,Damaged
SO135776_SKU0066,ORD135776,DS008,SKU0066,2025-08-23 18:49:13,Pick fail
SO135792_SKU0033,ORD135792,DS008,SKU0033,2025-08-23 11:30:05,Expired
SO135826_SKU0080,ORD135826,DS009,SKU0080,2025-08-23 18:19:32,Pick fail
SO135827_SKU0008,ORD135827,DS009,SKU0008,2025-08-23 20:25:06,Pick fail
SO135837_SKU0069,ORD135837,DS009,SKU0069,2025-08-23 13:50:17,Pick fail
SO135839_SKU0078,ORD135839,DS009,SKU0078,2025-08-23 11:28:12,Zero on hand
SO135842_SKU0025,ORD135842,DS009,SKU0025,2025-08-23 18:04:35,Zero on hand
SO135855_SKU0012,ORD135855,DS009,SKU0012,2025-08-23 16:18:17,Expired
SO135872_SKU0006,ORD135872,DS009,SKU0006,2025-08-23 19:39:32,Expired
SO135894_SKU0074,ORD135894,DS009,SKU0074,2025-08-23 20:41:21,Zero on hand
SO135909_SKU0033,ORD135909,DS009,SKU0033,2025-08-23 16:36:43,Zero on hand
SO135912_SKU0057,ORD135912,DS009,SKU0057,2025-08-23 18:40:58,Damaged
SO135929_SKU0054,ORD135929,DS009,SKU0054,2025-08-23 19:22:38,Damaged
SO135936_SKU0063,ORD135936,DS010,SKU0063,2025-08-23 15:33:28,Expired
SO135940_SKU0053,ORD135940,DS010,SKU0053,2025-08-23 13:37:45,Expired
SO135954_SKU0003,ORD135954,DS010,SKU0003,2025-08-23 08:22:39,Pick fail
SO135970_SKU0054,ORD135970,DS010,SKU0054,2025-08-23 12:46:25,Pick fail
SO135975_SKU0041,ORD135975,DS010,SKU0041,2025-08-23 22:55:17,Pick fail
SO135978_SKU0015,ORD135978,DS010,SKU0015,2025-08-23 18:26:36,Expired
SO135983_SKU0002,ORD135983,DS010,SKU0002,2025-08-23 10:32:04,Damaged
SO135988_SKU0023,ORD135988,DS010,SKU0023,2025-08-23 17:08:55,Zero on hand
SO135996_SKU0069,ORD135996,DS010,SKU0069,2025-08-23 21:20:23,Expired
SO136009_SKU0053,ORD136009,DS010,SKU0053,2025-08-23 08:37:16,Damaged
SO136035_SKU0048,ORD136035,DS010,SKU0048,2025-08-23 11:57:26,Expired
SO136036_SKU0060,ORD136036,DS010,SKU0060,2025-08-23 22:01:54,Damaged
SO136051_SKU0067,ORD136051,DS010,SKU0067,2025-08-23 12:09:15,Zero on hand
SO136053_SKU0040,ORD136053,DS010,SKU0040,2025-08-23 11:10:21,Pick fail
SO136058_SKU0056,ORD136058,DS010,SKU0056,2025-08-23 14:12:43,Damaged
SO136073_SKU0061,ORD136073,DS010,SKU0061,2025-08-23 19:58:51,Pick fail
SO136074_SKU0030,ORD136074,DS011,SKU0030,2025-08-23 17:35:02,Pick fail
SO136081_SKU0042,ORD136081,DS011,SKU0042,2025-08-23 12:53:03,Damaged
SO136091_SKU0057,ORD136091,DS011,SKU0057,2025-08-23 09:45:43,Pick fail
SO136095_SKU0022,ORD136095,DS011,SKU0022,2025-08-23 17:52:55,Zero on hand
SO136100_SKU0036,ORD136100,DS011,SKU0036,2025-08-23 22:27:42,Zero on hand
SO136119_SKU0042,ORD136119,DS011,SKU0042,2025-08-23 18:25:31,Zero on hand
SO136121_SKU0054,ORD136121,DS011,SKU0054,2025-08-23 12:29:20,Expired
SO136123_SKU0079,ORD136123,DS011,SKU0079,2025-08-23 17:24:23,Pick fail
SO136126_SKU0065,ORD136126,DS011,SKU0065,2025-08-23 11:37:55,Pick fail
SO136133_SKU0019,ORD136133,DS011,SKU0019,2025-08-23 09:42:20,Damaged
SO136134_SKU0069,ORD136134,DS011,SKU0069,2025-08-23 21:15:28,Zero on hand
SO136147_SKU0056,ORD136147,DS011,SKU0056,2025-08-23 19:12:47,Damaged
SO136147_SKU0042,ORD136147,DS011,SKU0042,2025-08-23 19:12:47,Expired
SO136156_SKU0058,ORD136156,DS012,SKU0058,2025-08-23 19:02:51,Pick fail
SO136159_SKU0010,ORD136159,DS012,SKU0010,2025-08-23 19:09:57,Pick fail
SO136183_SKU0070,ORD136183,DS012,SKU0070,2025-08-23 21:12:13,Zero on hand
SO136183_SKU0049,ORD136183,DS012,SKU0049,2025-08-23 21:12:13,Expired
SO136197_SKU0080,ORD136197,DS012,SKU0080,2025-08-23 18:09:45,Zero on hand
SO136210_SKU0030,ORD136210,DS012,SKU0030,2025-08-23 09:40:29,Expired
SO136215_SKU0074,ORD136215,DS012,SKU0074,2025-08-23 18:16:22,Pick fail
SO136217_SKU0060,ORD136217,DS012,SKU0060,2025-08-23 16:34:17,Pick fail
SO136222_SKU0044,ORD136222,DS012,SKU0044,2025-08-23 12:12:32,Pick fail
SO136226_SKU0012,ORD136226,DS012,SKU0012,2025-08-23 22:00:49,Pick fail
SO136229_SKU0003,ORD136229,DS012,SKU0003,2025-08-23 19:03:43,Zero on hand
SO136230_SKU0023,ORD136230,DS012,SKU0023,2025-08-23 12:22:58,Pick fail
SO136238_SKU0061,ORD136238,DS012,SKU0061,2025-08-23 15:48:52,Zero on hand
SO136239_SKU0002,ORD136239,DS012,SKU0002,2025-08-23 10:18:56,Pick fail
SO136247_SKU0067,ORD136247,DS012,SKU0067,2025-08-23 10:32:41,Pick fail
SO136255_SKU0057,ORD136255,DS012,SKU0057,2025-08-23 20:00:07,Zero on hand
SO136256_SKU0015,ORD136256,DS012,SKU0015,2025-08-23 17:19:25,Damaged
SO136259_SKU0005,ORD136259,DS012,SKU0005,2025-08-23 19:07:28,Pick fail
SO136262_SKU0042,ORD136262,DS013,SKU0042,2025-08-23 17:16:52,Damaged
SO136263_SKU0047,ORD136263,DS013,SKU0047,2025-08-23 12:07:54,Damaged
SO136268_SKU0053,ORD136268,DS013,SKU0053,2025-08-23 14:16:22,Expired
SO136292_SKU0013,ORD136292,DS013,SKU0013,2025-08-23 09:20:34,Expired
SO136297_SKU0046,ORD136297,DS013,SKU0046,2025-08-23 21:41:03,Damaged
SO136302_SKU0018,ORD136302,DS013,SKU0018,2025-08-23 11:21:03,Pick fail
SO136308_SKU0066,ORD136308,DS013,SKU0066,2025-08-23 13:11:25,Zero on hand
SO136318_SKU0054,ORD136318,DS013,SKU0054,2025-08-23 16:50:54,Pick fail
SO136319_SKU0079,ORD136319,DS013,SKU0079,2025-08-23 12:45:57,Expired
SO136323_SKU0002,ORD136323,DS013,SKU0002,2025-08-23 19:38:32,Expired
SO136334_SKU0048,ORD136334,DS013,SKU0048,2025-08-23 13:45:22,Expired
SO136337_SKU0014,ORD136337,DS013,SKU0014,2025-08-23 16:35:24,Pick fail
SO136339_SKU0007,ORD136339,DS013,SKU0007,2025-08-23 15:18:31,Pick fail
SO136352_SKU0045,ORD136352,DS014,SKU0045,2025-08-23 19:51:31,Zero on hand
SO136361_SKU0039,ORD136361,DS014,SKU0039,2025-08-23 13:29:57,Zero on hand
SO136362_SKU0052,ORD136362,DS014,SKU0052,2025-08-23 18:40:08,Damaged
SO136371_SKU0062,ORD136371,DS014,SKU0062,2025-08-23 17:19:29,Zero on hand
SO136372_SKU0015,ORD136372,DS014,SKU0015,2025-08-23 10:21:46,Expired
SO136373_SKU0004,ORD136373,DS014,SKU0004,2025-08-23 18:47:09,Damaged
SO136374_SKU0044,ORD136374,DS014,SKU0044,2025-08-23 11:38:45,Pick fail
SO136380_SKU0075,ORD136380,DS014,SKU0075,2025-08-23 20:10:51,Damaged
SO136386_SKU0006,ORD136386,DS014,SKU0006,2025-08-23 16:42:56,Pick fail
SO136395_SKU0042,ORD136395,DS014,SKU0042,2025-08-23 18:51:05,Pick fail
SO136403_SKU0045,ORD136403,DS014,SKU0045,2025-08-23 11:08:54,Zero on hand
SO136404_SKU0080,ORD136404,DS014,SKU0080,2025-08-23 13:12:28,Pick fail
SO136408_SKU0038,ORD136408,DS014,SKU0038,2025-08-23 10:06:12,Damaged
SO136416_SKU0070,ORD136416,DS014,SKU0070,2025-08-23 10:36:24,Damaged
SO136416_SKU0064,ORD136416,DS014,SKU0064,2025-08-23 10:36:24,Damaged
SO136418_SKU0068,ORD136418,DS014,SKU0068,2025-08-23 16:48:29,Pick fail
SO136421_SKU0057,ORD136421,DS014,SKU0057,2025-08-23 18:15:11,Pick fail
SO136425_SKU0058,ORD136425,DS014,SKU0058,2025-08-23 12:35:58,Pick fail
SO136436_SKU0035,ORD136436,DS014,SKU0035,2025-08-23 17:00:39,Damaged
SO136436_SKU0018,ORD136436,DS014,SKU0018,2025-08-23 17:00:39,Expired
SO136438_SKU0066,ORD136438,DS014,SKU0066,2025-08-23 11:15:29,Zero on hand
SO136442_SKU0063,ORD136442,DS014,SKU0063,2025-08-23 10:30:39,Zero on hand
SO136449_SKU0052,ORD136449,DS014,SKU0052,2025-08-23 19:18:07,Damaged
SO136450_SKU0038,ORD136450,DS014,SKU0038,2025-08-23 18:48:15,Pick fail
SO136455_SKU0027,ORD136455,DS014,SKU0027,2025-08-23 10:27:26,Zero on hand
SO136457_SKU0001,ORD136457,DS014,SKU0001,2025-08-23 20:32:01,Expired
SO136467_SKU0022,ORD136467,DS014,SKU0022,2025-08-23 18:19:48,Pick fail
SO136472_SKU0034,ORD136472,DS015,SKU0034,2025-08-23 19:16:36,Damaged
SO136478_SKU0065,ORD136478,DS015,SKU0065,2025-08-23 09:56:15,Damaged
SO136480_SKU0064,ORD136480,DS015,SKU0064,2025-08-23 19:24:29,Damaged
SO136483_SKU0062,ORD136483,DS015,SKU0062,2025-08-23 13:05:11,Expired
SO136490_SKU0006,ORD136490,DS015,SKU0006,2025-08-23 20:45:00,Expired
SO136492_SKU0068,ORD136492,DS015,SKU0068,2025-08-23 12:24:45,Expired
SO136494_SKU0011,ORD136494,DS015,SKU0011,2025-08-23 13:32:25,Pick fail
SO136510_SKU0018,ORD136510,DS015,SKU0018,2025-08-23 17:09:22,Zero on hand
SO136515_SKU0047,ORD136515,DS015,SKU0047,2025-08-23 17:17:39,Pick fail
SO136538_SKU0075,ORD136538,DS015,SKU0075,2025-08-23 18:57:00,Pick fail
SO136552_SKU0059,ORD136552,DS016,SKU0059,2025-08-23 11:58:14,Pick fail
SO136555_SKU0011,ORD136555,DS016,SKU0011,2025-08-23 20:23:01,Damaged
SO136559_SKU0016,ORD136559,DS016,SKU0016,2025-08-23 20:23:25,Damaged
SO136563_SKU0062,ORD136563,DS016,SKU0062,2025-08-23 09:17:32,Zero on hand
SO136574_SKU0006,ORD136574,DS016,SKU0006,2025-08-23 18:24:25,Pick fail
SO136590_SKU0029,ORD136590,DS016,SKU0029,2025-08-23 18:29:15,Expired
SO136595_SKU0066,ORD136595,DS016,SKU0066,2025-08-23 19:36:10,Damaged
SO136597_SKU0067,ORD136597,DS016,SKU0067,2025-08-23 18:44:28,Zero on hand
SO136622_SKU0058,ORD136622,DS016,SKU0058,2025-08-23 21:23:45,Expired
SO136626_SKU0057,ORD136626,DS016,SKU0057,2025-08-23 11:00:25,Damaged
SO136626_SKU0051,ORD136626,DS016,SKU0051,2025-08-23 11:00:25,Pick fail
SO136629_SKU0056,ORD136629,DS016,SKU0056,2025-08-23 13:28:47,Damaged
SO136632_SKU0047,ORD136632,DS016,SKU0047,2025-08-23 15:27:51,Expired
SO136639_SKU0055,ORD136639,DS016,SKU0055,2025-08-23 14:07:46,Pick fail
SO136661_SKU0002,ORD136661,DS016,SKU0002,2025-08-23 14:26:57,Damaged
SO136664_SKU0008,ORD136664,DS016,SKU0008,2025-08-23 18:37:41,Damaged
SO136679_SKU0015,ORD136679,DS016,SKU0015,2025-08-23 16:58:37,Zero on hand
SO136681_SKU0030,ORD136681,DS016,SKU0030,2025-08-23 16:13:59,Expired
SO136699_SKU0066,ORD136699,DS017,SKU0066,2025-08-23 16:41:52,Zero on hand
SO136707_SKU0051,ORD136707,DS017,SKU0051,2025-08-23 15:57:00,Zero on hand
SO136713_SKU0024,ORD136713,DS017,SKU0024,2025-08-23 20:03:15,Damaged
SO136724_SKU0055,ORD136724,DS017,SKU0055,2025-08-23 14:10:45,Pick fail
SO136730_SKU0032,ORD136730,DS017,SKU0032,2025-08-23 18:49:44,Zero on hand
SO136761_SKU0050,ORD136761,DS017,SKU0050,2025-08-23 18:51:39,Expired
SO136776_SKU0030,ORD136776,DS017,SKU0030,2025-08-23 09:29:07,Expired
SO136777_SKU0057,ORD136777,DS017,SKU0057,2025-08-23 11:50:55,Pick fail
SO136803_SKU0011,ORD136803,DS017,SKU0011,2025-08-23 19:13:36,Zero on hand
SO136807_SKU0030,ORD136807,DS017,SKU0030,2025-08-23 23:13:26,Expired
SO136811_SKU0039,ORD136811,DS017,SKU0039,2025-08-23 17:09:35,Zero on hand
SO136851_SKU0001,ORD136851,DS001,SKU0001,2025-08-24 20:30:25,Pick fail
SO136854_SKU0004,ORD136854,DS001,SKU0004,2025-08-24 18:48:32,Expired
SO136856_SKU0044,ORD136856,DS001,SKU0044,2025-08-24 21:30:36,Expired
SO136863_SKU0041,ORD136863,DS001,SKU0041,2025-08-24 18:53:37,Damaged
SO136873_SKU0045,ORD136873,DS001,SKU0045,2025-08-24 10:29:05,Pick fail
SO136884_SKU0066,ORD136884,DS001,SKU0066,2025-08-24 20:29:24,Damaged
SO136886_SKU0056,ORD136886,DS001,SKU0056,2025-08-24 17:16:04,Pick fail
SO136889_SKU0049,ORD136889,DS001,SKU0049,2025-08-24 22:00:17,Expired
SO136901_SKU0054,ORD136901,DS001,SKU0054,2025-08-24 15:46:31,Pick fail
SO136913_SKU0042,ORD136913,DS001,SKU0042,2025-08-24 20:14:58,Pick fail
SO136921_SKU0031,ORD136921,DS001,SKU0031,2025-08-24 12:55:51,Zero on hand
SO136922_SKU0057,ORD136922,DS001,SKU0057,2025-08-24 18:30:44,Damaged
SO136924_SKU0048,ORD136924,DS001,SKU0048,2025-08-24 20:54:17,Pick fail
SO136928_SKU0004,ORD136928,DS001,SKU0004,2025-08-24 11:07:05,Expired
SO136933_SKU0064,ORD136933,DS001,SKU0064,2025-08-24 18:39:28,Zero on hand
SO136939_SKU0042,ORD136939,DS002,SKU0042,2025-08-24 15:13:18,Expired
SO136948_SKU0015,ORD136948,DS002,SKU0015,2025-08-24 11:32:05,Expired
SO136957_SKU0028,ORD136957,DS002,SKU0028,2025-08-24 20:25:50,Expired
SO136957_SKU0036,ORD136957,DS002,SKU0036,2025-08-24 20:25:50,Damaged
SO136963_SKU0012,ORD136963,DS002,SKU0012,2025-08-24 16:52:12,Pick fail
SO136968_SKU0050,ORD136968,DS002,SKU0050,2025-08-24 18:51:26,Expired
SO136973_SKU0055,ORD136973,DS002,SKU0055,2025-08-24 09:41:06,Expired
SO136977_SKU0003,ORD136977,DS002,SKU0003,2025-08-24 20:39:48,Zero on hand
SO136984_SKU0062,ORD136984,DS002,SKU0062,2025-08-24 15:58:00,Expired
SO136987_SKU0054,ORD136987,DS002,SKU0054,2025-08-24 09:43:04,Zero on hand
SO136988_SKU0059,ORD136988,DS002,SKU0059,2025-08-24 14:54:28,Zero on hand
SO137005_SKU0047,ORD137005,DS002,SKU0047,2025-08-24 13:58:11,Zero on hand
SO137017_SKU0005,ORD137017,DS003,SKU0005,2025-08-24 12:30:59,Expired
SO137037_SKU0025,ORD137037,DS003,SKU0025,2025-08-24 09:20:33,Zero on hand
SO137049_SKU0003,ORD137049,DS003,SKU0003,2025-08-24 20:45:04,Pick fail
SO137052_SKU0071,ORD137052,DS003,SKU0071,2025-08-24 19:40:29,Pick fail
SO137067_SKU0051,ORD137067,DS003,SKU0051,2025-08-24 11:02:40,Expired
SO137072_SKU0009,ORD137072,DS003,SKU0009,2025-08-24 20:11:51,Damaged
SO137074_SKU0060,ORD137074,DS004,SKU0060,2025-08-24 21:42:12,Expired
SO137087_SKU0065,ORD137087,DS004,SKU0065,2025-08-24 17:40:16,Zero on hand
SO137088_SKU0022,ORD137088,DS004,SKU0022,2025-08-24 20:10:26,Pick fail
SO137089_SKU0009,ORD137089,DS004,SKU0009,2025-08-24 08:29:39,Pick fail
SO137090_SKU0038,ORD137090,DS004,SKU0038,2025-08-24 18:55:08,Pick fail
SO137112_SKU0024,ORD137112,DS004,SKU0024,2025-08-24 16:53:46,Damaged
SO137134_SKU0020,ORD137134,DS004,SKU0020,2025-08-24 15:42:01,Pick fail
SO137136_SKU0054,ORD137136,DS004,SKU0054,2025-08-24 20:20:00,Expired
SO137144_SKU0036,ORD137144,DS004,SKU0036,2025-08-24 18:52:45,Damaged
SO137149_SKU0051,ORD137149,DS005,SKU0051,2025-08-24 15:34:16,Expired
SO137151_SKU0012,ORD137151,DS005,SKU0012,2025-08-24 20:11:50,Zero on hand
SO137152_SKU0038,ORD137152,DS005,SKU0038,2025-08-24 11:26:25,Expired
SO137163_SKU0033,ORD137163,DS005,SKU0033,2025-08-24 13:43:13,Expired
SO137167_SKU0017,ORD137167,DS005,SKU0017,2025-08-24 20:24:22,Expired
SO137170_SKU0027,ORD137170,DS005,SKU0027,2025-08-24 17:18:22,Pick fail
SO137176_SKU0052,ORD137176,DS005,SKU0052,2025-08-24 15:40:07,Zero on hand
SO137176_SKU0005,ORD137176,DS005,SKU0005,2025-08-24 15:40:07,Damaged
SO137185_SKU0024,ORD137185,DS005,SKU0024,2025-08-24 08:49:23,Zero on hand
SO137186_SKU0057,ORD137186,DS005,SKU0057,2025-08-24 14:36:46,Pick fail
SO137196_SKU0052,ORD137196,DS005,SKU0052,2025-08-24 13:28:24,Expired
SO137206_SKU0059,ORD137206,DS005,SKU0059,2025-08-24 21:37:04,Damaged
SO137208_SKU0070,ORD137208,DS005,SKU0070,2025-08-24 19:34:34,Pick fail
SO137210_SKU0078,ORD137210,DS005,SKU0078,2025-08-24 16:11:08,Zero on hand
SO137212_SKU0059,ORD137212,DS005,SKU0059,2025-08-24 13:54:11,Damaged
SO137213_SKU0017,ORD137213,DS005,SKU0017,2025-08-24 15:46:13,Pick fail
SO137213_SKU0014,ORD137213,DS005,SKU0014,2025-08-24 15:46:13,Zero on hand
SO137219_SKU0048,ORD137219,DS005,SKU0048,2025-08-24 19:58:38,Zero on hand
SO137220_SKU0001,ORD137220,DS005,SKU0001,2025-08-24 12:15:08,Pick fail
SO137243_SKU0073,ORD137243,DS006,SKU0073,2025-08-24 20:38:43,Expired
SO137250_SKU0034,ORD137250,DS006,SKU0034,2025-08-24 14:19:36,Damaged
SO137257_SKU0027,ORD137257,DS006,SKU0027,2025-08-24 19:51:34,Zero on hand
SO137270_SKU0025,ORD137270,DS006,SKU0025,2025-08-24 14:23:46,Pick fail
SO137289_SKU0046,ORD137289,DS006,SKU0046,2025-08-24 11:55:43,Pick fail
SO137291_SKU0006,ORD137291,DS006,SKU0006,2025-08-24 13:44:04,Pick fail
SO137292_SKU0026,ORD137292,DS006,SKU0026,2025-08-24 14:49:04,Expired
SO137293_SKU0001,ORD137293,DS006,SKU0001,2025-08-24 15:39:51,Pick fail
SO137307_SKU0012,ORD137307,DS006,SKU0012,2025-08-24 15:04:09,Pick fail
SO137325_SKU0046,ORD137325,DS006,SKU0046,2025-08-24 09:26:01,Pick fail
SO137326_SKU0005,ORD137326,DS006,SKU0005,2025-08-24 21:33:58,Pick fail
SO137344_SKU0060,ORD137344,DS007,SKU0060,2025-08-24 23:00:05,Zero on hand
SO137345_SKU0061,ORD137345,DS007,SKU0061,2025-08-24 22:55:00,Zero on hand
SO137355_SKU0014,ORD137355,DS007,SKU0014,2025-08-24 20:08:17,Zero on hand
SO137360_SKU0055,ORD137360,DS007,SKU0055,2025-08-24 23:14:23,Zero on hand
SO137369_SKU0044,ORD137369,DS007,SKU0044,2025-08-24 11:48:29,Pick fail
SO137385_SKU0048,ORD137385,DS007,SKU0048,2025-08-24 18:38:28,Expired
SO137386_SKU0046,ORD137386,DS007,SKU0046,2025-08-24 18:22:49,Damaged
SO137388_SKU0058,ORD137388,DS007,SKU0058,2025-08-24 08:11:16,Damaged
SO137394_SKU0069,ORD137394,DS007,SKU0069,2025-08-24 17:44:43,Damaged
SO137395_SKU0062,ORD137395,DS007,SKU0062,2025-08-24 20:02:13,Damaged
SO137399_SKU0048,ORD137399,DS007,SKU0048,2025-08-24 20:09:10,Expired
SO137406_SKU0003,ORD137406,DS007,SKU0003,2025-08-24 17:31:07,Zero on hand
SO137416_SKU0008,ORD137416,DS008,SKU0008,2025-08-24 18:34:04,Damaged
SO137417_SKU0048,ORD137417,DS008,SKU0048,2025-08-24 11:45:23,Pick fail
SO137421_SKU0002,ORD137421,DS008,SKU0002,2025-08-24 11:15:36,Expired
SO137463_SKU0038,ORD137463,DS008,SKU0038,2025-08-24 18:57:11,Expired
SO137473_SKU0007,ORD137473,DS008,SKU0007,2025-08-24 18:39:59,Zero on hand
SO137475_SKU0058,ORD137475,DS008,SKU0058,2025-08-24 12:41:24,Pick fail
SO137479_SKU0010,ORD137479,DS008,SKU0010,2025-08-24 10:41:18,Damaged
SO137486_SKU0071,ORD137486,DS008,SKU0071,2025-08-24 19:47:04,Expired
SO137490_SKU0013,ORD137490,DS008,SKU0013,2025-08-24 08:00:29,Expired
SO137517_SKU0030,ORD137517,DS009,SKU0030,2025-08-24 19:27:58,Zero on hand
SO137518_SKU0003,ORD137518,DS009,SKU0003,2025-08-24 17:05:26,Pick fail
SO137530_SKU0044,ORD137530,DS009,SKU0044,2025-08-24 19:34:52,Zero on hand
SO137535_SKU0042,ORD137535,DS009,SKU0042,2025-08-24 18:03:55,Zero on hand
SO137536_SKU0049,ORD137536,DS009,SKU0049,2025-08-24 12:44:29,Expired
SO137550_SKU0052,ORD137550,DS009,SKU0052,2025-08-24 18:52:20,Pick fail
SO137556_SKU0040,ORD137556,DS009,SKU0040,2025-08-24 19:51:41,Expired
SO137559_SKU0019,ORD137559,DS009,SKU0019,2025-08-24 20:56:23,Zero on hand
SO137571_SKU0060,ORD137571,DS009,SKU0060,2025-08-24 20:49:06,Expired
SO137574_SKU0015,ORD137574,DS009,SKU0015,2025-08-24 15:27:03,Damaged
SO137575_SKU0040,ORD137575,DS009,SKU0040,2025-08-24 11:13:35,Expired
SO137576_SKU0002,ORD137576,DS009,SKU0002,2025-08-24 12:11:45,Damaged
SO137586_SKU0076,ORD137586,DS010,SKU0076,2025-08-24 09:45:41,Pick fail
SO137593_SKU0015,ORD137593,DS010,SKU0015,2025-08-24 14:38:03,Expired
SO137594_SKU0073,ORD137594,DS010,SKU0073,2025-08-24 20:56:26,Expired
SO137596_SKU0033,ORD137596,DS010,SKU0033,2025-08-24 09:52:32,Pick fail
SO137602_SKU0001,ORD137602,DS010,SKU0001,2025-08-24 18:13:08,Damaged
SO137605_SKU0001,ORD137605,DS010,SKU0001,2025-08-24 10:29:46,Pick fail
SO137606_SKU0007,ORD137606,DS010,SKU0007,2025-08-24 23:21:43,Pick fail
SO137607_SKU0064,ORD137607,DS010,SKU0064,2025-08-24 17:35:34,Expired
SO137626_SKU0064,ORD137626,DS010,SKU0064,2025-08-24 11:15:45,Pick fail
SO137632_SKU0001,ORD137632,DS010,SKU0001,2025-08-24 09:08:34,Zero on hand
SO137642_SKU0003,ORD137642,DS010,SKU0003,2025-08-24 18:39:45,Pick fail
SO137647_SKU0065,ORD137647,DS010,SKU0065,2025-08-24 19:46:35,Pick fail
SO137651_SKU0030,ORD137651,DS010,SKU0030,2025-08-24 20:24:24,Pick fail
SO137652_SKU0059,ORD137652,DS010,SKU0059,2025-08-24 15:50:00,Damaged
SO137656_SKU0061,ORD137656,DS010,SKU0061,2025-08-24 20:25:02,Zero on hand
SO137658_SKU0005,ORD137658,DS010,SKU0005,2025-08-24 18:02:38,Expired
SO137670_SKU0024,ORD137670,DS010,SKU0024,2025-08-24 20:33:15,Expired
SO137691_SKU0019,ORD137691,DS010,SKU0019,2025-08-24 16:52:42,Pick fail
SO137697_SKU0025,ORD137697,DS011,SKU0025,2025-08-24 14:29:21,Damaged
SO137708_SKU0008,ORD137708,DS011,SKU0008,2025-08-24 21:31:24,Expired
SO137711_SKU0040,ORD137711,DS011,SKU0040,2025-08-24 19:06:49,Zero on hand
SO137713_SKU0060,ORD137713,DS011,SKU0060,2025-08-24 18:05:08,Zero on hand
SO137715_SKU0028,ORD137715,DS011,SKU0028,2025-08-24 15:02:24,Expired
SO137721_SKU0009,ORD137721,DS011,SKU0009,2025-08-24 12:40:28,Damaged
SO137723_SKU0048,ORD137723,DS011,SKU0048,2025-08-24 18:20:28,Expired
SO137726_SKU0066,ORD137726,DS011,SKU0066,2025-08-24 16:10:44,Expired
SO137737_SKU0008,ORD137737,DS011,SKU0008,2025-08-24 16:59:12,Damaged
SO137737_SKU0069,ORD137737,DS011,SKU0069,2025-08-24 16:59:12,Expired
SO137742_SKU0052,ORD137742,DS011,SKU0052,2025-08-24 15:57:36,Zero on hand
SO137751_SKU0061,ORD137751,DS011,SKU0061,2025-08-24 20:50:13,Damaged
SO137756_SKU0028,ORD137756,DS011,SKU0028,2025-08-24 22:11:30,Zero on hand
SO137772_SKU0051,ORD137772,DS012,SKU0051,2025-08-24 10:58:49,Pick fail
SO137773_SKU0070,ORD137773,DS012,SKU0070,2025-08-24 08:42:28,Expired
SO137784_SKU0069,ORD137784,DS012,SKU0069,2025-08-24 20:04:04,Damaged
SO137786_SKU0008,ORD137786,DS012,SKU0008,2025-08-24 13:11:34,Pick fail
SO137792_SKU0064,ORD137792,DS012,SKU0064,2025-08-24 10:37:41,Pick fail
SO137796_SKU0057,ORD137796,DS012,SKU0057,2025-08-24 11:44:20,Zero on hand
SO137808_SKU0047,ORD137808,DS012,SKU0047,2025-08-24 13:34:31,Expired
SO137827_SKU0059,ORD137827,DS012,SKU0059,2025-08-24 19:51:28,Expired
SO137831_SKU0035,ORD137831,DS012,SKU0035,2025-08-24 18:23:44,Expired
SO137836_SKU0067,ORD137836,DS012,SKU0067,2025-08-24 21:13:56,Expired
SO137846_SKU0068,ORD137846,DS013,SKU0068,2025-08-24 15:08:07,Zero on hand
SO137855_SKU0051,ORD137855,DS013,SKU0051,2025-08-24 13:17:05,Zero on hand
SO137855_SKU0065,ORD137855,DS013,SKU0065,2025-08-24 13:17:05,Damaged
SO137870_SKU0058,ORD137870,DS013,SKU0058,2025-08-24 13:07:15,Expired
SO137873_SKU0004,ORD137873,DS013,SKU0004,2025-08-24 19:09:49,Expired
SO137878_SKU0052,ORD137878,DS013,SKU0052,2025-08-24 21:34:11,Expired
SO137889_SKU0066,ORD137889,DS013,SKU0066,2025-08-24 10:13:53,Expired
SO137902_SKU0057,ORD137902,DS013,SKU0057,2025-08-24 23:15:04,Zero on hand
SO137939_SKU0063,ORD137939,DS014,SKU0063,2025-08-24 15:05:10,Pick fail
SO137943_SKU0023,ORD137943,DS014,SKU0023,2025-08-24 18:35:43,Expired
SO137944_SKU0069,ORD137944,DS014,SKU0069,2025-08-24 20:56:08,Pick fail
SO137953_SKU0055,ORD137953,DS014,SKU0055,2025-08-24 20:46:09,Pick fail
SO137954_SKU0005,ORD137954,DS014,SKU0005,2025-08-24 08:28:59,Damaged
SO137970_SKU0054,ORD137970,DS014,SKU0054,2025-08-24 12:17:49,Zero on hand
SO137976_SKU0069,ORD137976,DS014,SKU0069,2025-08-24 20:07:24,Expired
SO137979_SKU0062,ORD137979,DS014,SKU0062,2025-08-24 08:07:23,Zero on hand
SO137982_SKU0070,ORD137982,DS014,SKU0070,2025-08-24 09:47:27,Expired
SO137996_SKU0027,ORD137996,DS014,SKU0027,2025-08-24 17:02:59,Pick fail
SO137996_SKU0050,ORD137996,DS014,SKU0050,2025-08-24 17:02:59,Pick fail
SO138006_SKU0048,ORD138006,DS014,SKU0048,2025-08-24 20:46:01,Expired
SO138007_SKU0067,ORD138007,DS014,SKU0067,2025-08-24 18:51:28,Zero on hand
SO138007_SKU0046,ORD138007,DS014,SKU0046,2025-08-24 18:51:28,Damaged
SO138009_SKU0057,ORD138009,DS014,SKU0057,2025-08-24 16:56:28,Damaged
SO138011_SKU0005,ORD138011,DS014,SKU0005,2025-08-24 18:19:52,Pick fail
SO138013_SKU0079,ORD138013,DS014,SKU0079,2025-08-24 14:19:01,Zero on hand
SO138026_SKU0048,ORD138026,DS015,SKU0048,2025-08-24 19:09:37,Expired
SO138026_SKU0053,ORD138026,DS015,SKU0053,2025-08-24 19:09:37,Damaged
SO138029_SKU0059,ORD138029,DS015,SKU0059,2025-08-24 18:41:31,Zero on hand
SO138041_SKU0058,ORD138041,DS015,SKU0058,2025-08-24 16:00:18,Damaged
SO138067_SKU0055,ORD138067,DS015,SKU0055,2025-08-24 13:11:02,Expired
SO138076_SKU0041,ORD138076,DS016,SKU0041,2025-08-24 08:09:29,Expired
SO138079_SKU0074,ORD138079,DS016,SKU0074,2025-08-24 18:21:22,Zero on hand
SO138091_SKU0023,ORD138091,DS016,SKU0023,2025-08-24 18:53:18,Expired
SO138091_SKU0062,ORD138091,DS016,SKU0062,2025-08-24 18:53:18,Zero on hand
SO138091_SKU0048,ORD138091,DS016,SKU0048,2025-08-24 18:53:18,Zero on hand
SO138105_SKU0053,ORD138105,DS016,SKU0053,2025-08-24 08:03:11,Damaged
SO138115_SKU0032,ORD138115,DS016,SKU0032,2025-08-24 11:52:28,Pick fail
SO138120_SKU0073,ORD138120,DS016,SKU0073,2025-08-24 10:54:41,Pick fail
SO138121_SKU0042,ORD138121,DS016,SKU0042,2025-08-24 13:33:14,Damaged
SO138124_SKU0069,ORD138124,DS016,SKU0069,2025-08-24 20:13:17,Pick fail
SO138127_SKU0002,ORD138127,DS016,SKU0002,2025-08-24 19:17:00,Zero on hand
SO138129_SKU0068,ORD138129,DS016,SKU0068,2025-08-24 09:03:34,Zero on hand
SO138135_SKU0005,ORD138135,DS016,SKU0005,2025-08-24 12:58:03,Damaged
SO138152_SKU0002,ORD138152,DS016,SKU0002,2025-08-24 16:38:21,Damaged
SO138159_SKU0051,ORD138159,DS016,SKU0051,2025-08-24 18:04:42,Expired
SO138180_SKU0054,ORD138180,DS016,SKU0054,2025-08-24 19:37:46,Damaged
SO138181_SKU0009,ORD138181,DS016,SKU0009,2025-08-24 18:33:21,Pick fail
SO138182_SKU0077,ORD138182,DS016,SKU0077,2025-08-24 19:44:19,Damaged
SO138191_SKU0015,ORD138191,DS016,SKU0015,2025-08-24 17:10:03,Pick fail
SO138218_SKU0042,ORD138218,DS017,SKU0042,2025-08-24 16:23:44,Expired
SO138225_SKU0008,ORD138225,DS017,SKU0008,2025-08-24 09:43:15,Pick fail
SO138227_SKU0049,ORD138227,DS017,SKU0049,2025-08-24 14:15:13,Damaged
SO138232_SKU0068,ORD138232,DS017,SKU0068,2025-08-24 20:25:27,Zero on hand
SO138237_SKU0008,ORD138237,DS017,SKU0008,2025-08-24 13:29:36,Damaged
SO138246_SKU0063,ORD138246,DS017,SKU0063,2025-08-24 17:20:08,Damaged
SO138254_SKU0023,ORD138254,DS017,SKU0023,2025-08-24 16:41:26,Pick fail
SO138257_SKU0017,ORD138257,DS017,SKU0017,2025-08-24 10:12:02,Damaged
SO138260_SKU0059,ORD138260,DS017,SKU0059,2025-08-24 17:40:01,Expired
SO138265_SKU0030,ORD138265,DS017,SKU0030,2025-08-24 16:59:01,Pick fail
SO138266_SKU0008,ORD138266,DS017,SKU0008,2025-08-24 18:19:32,Zero on hand
SO138274_SKU0069,ORD138274,DS017,SKU0069,2025-08-24 18:14:50,Damaged
SO138276_SKU0040,ORD138276,DS017,SKU0040,2025-08-24 14:23:52,Expired
SO138280_SKU0068,ORD138280,DS017,SKU0068,2025-08-24 14:18:16,Damaged
SO138291_SKU0002,ORD138291,DS001,SKU0002,2025-08-25 13:04:44,Damaged
SO138304_SKU0015,ORD138304,DS001,SKU0015,2025-08-25 19:53:57,Expired
SO138314_SKU0043,ORD138314,DS001,SKU0043,2025-08-25 18:38:01,Expired
SO138345_SKU0073,ORD138345,DS001,SKU0073,2025-08-25 14:09:57,Damaged
SO138355_SKU0003,ORD138355,DS001,SKU0003,2025-08-25 18:14:19,Zero on hand
SO138362_SKU0008,ORD138362,DS001,SKU0008,2025-08-25 11:43:09,Pick fail
SO138368_SKU0044,ORD138368,DS001,SKU0044,2025-08-25 23:11:05,Zero on hand
SO138380_SKU0024,ORD138380,DS001,SKU0024,2025-08-25 19:20:54,Pick fail
SO138383_SKU0042,ORD138383,DS002,SKU0042,2025-08-25 14:20:30,Zero on hand
SO138391_SKU0024,ORD138391,DS002,SKU0024,2025-08-25 13:46:25,Zero on hand
SO138394_SKU0037,ORD138394,DS002,SKU0037,2025-08-25 18:41:56,Zero on hand
SO138405_SKU0073,ORD138405,DS002,SKU0073,2025-08-25 13:11:55,Damaged
SO138411_SKU0026,ORD138411,DS002,SKU0026,2025-08-25 22:15:49,Zero on hand
SO138417_SKU0066,ORD138417,DS002,SKU0066,2025-08-25 19:13:38,Expired
SO138425_SKU0005,ORD138425,DS002,SKU0005,2025-08-25 11:06:07,Pick fail
SO138426_SKU0045,ORD138426,DS002,SKU0045,2025-08-25 13:23:39,Pick fail
SO138431_SKU0032,ORD138431,DS002,SKU0032,2025-08-25 22:48:04,Zero on hand
SO138433_SKU0028,ORD138433,DS002,SKU0028,2025-08-25 22:02:45,Pick fail
SO138434_SKU0055,ORD138434,DS002,SKU0055,2025-08-25 13:33:56,Pick fail
SO138435_SKU0035,ORD138435,DS002,SKU0035,2025-08-25 19:45:58,Expired
SO138440_SKU0063,ORD138440,DS002,SKU0063,2025-08-25 19:03:54,Expired
SO138442_SKU0008,ORD138442,DS002,SKU0008,2025-08-25 18:54:00,Zero on hand
SO138444_SKU0057,ORD138444,DS002,SKU0057,2025-08-25 10:59:31,Zero on hand
SO138444_SKU0006,ORD138444,DS002,SKU0006,2025-08-25 10:59:31,Damaged
SO138449_SKU0003,ORD138449,DS002,SKU0003,2025-08-25 09:05:13,Zero on hand
SO138457_SKU0073,ORD138457,DS002,SKU0073,2025-08-25 17:10:33,Expired
SO138461_SKU0029,ORD138461,DS003,SKU0029,2025-08-25 18:46:06,Damaged
SO138485_SKU0002,ORD138485,DS003,SKU0002,2025-08-25 13:30:26,Damaged
SO138500_SKU0010,ORD138500,DS003,SKU0010,2025-08-25 17:42:35,Zero on hand
SO138516_SKU0058,ORD138516,DS003,SKU0058,2025-08-25 11:13:55,Pick fail
SO138520_SKU0006,ORD138520,DS003,SKU0006,2025-08-25 08:56:57,Damaged
SO138523_SKU0003,ORD138523,DS003,SKU0003,2025-08-25 20:24:12,Zero on hand
SO138551_SKU0020,ORD138551,DS004,SKU0020,2025-08-25 20:19:23,Pick fail
SO138552_SKU0039,ORD138552,DS004,SKU0039,2025-08-25 20:05:18,Expired
SO138560_SKU0003,ORD138560,DS004,SKU0003,2025-08-25 19:39:50,Expired
SO138568_SKU0065,ORD138568,DS004,SKU0065,2025-08-25 18:59:24,Pick fail
SO138572_SKU0054,ORD138572,DS004,SKU0054,2025-08-25 11:28:59,Expired
SO138576_SKU0048,ORD138576,DS004,SKU0048,2025-08-25 13:24:08,Damaged
SO138579_SKU0052,ORD138579,DS004,SKU0052,2025-08-25 11:23:38,Expired
SO138588_SKU0057,ORD138588,DS004,SKU0057,2025-08-25 19:02:23,Zero on hand
SO138597_SKU0064,ORD138597,DS005,SKU0064,2025-08-25 12:42:51,Damaged
SO138600_SKU0078,ORD138600,DS005,SKU0078,2025-08-25 13:30:22,Pick fail
SO138609_SKU0045,ORD138609,DS005,SKU0045,2025-08-25 18:01:23,Zero on hand
SO138619_SKU0052,ORD138619,DS005,SKU0052,2025-08-25 12:11:58,Expired
SO138623_SKU0026,ORD138623,DS005,SKU0026,2025-08-25 13:08:45,Damaged
SO138623_SKU0070,ORD138623,DS005,SKU0070,2025-08-25 13:08:45,Zero on hand
SO138625_SKU0042,ORD138625,DS005,SKU0042,2025-08-25 11:34:42,Expired
SO138630_SKU0044,ORD138630,DS005,SKU0044,2025-08-25 20:28:04,Zero on hand
SO138646_SKU0057,ORD138646,DS005,SKU0057,2025-08-25 20:48:47,Zero on hand
SO138647_SKU0008,ORD138647,DS005,SKU0008,2025-08-25 20:54:25,Pick fail
SO138647_SKU0076,ORD138647,DS005,SKU0076,2025-08-25 20:54:25,Expired
SO138652_SKU0004,ORD138652,DS005,SKU0004,2025-08-25 12:30:08,Expired
SO138656_SKU0067,ORD138656,DS005,SKU0067,2025-08-25 18:29:11,Expired
SO138670_SKU0001,ORD138670,DS005,SKU0001,2025-08-25 19:44:33,Damaged
SO138672_SKU0060,ORD138672,DS005,SKU0060,2025-08-25 20:01:23,Expired
SO138675_SKU0030,ORD138675,DS005,SKU0030,2025-08-25 21:45:55,Pick fail
SO138676_SKU0049,ORD138676,DS005,SKU0049,2025-08-25 19:21:26,Zero on hand
SO138679_SKU0059,ORD138679,DS005,SKU0059,2025-08-25 18:35:45,Zero on hand
SO138683_SKU0034,ORD138683,DS005,SKU0034,2025-08-25 18:37:21,Zero on hand
SO138684_SKU0012,ORD138684,DS005,SKU0012,2025-08-25 18:14:55,Zero on hand
SO138685_SKU0043,ORD138685,DS005,SKU0043,2025-08-25 10:45:05,Pick fail
SO138694_SKU0065,ORD138694,DS005,SKU0065,2025-08-25 08:05:48,Expired
SO138694_SKU0043,ORD138694,DS005,SKU0043,2025-08-25 08:05:48,Pick fail
SO138699_SKU0069,ORD138699,DS005,SKU0069,2025-08-25 18:36:57,Damaged
SO138701_SKU0039,ORD138701,DS005,SKU0039,2025-08-25 16:44:56,Zero on hand
SO138703_SKU0007,ORD138703,DS005,SKU0007,2025-08-25 18:05:48,Zero on hand
SO138706_SKU0056,ORD138706,DS005,SKU0056,2025-08-25 19:48:52,Damaged
SO138713_SKU0061,ORD138713,DS005,SKU0061,2025-08-25 19:40:00,Pick fail
SO138723_SKU0060,ORD138723,DS005,SKU0060,2025-08-25 21:47:00,Zero on hand
SO138729_SKU0021,ORD138729,DS005,SKU0021,2025-08-25 18:14:03,Expired
SO138750_SKU0040,ORD138750,DS006,SKU0040,2025-08-25 13:34:36,Zero on hand
SO138763_SKU0041,ORD138763,DS006,SKU0041,2025-08-25 15:18:51,Zero on hand
SO138795_SKU0002,ORD138795,DS006,SKU0002,2025-08-25 13:53:13,Pick fail
SO138796_SKU0054,ORD138796,DS006,SKU0054,2025-08-25 08:15:09,Pick fail
SO138797_SKU0021,ORD138797,DS006,SKU0021,2025-08-25 16:24:23,Damaged
SO138805_SKU0022,ORD138805,DS006,SKU0022,2025-08-25 17:46:01,Zero on hand
SO138808_SKU0005,ORD138808,DS006,SKU0005,2025-08-25 12:48:28,Pick fail
SO138812_SKU0004,ORD138812,DS006,SKU0004,2025-08-25 21:05:15,Zero on hand
SO138812_SKU0074,ORD138812,DS006,SKU0074,2025-08-25 21:05:15,Pick fail
SO138818_SKU0063,ORD138818,DS006,SKU0063,2025-08-25 15:03:38,Expired
SO138823_SKU0046,ORD138823,DS006,SKU0046,2025-08-25 14:18:38,Pick fail
SO138825_SKU0036,ORD138825,DS006,SKU0036,2025-08-25 16:35:54,Damaged
SO138842_SKU0012,ORD138842,DS006,SKU0012,2025-08-25 13:37:45,Zero on hand
SO138848_SKU0063,ORD138848,DS007,SKU0063,2025-08-25 17:28:05,Damaged
SO138863_SKU0047,ORD138863,DS007,SKU0047,2025-08-25 19:49:38,Expired
SO138864_SKU0068,ORD138864,DS007,SKU0068,2025-08-25 18:47:17,Expired
SO138871_SKU0076,ORD138871,DS007,SKU0076,2025-08-25 19:06:37,Damaged
SO138874_SKU0052,ORD138874,DS007,SKU0052,2025-08-25 11:24:07,Pick fail
SO138878_SKU0054,ORD138878,DS007,SKU0054,2025-08-25 12:53:35,Pick fail
SO138886_SKU0068,ORD138886,DS007,SKU0068,2025-08-25 14:30:39,Pick fail
SO138891_SKU0028,ORD138891,DS007,SKU0028,2025-08-25 16:53:11,Zero on hand
SO138901_SKU0066,ORD138901,DS007,SKU0066,2025-08-25 20:50:24,Zero on hand
SO138904_SKU0012,ORD138904,DS007,SKU0012,2025-08-25 19:50:34,Pick fail
SO138909_SKU0031,ORD138909,DS007,SKU0031,2025-08-25 16:46:01,Pick fail
SO138911_SKU0049,ORD138911,DS007,SKU0049,2025-08-25 19:19:26,Zero on hand
SO138915_SKU0049,ORD138915,DS007,SKU0049,2025-08-25 12:12:24,Zero on hand
SO138919_SKU0057,ORD138919,DS007,SKU0057,2025-08-25 16:23:53,Pick fail
SO138929_SKU0058,ORD138929,DS007,SKU0058,2025-08-25 10:19:50,Expired
SO138931_SKU0025,ORD138931,DS007,SKU0025,2025-08-25 19:48:57,Zero on hand
SO138946_SKU0006,ORD138946,DS007,SKU0006,2025-08-25 19:00:13,Expired
SO138951_SKU0051,ORD138951,DS007,SKU0051,2025-08-25 13:18:31,Pick fail
SO138955_SKU0046,ORD138955,DS008,SKU0046,2025-08-25 21:03:36,Pick fail
SO138963_SKU0005,ORD138963,DS008,SKU0005,2025-08-25 19:37:32,Zero on hand
SO138965_SKU0050,ORD138965,DS008,SKU0050,2025-08-25 13:39:15,Expired
SO138968_SKU0047,ORD138968,DS008,SKU0047,2025-08-25 08:20:14,Zero on hand
SO138971_SKU0028,ORD138971,DS008,SKU0028,2025-08-25 19:27:37,Zero on hand
SO138984_SKU0011,ORD138984,DS008,SKU0011,2025-08-25 12:03:56,Pick fail
SO139008_SKU0053,ORD139008,DS008,SKU0053,2025-08-25 21:20:21,Expired
SO139009_SKU0059,ORD139009,DS008,SKU0059,2025-08-25 12:28:07,Zero on hand
SO139022_SKU0013,ORD139022,DS008,SKU0013,2025-08-25 10:44:26,Expired
SO139034_SKU0025,ORD139034,DS008,SKU0025,2025-08-25 18:19:55,Expired
SO139035_SKU0070,ORD139035,DS008,SKU0070,2025-08-25 08:28:51,Zero on hand
SO139042_SKU0056,ORD139042,DS008,SKU0056,2025-08-25 12:28:32,Damaged
SO139048_SKU0068,ORD139048,DS008,SKU0068,2025-08-25 20:30:30,Pick fail
SO139060_SKU0057,ORD139060,DS009,SKU0057,2025-08-25 17:28:55,Pick fail
SO139063_SKU0043,ORD139063,DS009,SKU0043,2025-08-25 20:16:43,Expired
SO139065_SKU0011,ORD139065,DS009,SKU0011,2025-08-25 17:07:24,Expired
SO139066_SKU0008,ORD139066,DS009,SKU0008,2025-08-25 13:23:40,Pick fail
SO139072_SKU0051,ORD139072,DS009,SKU0051,2025-08-25 18:52:41,Damaged
SO139074_SKU0003,ORD139074,DS009,SKU0003,2025-08-25 23:47:18,Damaged
SO139092_SKU0018,ORD139092,DS009,SKU0018,2025-08-25 11:31:23,Pick fail
SO139096_SKU0031,ORD139096,DS009,SKU0031,2025-08-25 20:45:34,Pick fail
SO139112_SKU0052,ORD139112,DS010,SKU0052,2025-08-25 12:51:26,Zero on hand
SO139127_SKU0014,ORD139127,DS010,SKU0014,2025-08-25 17:10:48,Damaged
SO139133_SKU0057,ORD139133,DS010,SKU0057,2025-08-25 19:40:31,Pick fail
SO139142_SKU0033,ORD139142,DS010,SKU0033,2025-08-25 08:25:34,Damaged
SO139157_SKU0007,ORD139157,DS010,SKU0007,2025-08-25 11:55:40,Pick fail
SO139172_SKU0001,ORD139172,DS010,SKU0001,2025-08-25 20:57:48,Damaged
SO139184_SKU0076,ORD139184,DS010,SKU0076,2025-08-25 16:16:05,Damaged
SO139190_SKU0011,ORD139190,DS010,SKU0011,2025-08-25 19:17:39,Damaged
SO139194_SKU0063,ORD139194,DS010,SKU0063,2025-08-25 18:31:34,Zero on hand
SO139195_SKU0003,ORD139195,DS010,SKU0003,2025-08-25 22:31:49,Damaged
SO139195_SKU0057,ORD139195,DS010,SKU0057,2025-08-25 22:31:49,Zero on hand
SO139209_SKU0066,ORD139209,DS011,SKU0066,2025-08-25 18:37:13,Pick fail
SO139211_SKU0076,ORD139211,DS011,SKU0076,2025-08-25 12:41:26,Expired
SO139213_SKU0061,ORD139213,DS011,SKU0061,2025-08-25 20:28:37,Expired
SO139213_SKU0058,ORD139213,DS011,SKU0058,2025-08-25 20:28:37,Expired
SO139224_SKU0018,ORD139224,DS011,SKU0018,2025-08-25 17:58:23,Pick fail
SO139226_SKU0041,ORD139226,DS011,SKU0041,2025-08-25 18:50:57,Expired
SO139227_SKU0069,ORD139227,DS011,SKU0069,2025-08-25 08:42:06,Damaged
SO139229_SKU0059,ORD139229,DS011,SKU0059,2025-08-25 18:45:37,Damaged
SO139237_SKU0060,ORD139237,DS011,SKU0060,2025-08-25 20:41:50,Damaged
SO139241_SKU0055,ORD139241,DS011,SKU0055,2025-08-25 18:10:53,Expired
SO139242_SKU0044,ORD139242,DS011,SKU0044,2025-08-25 12:21:42,Zero on hand
SO139254_SKU0025,ORD139254,DS011,SKU0025,2025-08-25 17:55:09,Expired
SO139256_SKU0016,ORD139256,DS011,SKU0016,2025-08-25 16:08:53,Expired
SO139259_SKU0068,ORD139259,DS011,SKU0068,2025-08-25 12:34:30,Zero on hand
SO139263_SKU0062,ORD139263,DS011,SKU0062,2025-08-25 11:41:09,Damaged
SO139263_SKU0052,ORD139263,DS011,SKU0052,2025-08-25 11:41:09,Zero on hand
SO139265_SKU0056,ORD139265,DS011,SKU0056,2025-08-25 12:09:14,Expired
SO139287_SKU0054,ORD139287,DS012,SKU0054,2025-08-25 17:26:40,Zero on hand
SO139290_SKU0013,ORD139290,DS012,SKU0013,2025-08-25 17:26:06,Pick fail
SO139294_SKU0054,ORD139294,DS012,SKU0054,2025-08-25 19:57:41,Damaged
SO139298_SKU0052,ORD139298,DS012,SKU0052,2025-08-25 18:01:54,Damaged
SO139302_SKU0059,ORD139302,DS012,SKU0059,2025-08-25 15:55:05,Pick fail
SO139311_SKU0063,ORD139311,DS012,SKU0063,2025-08-25 12:36:31,Expired
SO139321_SKU0029,ORD139321,DS012,SKU0029,2025-08-25 22:14:37,Pick fail
SO139322_SKU0020,ORD139322,DS012,SKU0020,2025-08-25 11:04:31,Pick fail
SO139372_SKU0067,ORD139372,DS013,SKU0067,2025-08-25 09:20:34,Zero on hand
SO139373_SKU0057,ORD139373,DS013,SKU0057,2025-08-25 15:05:19,Pick fail
SO139379_SKU0059,ORD139379,DS013,SKU0059,2025-08-25 14:02:10,Expired
SO139380_SKU0057,ORD139380,DS013,SKU0057,2025-08-25 12:12:52,Zero on hand
SO139386_SKU0053,ORD139386,DS013,SKU0053,2025-08-25 19:51:52,Pick fail
SO139403_SKU0024,ORD139403,DS013,SKU0024,2025-08-25 21:37:33,Damaged
SO139410_SKU0006,ORD139410,DS013,SKU0006,2025-08-25 10:27:43,Expired
SO139413_SKU0006,ORD139413,DS013,SKU0006,2025-08-25 21:18:13,Expired
SO139414_SKU0029,ORD139414,DS013,SKU0029,2025-08-25 16:52:46,Pick fail
SO139418_SKU0066,ORD139418,DS013,SKU0066,2025-08-25 18:17:15,Zero on hand
SO139430_SKU0032,ORD139430,DS013,SKU0032,2025-08-25 16:09:07,Expired
SO139441_SKU0037,ORD139441,DS013,SKU0037,2025-08-25 15:29:43,Expired
SO139442_SKU0006,ORD139442,DS013,SKU0006,2025-08-25 19:59:13,Expired
SO139443_SKU0054,ORD139443,DS013,SKU0054,2025-08-25 17:43:42,Damaged
SO139451_SKU0056,ORD139451,DS014,SKU0056,2025-08-25 22:25:20,Pick fail
SO139461_SKU0046,ORD139461,DS014,SKU0046,2025-08-25 11:35:33,Damaged
SO139486_SKU0006,ORD139486,DS014,SKU0006,2025-08-25 12:02:42,Expired
SO139498_SKU0025,ORD139498,DS014,SKU0025,2025-08-25 21:23:23,Zero on hand
SO139502_SKU0053,ORD139502,DS014,SKU0053,2025-08-25 13:55:14,Zero on hand
SO139509_SKU0024,ORD139509,DS014,SKU0024,2025-08-25 13:12:31,Pick fail
SO139521_SKU0079,ORD139521,DS014,SKU0079,2025-08-25 20:44:32,Damaged
SO139536_SKU0055,ORD139536,DS014,SKU0055,2025-08-25 17:43:14,Expired
SO139555_SKU0054,ORD139555,DS015,SKU0054,2025-08-25 20:04:10,Damaged
SO139569_SKU0055,ORD139569,DS015,SKU0055,2025-08-25 22:46:19,Damaged
SO139575_SKU0048,ORD139575,DS015,SKU0048,2025-08-25 19:26:31,Damaged
SO139578_SKU0021,ORD139578,DS015,SKU0021,2025-08-25 16:42:41,Zero on hand
SO139583_SKU0049,ORD139583,DS015,SKU0049,2025-08-25 19:38:08,Damaged
SO139584_SKU0064,ORD139584,DS015,SKU0064,2025-08-25 19:01:04,Damaged
SO139592_SKU0021,ORD139592,DS015,SKU0021,2025-08-25 18:16:34,Pick fail
SO139607_SKU0061,ORD139607,DS016,SKU0061,2025-08-25 14:29:23,Expired
SO139614_SKU0075,ORD139614,DS016,SKU0075,2025-08-25 11:16:56,Zero on hand
SO139618_SKU0034,ORD139618,DS016,SKU0034,2025-08-25 18:43:28,Pick fail
SO139619_SKU0021,ORD139619,DS016,SKU0021,2025-08-25 17:53:02,Pick fail
SO139632_SKU0050,ORD139632,DS016,SKU0050,2025-08-25 20:02:29,Zero on hand
SO139636_SKU0059,ORD139636,DS016,SKU0059,2025-08-25 21:16:33,Pick fail
SO139656_SKU0052,ORD139656,DS016,SKU0052,2025-08-25 12:53:39,Damaged
SO139680_SKU0068,ORD139680,DS016,SKU0068,2025-08-25 21:40:02,Zero on hand
SO139695_SKU0022,ORD139695,DS016,SKU0022,2025-08-25 18:24:04,Zero on hand
SO139698_SKU0079,ORD139698,DS016,SKU0079,2025-08-25 17:51:03,Damaged
SO139707_SKU0055,ORD139707,DS016,SKU0055,2025-08-25 19:12:56,Zero on hand
SO139724_SKU0016,ORD139724,DS017,SKU0016,2025-08-25 19:20:54,Zero on hand
SO139727_SKU0065,ORD139727,DS017,SKU0065,2025-08-25 12:52:18,Expired
SO139732_SKU0074,ORD139732,DS017,SKU0074,2025-08-25 13:17:08,Zero on hand
SO139735_SKU0038,ORD139735,DS017,SKU0038,2025-08-25 11:53:20,Zero on hand
SO139736_SKU0068,ORD139736,DS017,SKU0068,2025-08-25 17:34:41,Damaged
SO139747_SKU0046,ORD139747,DS017,SKU0046,2025-08-25 17:24:55,Pick fail
SO139749_SKU0026,ORD139749,DS017,SKU0026,2025-08-25 19:42:39,Expired
SO139753_SKU0005,ORD139753,DS017,SKU0005,2025-08-25 09:46:32,Pick fail
SO139757_SKU0005,ORD139757,DS017,SKU0005,2025-08-25 20:39:45,Damaged
SO139760_SKU0014,ORD139760,DS017,SKU0014,2025-08-25 19:48:56,Expired
SO139767_SKU0001,ORD139767,DS017,SKU0001,2025-08-25 09:24:28,Expired
SO139768_SKU0055,ORD139768,DS017,SKU0055,2025-08-25 18:29:29,Pick fail
SO139769_SKU0055,ORD139769,DS017,SKU0055,2025-08-25 20:22:05,Expired
SO139785_SKU0063,ORD139785,DS017,SKU0063,2025-08-25 19:36:36,Pick fail
SO139787_SKU0027,ORD139787,DS017,SKU0027,2025-08-25 08:14:20,Pick fail
SO139787_SKU0009,ORD139787,DS017,SKU0009,2025-08-25 08:14:20,Zero on hand
SO139799_SKU0078,ORD139799,DS017,SKU0078,2025-08-25 18:04:22,Expired
SO139813_SKU0004,ORD139813,DS017,SKU0004,2025-08-25 20:00:01,Pick fail
SO139816_SKU0042,ORD139816,DS017,SKU0042,2025-08-25 19:54:29,Expired
SO139817_SKU0028,ORD139817,DS017,SKU0028,2025-08-25 09:12:51,Pick fail
SO139826_SKU0027,ORD139826,DS017,SKU0027,2025-08-25 16:44:24,Expired
SO139839_SKU0076,ORD139839,DS001,SKU0076,2025-08-26 19:10:10,Expired
SO139841_SKU0058,ORD139841,DS001,SKU0058,2025-08-26 16:42:39,Damaged
SO139845_SKU0031,ORD139845,DS001,SKU0031,2025-08-26 16:15:16,Zero on hand
SO139852_SKU0007,ORD139852,DS001,SKU0007,2025-08-26 14:45:41,Expired
SO139853_SKU0017,ORD139853,DS001,SKU0017,2025-08-26 15:11:20,Zero on hand
SO139853_SKU0048,ORD139853,DS001,SKU0048,2025-08-26 15:11:20,Pick fail
SO139854_SKU0027,ORD139854,DS001,SKU0027,2025-08-26 12:23:33,Zero on hand
SO139857_SKU0006,ORD139857,DS001,SKU0006,2025-08-26 20:15:38,Damaged
SO139879_SKU0021,ORD139879,DS001,SKU0021,2025-08-26 17:01:29,Zero on hand
SO139887_SKU0022,ORD139887,DS001,SKU0022,2025-08-26 19:32:40,Damaged
SO139889_SKU0055,ORD139889,DS001,SKU0055,2025-08-26 13:06:39,Pick fail
SO139891_SKU0043,ORD139891,DS001,SKU0043,2025-08-26 11:25:20,Zero on hand
SO139905_SKU0054,ORD139905,DS001,SKU0054,2025-08-26 19:16:20,Expired
SO139908_SKU0022,ORD139908,DS001,SKU0022,2025-08-26 14:40:44,Pick fail
SO139911_SKU0044,ORD139911,DS002,SKU0044,2025-08-26 17:37:23,Damaged
SO139911_SKU0024,ORD139911,DS002,SKU0024,2025-08-26 17:37:23,Damaged
SO139919_SKU0054,ORD139919,DS002,SKU0054,2025-08-26 13:26:03,Damaged
SO139921_SKU0066,ORD139921,DS002,SKU0066,2025-08-26 14:30:35,Expired
SO139922_SKU0064,ORD139922,DS002,SKU0064,2025-08-26 12:03:18,Damaged
SO139924_SKU0069,ORD139924,DS002,SKU0069,2025-08-26 21:26:46,Pick fail
SO139924_SKU0025,ORD139924,DS002,SKU0025,2025-08-26 21:26:46,Pick fail
SO139925_SKU0070,ORD139925,DS002,SKU0070,2025-08-26 13:46:32,Damaged
SO139940_SKU0005,ORD139940,DS002,SKU0005,2025-08-26 19:29:01,Pick fail
SO139941_SKU0026,ORD139941,DS002,SKU0026,2025-08-26 11:42:17,Damaged
SO139942_SKU0021,ORD139942,DS002,SKU0021,2025-08-26 09:27:43,Expired
SO139950_SKU0016,ORD139950,DS002,SKU0016,2025-08-26 08:56:17,Zero on hand
SO139951_SKU0078,ORD139951,DS002,SKU0078,2025-08-26 12:24:57,Pick fail
SO139952_SKU0049,ORD139952,DS002,SKU0049,2025-08-26 14:51:34,Pick fail
SO139952_SKU0070,ORD139952,DS002,SKU0070,2025-08-26 14:51:34,Expired
SO139963_SKU0038,ORD139963,DS002,SKU0038,2025-08-26 18:25:41,Damaged
SO139963_SKU0021,ORD139963,DS002,SKU0021,2025-08-26 18:25:41,Pick fail
SO139973_SKU0021,ORD139973,DS002,SKU0021,2025-08-26 20:49:34,Damaged
SO139975_SKU0048,ORD139975,DS002,SKU0048,2025-08-26 10:28:23,Damaged
SO139976_SKU0014,ORD139976,DS002,SKU0014,2025-08-26 18:39:35,Damaged
SO139978_SKU0059,ORD139978,DS002,SKU0059,2025-08-26 22:55:12,Expired
SO139982_SKU0067,ORD139982,DS002,SKU0067,2025-08-26 19:28:00,Damaged
SO139983_SKU0075,ORD139983,DS002,SKU0075,2025-08-26 11:04:08,Expired
SO139986_SKU0005,ORD139986,DS002,SKU0005,2025-08-26 21:48:07,Expired
SO139987_SKU0070,ORD139987,DS002,SKU0070,2025-08-26 17:47:55,Damaged
SO139999_SKU0023,ORD139999,DS003,SKU0023,2025-08-26 12:23:29,Expired
SO140000_SKU0051,ORD140000,DS003,SKU0051,2025-08-26 18:31:44,Expired
SO140006_SKU0003,ORD140006,DS003,SKU0003,2025-08-26 23:11:22,Expired
SO140011_SKU0054,ORD140011,DS003,SKU0054,2025-08-26 12:27:23,Expired
SO140011_SKU0049,ORD140011,DS003,SKU0049,2025-08-26 12:27:23,Zero on hand
SO140013_SKU0006,ORD140013,DS003,SKU0006,2025-08-26 21:51:46,Pick fail
SO140016_SKU0029,ORD140016,DS003,SKU0029,2025-08-26 22:21:39,Pick fail
SO140025_SKU0063,ORD140025,DS003,SKU0063,2025-08-26 10:02:17,Expired
SO140048_SKU0050,ORD140048,DS003,SKU0050,2025-08-26 14:02:55,Damaged
SO140050_SKU0025,ORD140050,DS003,SKU0025,2025-08-26 14:43:21,Zero on hand
SO140055_SKU0007,ORD140055,DS003,SKU0007,2025-08-26 12:42:22,Damaged
SO140064_SKU0067,ORD140064,DS004,SKU0067,2025-08-26 11:48:16,Damaged
SO140070_SKU0053,ORD140070,DS004,SKU0053,2025-08-26 13:45:35,Expired
SO140081_SKU0058,ORD140081,DS004,SKU0058,2025-08-26 11:44:20,Expired
SO140082_SKU0040,ORD140082,DS004,SKU0040,2025-08-26 12:02:53,Zero on hand
SO140084_SKU0007,ORD140084,DS004,SKU0007,2025-08-26 22:33:13,Pick fail
SO140098_SKU0031,ORD140098,DS004,SKU0031,2025-08-26 10:24:51,Pick fail
SO140102_SKU0052,ORD140102,DS005,SKU0052,2025-08-26 11:17:40,Damaged
SO140109_SKU0005,ORD140109,DS005,SKU0005,2025-08-26 20:19:30,Pick fail
SO140109_SKU0002,ORD140109,DS005,SKU0002,2025-08-26 20:19:30,Zero on hand
SO140110_SKU0032,ORD140110,DS005,SKU0032,2025-08-26 19:33:04,Pick fail
SO140111_SKU0059,ORD140111,DS005,SKU0059,2025-08-26 18:20:24,Zero on hand
SO140114_SKU0062,ORD140114,DS005,SKU0062,2025-08-26 18:50:09,Zero on hand
SO140117_SKU0007,ORD140117,DS005,SKU0007,2025-08-26 13:50:39,Damaged
SO140130_SKU0052,ORD140130,DS005,SKU0052,2025-08-26 20:43:43,Pick fail
SO140131_SKU0079,ORD140131,DS005,SKU0079,2025-08-26 12:24:03,Pick fail
SO140136_SKU0015,ORD140136,DS005,SKU0015,2025-08-26 19:53:50,Zero on hand
SO140136_SKU0044,ORD140136,DS005,SKU0044,2025-08-26 19:53:50,Pick fail
SO140136_SKU0058,ORD140136,DS005,SKU0058,2025-08-26 19:53:50,Pick fail
SO140137_SKU0003,ORD140137,DS005,SKU0003,2025-08-26 11:27:38,Damaged
SO140138_SKU0070,ORD140138,DS005,SKU0070,2025-08-26 20:58:35,Zero on hand
SO140140_SKU0023,ORD140140,DS005,SKU0023,2025-08-26 19:31:11,Damaged
SO140144_SKU0040,ORD140144,DS005,SKU0040,2025-08-26 08:13:08,Zero on hand
SO140146_SKU0066,ORD140146,DS005,SKU0066,2025-08-26 19:27:20,Zero on hand
SO140147_SKU0015,ORD140147,DS005,SKU0015,2025-08-26 18:23:34,Pick fail
SO140149_SKU0077,ORD140149,DS005,SKU0077,2025-08-26 13:54:21,Damaged
SO140151_SKU0007,ORD140151,DS005,SKU0007,2025-08-26 18:31:39,Zero on hand
SO140157_SKU0072,ORD140157,DS005,SKU0072,2025-08-26 21:56:35,Zero on hand
SO140159_SKU0056,ORD140159,DS005,SKU0056,2025-08-26 16:40:39,Pick fail
SO140162_SKU0053,ORD140162,DS005,SKU0053,2025-08-26 18:48:34,Pick fail
SO140163_SKU0022,ORD140163,DS005,SKU0022,2025-08-26 15:30:57,Expired
SO140172_SKU0058,ORD140172,DS005,SKU0058,2025-08-26 21:06:27,Damaged
SO140174_SKU0060,ORD140174,DS005,SKU0060,2025-08-26 19:43:08,Damaged
SO140174_SKU0050,ORD140174,DS005,SKU0050,2025-08-26 19:43:08,Pick fail
SO140182_SKU0067,ORD140182,DS005,SKU0067,2025-08-26 20:03:04,Damaged
SO140186_SKU0045,ORD140186,DS005,SKU0045,2025-08-26 18:17:56,Zero on hand
SO140187_SKU0032,ORD140187,DS005,SKU0032,2025-08-26 21:20:21,Expired
SO140188_SKU0001,ORD140188,DS005,SKU0001,2025-08-26 19:04:43,Pick fail
SO140203_SKU0056,ORD140203,DS006,SKU0056,2025-08-26 19:38:35,Zero on hand
SO140210_SKU0079,ORD140210,DS006,SKU0079,2025-08-26 13:30:17,Damaged
SO140213_SKU0076,ORD140213,DS006,SKU0076,2025-08-26 18:33:28,Zero on hand
SO140214_SKU0026,ORD140214,DS006,SKU0026,2025-08-26 23:03:14,Zero on hand
SO140220_SKU0027,ORD140220,DS006,SKU0027,2025-08-26 12:28:18,Damaged
SO140230_SKU0010,ORD140230,DS006,SKU0010,2025-08-26 18:18:02,Expired
SO140236_SKU0003,ORD140236,DS006,SKU0003,2025-08-26 11:32:27,Expired
SO140241_SKU0069,ORD140241,DS006,SKU0069,2025-08-26 21:49:39,Expired
SO140247_SKU0008,ORD140247,DS006,SKU0008,2025-08-26 19:23:58,Zero on hand
SO140248_SKU0076,ORD140248,DS006,SKU0076,2025-08-26 15:25:44,Damaged
SO140257_SKU0002,ORD140257,DS006,SKU0002,2025-08-26 10:07:29,Zero on hand
SO140272_SKU0055,ORD140272,DS006,SKU0055,2025-08-26 13:46:31,Zero on hand
SO140289_SKU0067,ORD140289,DS007,SKU0067,2025-08-26 16:09:40,Expired
SO140295_SKU0022,ORD140295,DS007,SKU0022,2025-08-26 20:44:41,Pick fail
SO140302_SKU0068,ORD140302,DS007,SKU0068,2025-08-26 13:17:15,Zero on hand
SO140316_SKU0067,ORD140316,DS007,SKU0067,2025-08-26 22:13:12,Zero on hand
SO140333_SKU0057,ORD140333,DS007,SKU0057,2025-08-26 10:02:52,Zero on hand
SO140337_SKU0025,ORD140337,DS007,SKU0025,2025-08-26 20:51:48,Expired
SO140340_SKU0067,ORD140340,DS007,SKU0067,2025-08-26 17:55:54,Pick fail
SO140342_SKU0005,ORD140342,DS007,SKU0005,2025-08-26 22:42:39,Pick fail
SO140346_SKU0048,ORD140346,DS007,SKU0048,2025-08-26 13:36:52,Expired
SO140346_SKU0004,ORD140346,DS007,SKU0004,2025-08-26 13:36:52,Damaged
SO140350_SKU0060,ORD140350,DS007,SKU0060,2025-08-26 12:44:02,Expired
SO140353_SKU0068,ORD140353,DS007,SKU0068,2025-08-26 19:45:54,Damaged
SO140353_SKU0063,ORD140353,DS007,SKU0063,2025-08-26 19:45:54,Damaged
SO140355_SKU0038,ORD140355,DS007,SKU0038,2025-08-26 12:04:58,Expired
SO140375_SKU0013,ORD140375,DS007,SKU0013,2025-08-26 13:31:38,Pick fail
SO140383_SKU0004,ORD140383,DS007,SKU0004,2025-08-26 14:34:49,Damaged
SO140405_SKU0057,ORD140405,DS008,SKU0057,2025-08-26 18:25:07,Zero on hand
SO140413_SKU0068,ORD140413,DS008,SKU0068,2025-08-26 08:43:12,Damaged
SO140418_SKU0033,ORD140418,DS008,SKU0033,2025-08-26 10:39:06,Pick fail
SO140421_SKU0080,ORD140421,DS008,SKU0080,2025-08-26 12:51:25,Zero on hand
SO140430_SKU0013,ORD140430,DS008,SKU0013,2025-08-26 10:19:13,Zero on hand
SO140435_SKU0030,ORD140435,DS008,SKU0030,2025-08-26 19:53:43,Expired
SO140436_SKU0046,ORD140436,DS008,SKU0046,2025-08-26 23:35:54,Damaged
SO140442_SKU0065,ORD140442,DS008,SKU0065,2025-08-26 11:03:40,Zero on hand
SO140446_SKU0060,ORD140446,DS008,SKU0060,2025-08-26 16:28:33,Pick fail
SO140449_SKU0026,ORD140449,DS008,SKU0026,2025-08-26 11:17:47,Pick fail
SO140451_SKU0044,ORD140451,DS008,SKU0044,2025-08-26 19:17:16,Expired
SO140453_SKU0075,ORD140453,DS008,SKU0075,2025-08-26 21:18:39,Expired
SO140458_SKU0008,ORD140458,DS008,SKU0008,2025-08-26 17:18:06,Damaged
SO140460_SKU0057,ORD140460,DS008,SKU0057,2025-08-26 10:08:46,Zero on hand
SO140470_SKU0059,ORD140470,DS008,SKU0059,2025-08-26 09:54:39,Expired
SO140472_SKU0002,ORD140472,DS009,SKU0002,2025-08-26 11:51:07,Pick fail
SO140475_SKU0056,ORD140475,DS009,SKU0056,2025-08-26 20:24:03,Pick fail
SO140505_SKU0001,ORD140505,DS009,SKU0001,2025-08-26 11:45:11,Damaged
SO140506_SKU0049,ORD140506,DS009,SKU0049,2025-08-26 20:36:17,Zero on hand
SO140521_SKU0017,ORD140521,DS009,SKU0017,2025-08-26 18:17:11,Zero on hand
SO140547_SKU0008,ORD140547,DS009,SKU0008,2025-08-26 19:26:08,Zero on hand
SO140551_SKU0001,ORD140551,DS009,SKU0001,2025-08-26 13:51:43,Pick fail
SO140566_SKU0052,ORD140566,DS010,SKU0052,2025-08-26 20:16:13,Damaged
SO140568_SKU0053,ORD140568,DS010,SKU0053,2025-08-26 09:05:05,Damaged
SO140575_SKU0001,ORD140575,DS010,SKU0001,2025-08-26 13:45:40,Zero on hand
SO140581_SKU0034,ORD140581,DS010,SKU0034,2025-08-26 15:59:12,Damaged
SO140583_SKU0049,ORD140583,DS010,SKU0049,2025-08-26 19:51:03,Zero on hand
SO140595_SKU0045,ORD140595,DS010,SKU0045,2025-08-26 12:25:58,Expired
SO140614_SKU0001,ORD140614,DS010,SKU0001,2025-08-26 14:01:55,Damaged
SO140627_SKU0046,ORD140627,DS010,SKU0046,2025-08-26 20:34:23,Damaged
SO140627_SKU0045,ORD140627,DS010,SKU0045,2025-08-26 20:34:23,Pick fail
SO140630_SKU0047,ORD140630,DS010,SKU0047,2025-08-26 13:24:20,Expired
SO140646_SKU0006,ORD140646,DS010,SKU0006,2025-08-26 17:29:44,Damaged
SO140648_SKU0012,ORD140648,DS010,SKU0012,2025-08-26 18:16:39,Pick fail
SO140651_SKU0049,ORD140651,DS010,SKU0049,2025-08-26 23:01:22,Damaged
SO140672_SKU0064,ORD140672,DS010,SKU0064,2025-08-26 18:22:39,Pick fail
SO140673_SKU0010,ORD140673,DS010,SKU0010,2025-08-26 08:26:33,Pick fail
SO140676_SKU0047,ORD140676,DS010,SKU0047,2025-08-26 11:22:44,Expired
SO140681_SKU0076,ORD140681,DS011,SKU0076,2025-08-26 12:26:36,Expired
SO140694_SKU0062,ORD140694,DS011,SKU0062,2025-08-26 19:08:33,Zero on hand
SO140695_SKU0043,ORD140695,DS011,SKU0043,2025-08-26 18:51:41,Damaged
SO140703_SKU0064,ORD140703,DS011,SKU0064,2025-08-26 19:05:57,Expired
SO140707_SKU0043,ORD140707,DS011,SKU0043,2025-08-26 18:31:41,Pick fail
SO140713_SKU0007,ORD140713,DS011,SKU0007,2025-08-26 13:08:57,Damaged
SO140723_SKU0032,ORD140723,DS011,SKU0032,2025-08-26 17:13:25,Zero on hand
SO140723_SKU0051,ORD140723,DS011,SKU0051,2025-08-26 17:13:25,Expired
SO140724_SKU0013,ORD140724,DS011,SKU0013,2025-08-26 11:12:34,Damaged
SO140727_SKU0035,ORD140727,DS011,SKU0035,2025-08-26 10:31:51,Pick fail
SO140733_SKU0070,ORD140733,DS012,SKU0070,2025-08-26 19:36:27,Expired
SO140740_SKU0059,ORD140740,DS012,SKU0059,2025-08-26 14:27:33,Damaged
SO140762_SKU0046,ORD140762,DS012,SKU0046,2025-08-26 19:49:50,Pick fail
SO140770_SKU0054,ORD140770,DS012,SKU0054,2025-08-26 11:43:10,Pick fail
SO140786_SKU0063,ORD140786,DS012,SKU0063,2025-08-26 10:41:28,Damaged
SO140807_SKU0001,ORD140807,DS012,SKU0001,2025-08-26 08:57:16,Pick fail
SO140817_SKU0044,ORD140817,DS012,SKU0044,2025-08-26 18:43:01,Damaged
SO140819_SKU0009,ORD140819,DS012,SKU0009,2025-08-26 14:15:29,Pick fail
SO140830_SKU0044,ORD140830,DS012,SKU0044,2025-08-26 16:50:22,Expired
SO140832_SKU0048,ORD140832,DS012,SKU0048,2025-08-26 20:32:00,Expired
SO140840_SKU0012,ORD140840,DS013,SKU0012,2025-08-26 18:37:21,Zero on hand
SO140845_SKU0051,ORD140845,DS013,SKU0051,2025-08-26 19:25:49,Damaged
SO140846_SKU0053,ORD140846,DS013,SKU0053,2025-08-26 20:57:59,Damaged
SO140848_SKU0044,ORD140848,DS013,SKU0044,2025-08-26 10:45:29,Zero on hand
SO140854_SKU0019,ORD140854,DS013,SKU0019,2025-08-26 17:46:21,Pick fail
SO140860_SKU0058,ORD140860,DS013,SKU0058,2025-08-26 16:13:52,Pick fail
SO140864_SKU0031,ORD140864,DS013,SKU0031,2025-08-26 20:05:32,Damaged
SO140894_SKU0053,ORD140894,DS013,SKU0053,2025-08-26 22:34:12,Zero on hand
SO140904_SKU0051,ORD140904,DS013,SKU0051,2025-08-26 16:15:09,Zero on hand
SO140907_SKU0012,ORD140907,DS013,SKU0012,2025-08-26 21:19:54,Pick fail
SO140929_SKU0030,ORD140929,DS014,SKU0030,2025-08-26 18:58:54,Expired
SO140930_SKU0012,ORD140930,DS014,SKU0012,2025-08-26 13:18:17,Damaged
SO140933_SKU0005,ORD140933,DS014,SKU0005,2025-08-26 20:08:46,Zero on hand
SO140941_SKU0006,ORD140941,DS014,SKU0006,2025-08-26 20:09:11,Expired
SO140945_SKU0051,ORD140945,DS014,SKU0051,2025-08-26 18:09:59,Expired
SO140948_SKU0002,ORD140948,DS014,SKU0002,2025-08-26 12:33:12,Zero on hand
SO140950_SKU0052,ORD140950,DS014,SKU0052,2025-08-26 12:51:56,Pick fail
SO140957_SKU0041,ORD140957,DS014,SKU0041,2025-08-26 18:19:02,Expired
SO140957_SKU0024,ORD140957,DS014,SKU0024,2025-08-26 18:19:02,Pick fail
SO140960_SKU0039,ORD140960,DS014,SKU0039,2025-08-26 19:32:33,Pick fail
SO140966_SKU0060,ORD140966,DS014,SKU0060,2025-08-26 16:57:40,Damaged
SO140967_SKU0003,ORD140967,DS014,SKU0003,2025-08-26 14:26:27,Pick fail
SO140967_SKU0061,ORD140967,DS014,SKU0061,2025-08-26 14:26:27,Zero on hand
SO140974_SKU0050,ORD140974,DS014,SKU0050,2025-08-26 20:53:09,Expired
SO140975_SKU0024,ORD140975,DS014,SKU0024,2025-08-26 18:51:26,Zero on hand
SO140983_SKU0031,ORD140983,DS014,SKU0031,2025-08-26 09:23:17,Damaged
SO140984_SKU0003,ORD140984,DS014,SKU0003,2025-08-26 19:22:58,Damaged
SO140989_SKU0058,ORD140989,DS014,SKU0058,2025-08-26 09:59:42,Pick fail
SO140994_SKU0056,ORD140994,DS014,SKU0056,2025-08-26 14:13:27,Expired
SO141000_SKU0004,ORD141000,DS014,SKU0004,2025-08-26 19:00:30,Zero on hand
SO141002_SKU0067,ORD141002,DS014,SKU0067,2025-08-26 20:43:48,Pick fail
SO141031_SKU0045,ORD141031,DS015,SKU0045,2025-08-26 19:01:23,Zero on hand
SO141031_SKU0053,ORD141031,DS015,SKU0053,2025-08-26 19:01:23,Damaged
SO141032_SKU0052,ORD141032,DS015,SKU0052,2025-08-26 20:07:09,Expired
SO141053_SKU0072,ORD141053,DS015,SKU0072,2025-08-26 20:17:03,Pick fail
SO141058_SKU0014,ORD141058,DS015,SKU0014,2025-08-26 19:47:43,Expired
SO141072_SKU0065,ORD141072,DS016,SKU0065,2025-08-26 12:48:23,Damaged
SO141089_SKU0041,ORD141089,DS016,SKU0041,2025-08-26 21:32:51,Zero on hand
SO141104_SKU0022,ORD141104,DS016,SKU0022,2025-08-26 18:23:11,Zero on hand
SO141109_SKU0047,ORD141109,DS016,SKU0047,2025-08-26 11:22:34,Expired
SO141111_SKU0005,ORD141111,DS016,SKU0005,2025-08-26 20:35:46,Pick fail
SO141120_SKU0038,ORD141120,DS016,SKU0038,2025-08-26 15:50:28,Zero on hand
SO141121_SKU0062,ORD141121,DS016,SKU0062,2025-08-26 14:44:20,Pick fail
SO141123_SKU0051,ORD141123,DS016,SKU0051,2025-08-26 15:58:16,Pick fail
SO141123_SKU0013,ORD141123,DS016,SKU0013,2025-08-26 15:58:16,Pick fail
SO141131_SKU0064,ORD141131,DS016,SKU0064,2025-08-26 11:20:03,Pick fail
SO141133_SKU0049,ORD141133,DS016,SKU0049,2025-08-26 18:06:42,Zero on hand
SO141140_SKU0069,ORD141140,DS016,SKU0069,2025-08-26 17:26:43,Zero on hand
SO141142_SKU0052,ORD141142,DS016,SKU0052,2025-08-26 13:44:21,Damaged
SO141142_SKU0014,ORD141142,DS016,SKU0014,2025-08-26 13:44:21,Pick fail
SO141145_SKU0069,ORD141145,DS016,SKU0069,2025-08-26 16:09:13,Expired
SO141155_SKU0026,ORD141155,DS016,SKU0026,2025-08-26 18:43:22,Pick fail
SO141155_SKU0045,ORD141155,DS016,SKU0045,2025-08-26 18:43:22,Damaged
SO141171_SKU0077,ORD141171,DS016,SKU0077,2025-08-26 21:02:45,Pick fail
SO141172_SKU0021,ORD141172,DS016,SKU0021,2025-08-26 11:42:28,Pick fail
SO141180_SKU0009,ORD141180,DS016,SKU0009,2025-08-26 18:41:52,Pick fail
SO141188_SKU0062,ORD141188,DS016,SKU0062,2025-08-26 13:58:24,Damaged
SO141197_SKU0005,ORD141197,DS017,SKU0005,2025-08-26 12:40:06,Damaged
SO141198_SKU0064,ORD141198,DS017,SKU0064,2025-08-26 16:25:37,Zero on hand
SO141200_SKU0067,ORD141200,DS017,SKU0067,2025-08-26 13:19:07,Zero on hand
SO141210_SKU0050,ORD141210,DS017,SKU0050,2025-08-26 18:39:14,Damaged
SO141211_SKU0001,ORD141211,DS017,SKU0001,2025-08-26 19:00:34,Pick fail
SO141213_SKU0055,ORD141213,DS017,SKU0055,2025-08-26 08:06:50,Expired
SO141219_SKU0009,ORD141219,DS017,SKU0009,2025-08-26 16:18:23,Pick fail
SO141232_SKU0062,ORD141232,DS017,SKU0062,2025-08-26 11:26:40,Damaged
SO141238_SKU0011,ORD141238,DS017,SKU0011,2025-08-26 13:55:39,Zero on hand
SO141239_SKU0046,ORD141239,DS017,SKU0046,2025-08-26 12:13:12,Damaged
SO141249_SKU0003,ORD141249,DS017,SKU0003,2025-08-26 20:24:42,Pick fail
SO141249_SKU0001,ORD141249,DS017,SKU0001,2025-08-26 20:24:42,Pick fail
SO141253_SKU0003,ORD141253,DS017,SKU0003,2025-08-26 18:33:59,Damaged
SO141255_SKU0051,ORD141255,DS017,SKU0051,2025-08-26 20:59:02,Pick fail
SO141257_SKU0071,ORD141257,DS017,SKU0071,2025-08-26 18:06:52,Zero on hand
SO141262_SKU0056,ORD141262,DS017,SKU0056,2025-08-26 20:42:13,Zero on hand
SO141267_SKU0067,ORD141267,DS017,SKU0067,2025-08-26 15:03:42,Expired
SO141271_SKU0053,ORD141271,DS017,SKU0053,2025-08-26 08:11:45,Damaged
SO141290_SKU0078,ORD141290,DS001,SKU0078,2025-08-27 17:27:16,Expired
SO141294_SKU0024,ORD141294,DS001,SKU0024,2025-08-27 18:48:00,Damaged
SO141301_SKU0001,ORD141301,DS001,SKU0001,2025-08-27 17:48:14,Zero on hand
SO141305_SKU0068,ORD141305,DS001,SKU0068,2025-08-27 13:23:22,Expired
SO141308_SKU0005,ORD141308,DS001,SKU0005,2025-08-27 20:14:25,Expired
SO141329_SKU0020,ORD141329,DS001,SKU0020,2025-08-27 19:46:31,Zero on hand
SO141330_SKU0002,ORD141330,DS001,SKU0002,2025-08-27 13:08:24,Pick fail
SO141334_SKU0047,ORD141334,DS001,SKU0047,2025-08-27 18:30:37,Pick fail
SO141341_SKU0058,ORD141341,DS001,SKU0058,2025-08-27 12:47:50,Pick fail
SO141351_SKU0023,ORD141351,DS001,SKU0023,2025-08-27 17:44:12,Expired
SO141355_SKU0061,ORD141355,DS001,SKU0061,2025-08-27 19:58:36,Damaged
SO141355_SKU0063,ORD141355,DS001,SKU0063,2025-08-27 19:58:36,Zero on hand
SO141356_SKU0071,ORD141356,DS001,SKU0071,2025-08-27 08:55:06,Expired
SO141359_SKU0063,ORD141359,DS001,SKU0063,2025-08-27 20:42:50,Pick fail
SO141361_SKU0074,ORD141361,DS001,SKU0074,2025-08-27 14:14:15,Zero on hand
SO141366_SKU0048,ORD141366,DS001,SKU0048,2025-08-27 18:27:38,Pick fail
SO141373_SKU0063,ORD141373,DS001,SKU0063,2025-08-27 10:08:51,Pick fail
SO141377_SKU0006,ORD141377,DS001,SKU0006,2025-08-27 18:34:40,Pick fail
SO141380_SKU0057,ORD141380,DS001,SKU0057,2025-08-27 13:26:39,Zero on hand
SO141381_SKU0048,ORD141381,DS001,SKU0048,2025-08-27 19:16:10,Damaged
SO141389_SKU0055,ORD141389,DS001,SKU0055,2025-08-27 12:49:52,Damaged
SO141395_SKU0008,ORD141395,DS002,SKU0008,2025-08-27 17:44:59,Zero on hand
SO141395_SKU0022,ORD141395,DS002,SKU0022,2025-08-27 17:44:59,Expired
SO141402_SKU0019,ORD141402,DS002,SKU0019,2025-08-27 13:14:20,Expired
SO141403_SKU0005,ORD141403,DS002,SKU0005,2025-08-27 23:41:13,Pick fail
SO141405_SKU0044,ORD141405,DS002,SKU0044,2025-08-27 08:59:03,Pick fail
SO141413_SKU0076,ORD141413,DS002,SKU0076,2025-08-27 19:59:07,Damaged
SO141414_SKU0074,ORD141414,DS002,SKU0074,2025-08-27 18:03:46,Zero on hand
SO141422_SKU0041,ORD141422,DS002,SKU0041,2025-08-27 18:10:53,Damaged
SO141424_SKU0010,ORD141424,DS002,SKU0010,2025-08-27 18:08:31,Damaged
SO141427_SKU0004,ORD141427,DS002,SKU0004,2025-08-27 11:35:39,Expired
SO141428_SKU0062,ORD141428,DS002,SKU0062,2025-08-27 08:22:08,Pick fail
SO141431_SKU0063,ORD141431,DS002,SKU0063,2025-08-27 13:03:34,Zero on hand
SO141442_SKU0063,ORD141442,DS002,SKU0063,2025-08-27 22:25:44,Pick fail
SO141458_SKU0026,ORD141458,DS002,SKU0026,2025-08-27 20:29:20,Zero on hand
SO141461_SKU0005,ORD141461,DS002,SKU0005,2025-08-27 18:24:02,Pick fail
SO141463_SKU0040,ORD141463,DS002,SKU0040,2025-08-27 20:37:36,Zero on hand
SO141474_SKU0075,ORD141474,DS002,SKU0075,2025-08-27 15:13:12,Pick fail
SO141482_SKU0069,ORD141482,DS002,SKU0069,2025-08-27 19:06:13,Zero on hand
SO141484_SKU0048,ORD141484,DS002,SKU0048,2025-08-27 17:41:22,Damaged
SO141494_SKU0007,ORD141494,DS003,SKU0007,2025-08-27 15:28:14,Damaged
SO141497_SKU0002,ORD141497,DS003,SKU0002,2025-08-27 13:00:06,Pick fail
SO141518_SKU0049,ORD141518,DS003,SKU0049,2025-08-27 18:54:38,Pick fail
SO141521_SKU0008,ORD141521,DS003,SKU0008,2025-08-27 23:00:19,Zero on hand
SO141534_SKU0066,ORD141534,DS003,SKU0066,2025-08-27 09:54:35,Expired
SO141536_SKU0048,ORD141536,DS003,SKU0048,2025-08-27 13:50:52,Expired
SO141539_SKU0041,ORD141539,DS003,SKU0041,2025-08-27 20:13:01,Zero on hand
SO141541_SKU0032,ORD141541,DS003,SKU0032,2025-08-27 10:31:20,Zero on hand
SO141552_SKU0011,ORD141552,DS004,SKU0011,2025-08-27 20:57:22,Pick fail
SO141554_SKU0050,ORD141554,DS004,SKU0050,2025-08-27 20:34:33,Expired
SO141561_SKU0045,ORD141561,DS004,SKU0045,2025-08-27 21:58:08,Expired
SO141566_SKU0026,ORD141566,DS004,SKU0026,2025-08-27 09:30:34,Expired
SO141566_SKU0080,ORD141566,DS004,SKU0080,2025-08-27 09:30:34,Damaged
SO141568_SKU0062,ORD141568,DS004,SKU0062,2025-08-27 12:24:52,Zero on hand
SO141569_SKU0062,ORD141569,DS004,SKU0062,2025-08-27 11:56:37,Pick fail
SO141579_SKU0049,ORD141579,DS004,SKU0049,2025-08-27 17:25:36,Pick fail
SO141581_SKU0063,ORD141581,DS004,SKU0063,2025-08-27 12:03:32,Zero on hand
SO141594_SKU0068,ORD141594,DS004,SKU0068,2025-08-27 12:44:06,Pick fail
SO141601_SKU0069,ORD141601,DS004,SKU0069,2025-08-27 18:22:52,Zero on hand
SO141610_SKU0005,ORD141610,DS004,SKU0005,2025-08-27 15:57:24,Pick fail
SO141618_SKU0036,ORD141618,DS004,SKU0036,2025-08-27 17:25:15,Zero on hand
SO141633_SKU0001,ORD141633,DS005,SKU0001,2025-08-27 22:57:46,Expired
SO141636_SKU0067,ORD141636,DS005,SKU0067,2025-08-27 20:47:13,Zero on hand
SO141640_SKU0015,ORD141640,DS005,SKU0015,2025-08-27 20:16:21,Pick fail
SO141641_SKU0058,ORD141641,DS005,SKU0058,2025-08-27 12:50:27,Expired
SO141645_SKU0024,ORD141645,DS005,SKU0024,2025-08-27 17:46:33,Damaged
SO141647_SKU0046,ORD141647,DS005,SKU0046,2025-08-27 19:48:47,Expired
SO141648_SKU0048,ORD141648,DS005,SKU0048,2025-08-27 19:04:08,Damaged
SO141648_SKU0040,ORD141648,DS005,SKU0040,2025-08-27 19:04:08,Zero on hand
SO141659_SKU0046,ORD141659,DS005,SKU0046,2025-08-27 18:19:05,Zero on hand
SO141659_SKU0045,ORD141659,DS005,SKU0045,2025-08-27 18:19:05,Pick fail
SO141665_SKU0072,ORD141665,DS005,SKU0072,2025-08-27 12:01:50,Damaged
SO141665_SKU0045,ORD141665,DS005,SKU0045,2025-08-27 12:01:50,Damaged
SO141670_SKU0058,ORD141670,DS005,SKU0058,2025-08-27 16:49:28,Expired
SO141671_SKU0044,ORD141671,DS005,SKU0044,2025-08-27 19:21:27,Expired
SO141672_SKU0060,ORD141672,DS005,SKU0060,2025-08-27 20:44:44,Damaged
SO141674_SKU0069,ORD141674,DS005,SKU0069,2025-08-27 10:59:06,Damaged
SO141688_SKU0037,ORD141688,DS005,SKU0037,2025-08-27 16:31:30,Expired
SO141698_SKU0024,ORD141698,DS005,SKU0024,2025-08-27 19:48:42,Expired
SO141705_SKU0033,ORD141705,DS005,SKU0033,2025-08-27 20:23:25,Pick fail
SO141716_SKU0074,ORD141716,DS006,SKU0074,2025-08-27 09:17:26,Expired
SO141719_SKU0059,ORD141719,DS006,SKU0059,2025-08-27 11:26:01,Zero on hand
SO141719_SKU0066,ORD141719,DS006,SKU0066,2025-08-27 11:26:01,Zero on hand
SO141721_SKU0053,ORD141721,DS006,SKU0053,2025-08-27 22:28:23,Zero on hand
SO141728_SKU0026,ORD141728,DS006,SKU0026,2025-08-27 20:34:07,Damaged
SO141757_SKU0063,ORD141757,DS006,SKU0063,2025-08-27 15:03:48,Pick fail
SO141761_SKU0035,ORD141761,DS006,SKU0035,2025-08-27 23:48:50,Expired
SO141765_SKU0075,ORD141765,DS006,SKU0075,2025-08-27 11:24:08,Zero on hand
SO141775_SKU0007,ORD141775,DS006,SKU0007,2025-08-27 08:04:12,Damaged
SO141776_SKU0012,ORD141776,DS006,SKU0012,2025-08-27 15:20:15,Pick fail
SO141808_SKU0015,ORD141808,DS006,SKU0015,2025-08-27 08:26:59,Expired
SO141819_SKU0070,ORD141819,DS007,SKU0070,2025-08-27 10:25:52,Zero on hand
SO141822_SKU0068,ORD141822,DS007,SKU0068,2025-08-27 18:53:04,Pick fail
SO141828_SKU0057,ORD141828,DS007,SKU0057,2025-08-27 17:35:32,Expired
SO141829_SKU0079,ORD141829,DS007,SKU0079,2025-08-27 19:59:09,Expired
SO141833_SKU0040,ORD141833,DS007,SKU0040,2025-08-27 18:06:33,Pick fail
SO141845_SKU0040,ORD141845,DS007,SKU0040,2025-08-27 20:02:33,Zero on hand
SO141875_SKU0061,ORD141875,DS007,SKU0061,2025-08-27 21:46:43,Expired
SO141880_SKU0022,ORD141880,DS007,SKU0022,2025-08-27 11:54:26,Zero on hand
SO141882_SKU0069,ORD141882,DS007,SKU0069,2025-08-27 13:11:35,Pick fail
SO141898_SKU0042,ORD141898,DS007,SKU0042,2025-08-27 10:04:52,Pick fail
SO141898_SKU0067,ORD141898,DS007,SKU0067,2025-08-27 10:04:52,Zero on hand
SO141905_SKU0061,ORD141905,DS007,SKU0061,2025-08-27 20:17:05,Damaged
SO141920_SKU0075,ORD141920,DS008,SKU0075,2025-08-27 08:05:39,Expired
SO141925_SKU0056,ORD141925,DS008,SKU0056,2025-08-27 17:40:56,Damaged
SO141939_SKU0002,ORD141939,DS008,SKU0002,2025-08-27 15:41:28,Expired
SO141967_SKU0006,ORD141967,DS008,SKU0006,2025-08-27 12:39:15,Expired
SO141970_SKU0054,ORD141970,DS008,SKU0054,2025-08-27 15:21:22,Pick fail
SO141981_SKU0010,ORD141981,DS008,SKU0010,2025-08-27 19:25:54,Zero on hand
SO141993_SKU0059,ORD141993,DS009,SKU0059,2025-08-27 13:17:48,Damaged
SO142000_SKU0001,ORD142000,DS009,SKU0001,2025-08-27 21:29:20,Zero on hand
SO142002_SKU0053,ORD142002,DS009,SKU0053,2025-08-27 18:14:22,Expired
SO142005_SKU0018,ORD142005,DS009,SKU0018,2025-08-27 20:51:33,Pick fail
SO142007_SKU0073,ORD142007,DS009,SKU0073,2025-08-27 20:51:21,Damaged
SO142007_SKU0028,ORD142007,DS009,SKU0028,2025-08-27 20:51:21,Expired
SO142014_SKU0049,ORD142014,DS009,SKU0049,2025-08-27 18:17:07,Zero on hand
SO142016_SKU0003,ORD142016,DS009,SKU0003,2025-08-27 18:56:01,Damaged
SO142024_SKU0048,ORD142024,DS009,SKU0048,2025-08-27 19:03:54,Damaged
SO142032_SKU0072,ORD142032,DS009,SKU0072,2025-08-27 20:01:27,Pick fail
SO142035_SKU0065,ORD142035,DS009,SKU0065,2025-08-27 11:51:15,Damaged
SO142039_SKU0039,ORD142039,DS009,SKU0039,2025-08-27 16:34:23,Zero on hand
SO142042_SKU0070,ORD142042,DS009,SKU0070,2025-08-27 08:51:33,Zero on hand
SO142048_SKU0042,ORD142048,DS009,SKU0042,2025-08-27 14:17:16,Expired
SO142057_SKU0005,ORD142057,DS009,SKU0005,2025-08-27 13:16:26,Expired
SO142058_SKU0046,ORD142058,DS009,SKU0046,2025-08-27 19:23:16,Expired
SO142065_SKU0047,ORD142065,DS010,SKU0047,2025-08-27 12:36:59,Expired
SO142066_SKU0074,ORD142066,DS010,SKU0074,2025-08-27 18:46:57,Zero on hand
SO142075_SKU0039,ORD142075,DS010,SKU0039,2025-08-27 19:39:48,Pick fail
SO142076_SKU0002,ORD142076,DS010,SKU0002,2025-08-27 11:32:24,Expired
SO142080_SKU0058,ORD142080,DS010,SKU0058,2025-08-27 14:04:27,Damaged
SO142085_SKU0059,ORD142085,DS010,SKU0059,2025-08-27 18:59:43,Zero on hand
SO142085_SKU0027,ORD142085,DS010,SKU0027,2025-08-27 18:59:43,Expired
SO142090_SKU0008,ORD142090,DS010,SKU0008,2025-08-27 20:27:26,Pick fail
SO142090_SKU0051,ORD142090,DS010,SKU0051,2025-08-27 20:27:26,Expired
SO142098_SKU0069,ORD142098,DS010,SKU0069,2025-08-27 20:29:56,Damaged
SO142101_SKU0007,ORD142101,DS010,SKU0007,2025-08-27 14:23:14,Zero on hand
SO142109_SKU0009,ORD142109,DS010,SKU0009,2025-08-27 16:50:16,Expired
SO142112_SKU0058,ORD142112,DS010,SKU0058,2025-08-27 17:58:31,Zero on hand
SO142119_SKU0073,ORD142119,DS010,SKU0073,2025-08-27 13:59:26,Damaged
SO142122_SKU0009,ORD142122,DS010,SKU0009,2025-08-27 11:04:05,Zero on hand
SO142124_SKU0060,ORD142124,DS010,SKU0060,2025-08-27 14:27:53,Damaged
SO142136_SKU0077,ORD142136,DS010,SKU0077,2025-08-27 21:56:30,Zero on hand
SO142141_SKU0008,ORD142141,DS010,SKU0008,2025-08-27 17:16:43,Pick fail
SO142147_SKU0049,ORD142147,DS010,SKU0049,2025-08-27 15:22:53,Expired
SO142153_SKU0017,ORD142153,DS010,SKU0017,2025-08-27 19:10:35,Zero on hand
SO142174_SKU0051,ORD142174,DS011,SKU0051,2025-08-27 20:53:09,Zero on hand
SO142174_SKU0008,ORD142174,DS011,SKU0008,2025-08-27 20:53:09,Expired
SO142176_SKU0057,ORD142176,DS011,SKU0057,2025-08-27 14:25:43,Damaged
SO142178_SKU0022,ORD142178,DS011,SKU0022,2025-08-27 13:44:01,Expired
SO142180_SKU0007,ORD142180,DS011,SKU0007,2025-08-27 20:35:53,Pick fail
SO142184_SKU0057,ORD142184,DS011,SKU0057,2025-08-27 09:16:55,Expired
SO142186_SKU0054,ORD142186,DS011,SKU0054,2025-08-27 08:19:31,Pick fail
SO142194_SKU0001,ORD142194,DS011,SKU0001,2025-08-27 11:04:44,Pick fail
SO142195_SKU0001,ORD142195,DS011,SKU0001,2025-08-27 19:07:04,Pick fail
SO142201_SKU0005,ORD142201,DS011,SKU0005,2025-08-27 21:25:51,Pick fail
SO142205_SKU0049,ORD142205,DS011,SKU0049,2025-08-27 12:55:09,Pick fail
SO142208_SKU0050,ORD142208,DS011,SKU0050,2025-08-27 14:42:01,Expired
SO142213_SKU0030,ORD142213,DS011,SKU0030,2025-08-27 12:37:22,Pick fail
SO142216_SKU0042,ORD142216,DS011,SKU0042,2025-08-27 20:26:47,Expired
SO142216_SKU0070,ORD142216,DS011,SKU0070,2025-08-27 20:26:47,Damaged
SO142218_SKU0055,ORD142218,DS011,SKU0055,2025-08-27 21:18:09,Zero on hand
SO142226_SKU0023,ORD142226,DS011,SKU0023,2025-08-27 20:41:54,Damaged
SO142237_SKU0060,ORD142237,DS012,SKU0060,2025-08-27 12:56:06,Pick fail
SO142263_SKU0064,ORD142263,DS012,SKU0064,2025-08-27 15:14:10,Damaged
SO142268_SKU0035,ORD142268,DS012,SKU0035,2025-08-27 19:45:24,Zero on hand
SO142270_SKU0054,ORD142270,DS012,SKU0054,2025-08-27 17:36:28,Damaged
SO142274_SKU0025,ORD142274,DS012,SKU0025,2025-08-27 19:59:18,Pick fail
SO142291_SKU0040,ORD142291,DS012,SKU0040,2025-08-27 18:44:39,Expired
SO142291_SKU0029,ORD142291,DS012,SKU0029,2025-08-27 18:44:39,Expired
SO142310_SKU0064,ORD142310,DS012,SKU0064,2025-08-27 20:00:38,Damaged
SO142311_SKU0051,ORD142311,DS012,SKU0051,2025-08-27 12:25:56,Expired
SO142325_SKU0050,ORD142325,DS012,SKU0050,2025-08-27 20:18:22,Zero on hand
SO142326_SKU0019,ORD142326,DS012,SKU0019,2025-08-27 20:16:50,Zero on hand
SO142330_SKU0018,ORD142330,DS012,SKU0018,2025-08-27 18:12:17,Damaged
SO142332_SKU0048,ORD142332,DS012,SKU0048,2025-08-27 23:49:20,Expired
SO142332_SKU0063,ORD142332,DS012,SKU0063,2025-08-27 23:49:20,Zero on hand
SO142337_SKU0030,ORD142337,DS012,SKU0030,2025-08-27 11:06:14,Zero on hand
SO142339_SKU0018,ORD142339,DS012,SKU0018,2025-08-27 10:29:40,Damaged
SO142341_SKU0049,ORD142341,DS012,SKU0049,2025-08-27 19:28:27,Zero on hand
SO142361_SKU0031,ORD142361,DS013,SKU0031,2025-08-27 15:18:29,Damaged
SO142370_SKU0063,ORD142370,DS013,SKU0063,2025-08-27 20:19:00,Damaged
SO142382_SKU0063,ORD142382,DS013,SKU0063,2025-08-27 18:08:13,Pick fail
SO142388_SKU0012,ORD142388,DS013,SKU0012,2025-08-27 12:53:10,Zero on hand
SO142395_SKU0041,ORD142395,DS013,SKU0041,2025-08-27 23:53:12,Pick fail
SO142400_SKU0021,ORD142400,DS013,SKU0021,2025-08-27 20:14:19,Pick fail
SO142409_SKU0012,ORD142409,DS014,SKU0012,2025-08-27 16:43:09,Damaged
SO142414_SKU0002,ORD142414,DS014,SKU0002,2025-08-27 18:32:14,Zero on hand
SO142414_SKU0027,ORD142414,DS014,SKU0027,2025-08-27 18:32:14,Damaged
SO142420_SKU0009,ORD142420,DS014,SKU0009,2025-08-27 13:55:05,Damaged
SO142429_SKU0009,ORD142429,DS014,SKU0009,2025-08-27 10:16:49,Damaged
SO142433_SKU0077,ORD142433,DS014,SKU0077,2025-08-27 19:24:11,Damaged
SO142438_SKU0080,ORD142438,DS014,SKU0080,2025-08-27 23:55:53,Expired
SO142439_SKU0055,ORD142439,DS014,SKU0055,2025-08-27 13:27:37,Zero on hand
SO142451_SKU0047,ORD142451,DS014,SKU0047,2025-08-27 20:19:05,Damaged
SO142453_SKU0010,ORD142453,DS014,SKU0010,2025-08-27 12:50:28,Pick fail
SO142455_SKU0064,ORD142455,DS014,SKU0064,2025-08-27 12:01:59,Zero on hand
SO142461_SKU0048,ORD142461,DS014,SKU0048,2025-08-27 16:16:17,Pick fail
SO142463_SKU0004,ORD142463,DS014,SKU0004,2025-08-27 10:54:46,Pick fail
SO142464_SKU0046,ORD142464,DS014,SKU0046,2025-08-27 19:10:02,Expired
SO142468_SKU0060,ORD142468,DS014,SKU0060,2025-08-27 11:05:15,Damaged
SO142468_SKU0055,ORD142468,DS014,SKU0055,2025-08-27 11:05:15,Zero on hand
SO142470_SKU0069,ORD142470,DS014,SKU0069,2025-08-27 16:10:44,Zero on hand
SO142472_SKU0063,ORD142472,DS014,SKU0063,2025-08-27 17:45:14,Pick fail
SO142482_SKU0039,ORD142482,DS014,SKU0039,2025-08-27 10:37:22,Pick fail
SO142483_SKU0014,ORD142483,DS014,SKU0014,2025-08-27 19:54:03,Zero on hand
SO142487_SKU0071,ORD142487,DS015,SKU0071,2025-08-27 20:38:25,Damaged
SO142500_SKU0064,ORD142500,DS015,SKU0064,2025-08-27 18:59:46,Pick fail
SO142504_SKU0054,ORD142504,DS015,SKU0054,2025-08-27 12:41:47,Pick fail
SO142508_SKU0070,ORD142508,DS015,SKU0070,2025-08-27 12:29:05,Pick fail
SO142521_SKU0013,ORD142521,DS015,SKU0013,2025-08-27 11:31:40,Damaged
SO142522_SKU0014,ORD142522,DS015,SKU0014,2025-08-27 16:37:09,Expired
SO142526_SKU0057,ORD142526,DS015,SKU0057,2025-08-27 20:38:51,Pick fail
SO142539_SKU0011,ORD142539,DS015,SKU0011,2025-08-27 21:30:36,Pick fail
SO142543_SKU0025,ORD142543,DS016,SKU0025,2025-08-27 14:18:12,Expired
SO142553_SKU0048,ORD142553,DS016,SKU0048,2025-08-27 21:54:08,Expired
SO142558_SKU0008,ORD142558,DS016,SKU0008,2025-08-27 23:23:10,Damaged
SO142564_SKU0064,ORD142564,DS016,SKU0064,2025-08-27 12:26:46,Zero on hand
SO142564_SKU0062,ORD142564,DS016,SKU0062,2025-08-27 12:26:46,Pick fail
SO142572_SKU0032,ORD142572,DS016,SKU0032,2025-08-27 10:30:34,Expired
SO142583_SKU0007,ORD142583,DS016,SKU0007,2025-08-27 08:43:56,Zero on hand
SO142588_SKU0061,ORD142588,DS016,SKU0061,2025-08-27 15:36:56,Expired
SO142590_SKU0058,ORD142590,DS016,SKU0058,2025-08-27 17:38:06,Expired
SO142590_SKU0003,ORD142590,DS016,SKU0003,2025-08-27 17:38:06,Expired
SO142591_SKU0068,ORD142591,DS016,SKU0068,2025-08-27 14:12:18,Zero on hand
SO142599_SKU0027,ORD142599,DS016,SKU0027,2025-08-27 10:41:40,Damaged
SO142602_SKU0026,ORD142602,DS016,SKU0026,2025-08-27 19:53:08,Damaged
SO142603_SKU0031,ORD142603,DS016,SKU0031,2025-08-27 19:50:40,Zero on hand
SO142608_SKU0066,ORD142608,DS016,SKU0066,2025-08-27 15:28:31,Damaged
SO142613_SKU0066,ORD142613,DS016,SKU0066,2025-08-27 13:07:32,Expired
SO142631_SKU0035,ORD142631,DS016,SKU0035,2025-08-27 18:51:01,Pick fail
SO142643_SKU0053,ORD142643,DS016,SKU0053,2025-08-27 23:03:01,Expired
SO142644_SKU0036,ORD142644,DS016,SKU0036,2025-08-27 10:40:11,Zero on hand
SO142648_SKU0017,ORD142648,DS016,SKU0017,2025-08-27 19:46:10,Damaged
SO142652_SKU0066,ORD142652,DS016,SKU0066,2025-08-27 10:16:47,Zero on hand
SO142674_SKU0062,ORD142674,DS017,SKU0062,2025-08-27 16:37:43,Damaged
SO142679_SKU0035,ORD142679,DS017,SKU0035,2025-08-27 21:31:16,Pick fail
SO142687_SKU0011,ORD142687,DS017,SKU0011,2025-08-27 13:46:30,Pick fail
SO142696_SKU0073,ORD142696,DS017,SKU0073,2025-08-27 17:22:40,Damaged
SO142701_SKU0007,ORD142701,DS017,SKU0007,2025-08-27 11:28:16,Zero on hand
SO142702_SKU0016,ORD142702,DS017,SKU0016,2025-08-27 18:46:17,Pick fail
SO142721_SKU0028,ORD142721,DS017,SKU0028,2025-08-27 19:56:58,Damaged
SO142744_SKU0002,ORD142744,DS017,SKU0002,2025-08-27 15:59:16,Pick fail
SO142750_SKU0044,ORD142750,DS017,SKU0044,2025-08-27 13:19:57,Zero on hand
SO142759_SKU0010,ORD142759,DS017,SKU0010,2025-08-27 18:16:25,Expired
SO142773_SKU0022,ORD142773,DS017,SKU0022,2025-08-27 14:25:04,Pick fail
SO142784_SKU0001,ORD142784,DS001,SKU0001,2025-08-28 17:23:40,Damaged
SO142789_SKU0042,ORD142789,DS001,SKU0042,2025-08-28 19:09:43,Damaged
SO142791_SKU0028,ORD142791,DS001,SKU0028,2025-08-28 20:59:08,Expired
SO142799_SKU0054,ORD142799,DS001,SKU0054,2025-08-28 17:35:39,Expired
SO142812_SKU0067,ORD142812,DS001,SKU0067,2025-08-28 12:35:02,Expired
SO142816_SKU0022,ORD142816,DS001,SKU0022,2025-08-28 09:59:24,Pick fail
SO142818_SKU0049,ORD142818,DS001,SKU0049,2025-08-28 10:07:23,Zero on hand
SO142826_SKU0001,ORD142826,DS001,SKU0001,2025-08-28 12:54:45,Damaged
SO142830_SKU0027,ORD142830,DS001,SKU0027,2025-08-28 19:21:32,Damaged
SO142844_SKU0007,ORD142844,DS001,SKU0007,2025-08-28 19:00:53,Zero on hand
SO142848_SKU0066,ORD142848,DS001,SKU0066,2025-08-28 11:21:09,Pick fail
SO142849_SKU0068,ORD142849,DS001,SKU0068,2025-08-28 15:41:48,Zero on hand
SO142856_SKU0040,ORD142856,DS002,SKU0040,2025-08-28 08:02:02,Zero on hand
SO142865_SKU0076,ORD142865,DS002,SKU0076,2025-08-28 18:17:55,Pick fail
SO142867_SKU0059,ORD142867,DS002,SKU0059,2025-08-28 21:26:31,Expired
SO142872_SKU0049,ORD142872,DS002,SKU0049,2025-08-28 17:59:47,Damaged
SO142876_SKU0051,ORD142876,DS002,SKU0051,2025-08-28 09:28:54,Pick fail
SO142877_SKU0009,ORD142877,DS002,SKU0009,2025-08-28 22:28:27,Pick fail
SO142879_SKU0059,ORD142879,DS002,SKU0059,2025-08-28 18:21:29,Pick fail
SO142884_SKU0068,ORD142884,DS002,SKU0068,2025-08-28 21:04:06,Expired
SO142885_SKU0041,ORD142885,DS002,SKU0041,2025-08-28 13:21:47,Zero on hand
SO142890_SKU0055,ORD142890,DS002,SKU0055,2025-08-28 08:45:16,Zero on hand
SO142890_SKU0002,ORD142890,DS002,SKU0002,2025-08-28 08:45:16,Zero on hand
SO142896_SKU0061,ORD142896,DS002,SKU0061,2025-08-28 09:28:26,Pick fail
SO142903_SKU0072,ORD142903,DS002,SKU0072,2025-08-28 11:49:42,Expired
SO142904_SKU0010,ORD142904,DS002,SKU0010,2025-08-28 14:04:00,Zero on hand
SO142905_SKU0046,ORD142905,DS002,SKU0046,2025-08-28 12:36:44,Zero on hand
SO142915_SKU0027,ORD142915,DS002,SKU0027,2025-08-28 19:34:57,Zero on hand
SO142918_SKU0011,ORD142918,DS002,SKU0011,2025-08-28 12:29:41,Damaged
SO142921_SKU0052,ORD142921,DS002,SKU0052,2025-08-28 12:24:10,Damaged
SO142925_SKU0073,ORD142925,DS002,SKU0073,2025-08-28 20:31:31,Damaged
SO142928_SKU0069,ORD142928,DS002,SKU0069,2025-08-28 15:03:12,Expired
SO142932_SKU0018,ORD142932,DS003,SKU0018,2025-08-28 20:58:21,Expired
SO142933_SKU0028,ORD142933,DS003,SKU0028,2025-08-28 18:32:06,Zero on hand
SO142934_SKU0017,ORD142934,DS003,SKU0017,2025-08-28 16:17:39,Pick fail
SO142935_SKU0071,ORD142935,DS003,SKU0071,2025-08-28 11:34:42,Damaged
SO142945_SKU0055,ORD142945,DS003,SKU0055,2025-08-28 16:39:25,Pick fail
SO142957_SKU0061,ORD142957,DS003,SKU0061,2025-08-28 20:09:46,Pick fail
SO142968_SKU0005,ORD142968,DS003,SKU0005,2025-08-28 21:16:11,Expired
SO142976_SKU0058,ORD142976,DS003,SKU0058,2025-08-28 16:17:17,Damaged
SO142981_SKU0055,ORD142981,DS003,SKU0055,2025-08-28 10:17:10,Zero on hand
SO142994_SKU0032,ORD142994,DS003,SKU0032,2025-08-28 12:52:18,Pick fail
SO143003_SKU0022,ORD143003,DS004,SKU0022,2025-08-28 20:50:45,Pick fail
SO143005_SKU0051,ORD143005,DS004,SKU0051,2025-08-28 19:06:13,Expired
SO143008_SKU0021,ORD143008,DS004,SKU0021,2025-08-28 22:32:57,Zero on hand
SO143009_SKU0012,ORD143009,DS004,SKU0012,2025-08-28 12:02:09,Expired
SO143013_SKU0047,ORD143013,DS004,SKU0047,2025-08-28 20:27:46,Expired
SO143017_SKU0017,ORD143017,DS004,SKU0017,2025-08-28 14:45:54,Expired
SO143023_SKU0021,ORD143023,DS004,SKU0021,2025-08-28 16:24:05,Damaged
SO143025_SKU0075,ORD143025,DS004,SKU0075,2025-08-28 17:43:20,Zero on hand
SO143030_SKU0059,ORD143030,DS004,SKU0059,2025-08-28 13:51:47,Pick fail
SO143032_SKU0029,ORD143032,DS004,SKU0029,2025-08-28 14:41:57,Damaged
SO143041_SKU0002,ORD143041,DS004,SKU0002,2025-08-28 13:16:53,Pick fail
SO143048_SKU0039,ORD143048,DS004,SKU0039,2025-08-28 15:09:47,Zero on hand
SO143057_SKU0051,ORD143057,DS005,SKU0051,2025-08-28 18:20:21,Zero on hand
SO143058_SKU0048,ORD143058,DS005,SKU0048,2025-08-28 22:14:28,Damaged
SO143061_SKU0011,ORD143061,DS005,SKU0011,2025-08-28 11:17:39,Expired
SO143062_SKU0065,ORD143062,DS005,SKU0065,2025-08-28 20:38:46,Pick fail
SO143065_SKU0065,ORD143065,DS005,SKU0065,2025-08-28 12:44:00,Zero on hand
SO143065_SKU0009,ORD143065,DS005,SKU0009,2025-08-28 12:44:00,Expired
SO143071_SKU0054,ORD143071,DS005,SKU0054,2025-08-28 18:15:54,Expired
SO143072_SKU0079,ORD143072,DS005,SKU0079,2025-08-28 21:20:12,Pick fail
SO143076_SKU0041,ORD143076,DS005,SKU0041,2025-08-28 20:47:14,Zero on hand
SO143078_SKU0003,ORD143078,DS005,SKU0003,2025-08-28 08:03:49,Zero on hand
SO143087_SKU0077,ORD143087,DS005,SKU0077,2025-08-28 08:40:59,Pick fail
SO143096_SKU0066,ORD143096,DS005,SKU0066,2025-08-28 19:26:55,Damaged
SO143108_SKU0058,ORD143108,DS005,SKU0058,2025-08-28 19:33:37,Zero on hand
SO143114_SKU0065,ORD143114,DS005,SKU0065,2025-08-28 09:44:31,Damaged
SO143116_SKU0003,ORD143116,DS005,SKU0003,2025-08-28 14:30:06,Expired
SO143122_SKU0058,ORD143122,DS005,SKU0058,2025-08-28 18:58:00,Expired
SO143131_SKU0006,ORD143131,DS005,SKU0006,2025-08-28 15:12:31,Expired
SO143145_SKU0008,ORD143145,DS005,SKU0008,2025-08-28 16:31:21,Pick fail
SO143147_SKU0044,ORD143147,DS005,SKU0044,2025-08-28 20:11:44,Damaged
SO143156_SKU0074,ORD143156,DS006,SKU0074,2025-08-28 15:58:39,Expired
SO143184_SKU0069,ORD143184,DS006,SKU0069,2025-08-28 10:05:03,Pick fail
SO143186_SKU0053,ORD143186,DS006,SKU0053,2025-08-28 16:14:24,Expired
SO143187_SKU0059,ORD143187,DS006,SKU0059,2025-08-28 13:51:42,Zero on hand
SO143194_SKU0001,ORD143194,DS006,SKU0001,2025-08-28 23:43:21,Expired
SO143195_SKU0030,ORD143195,DS006,SKU0030,2025-08-28 11:44:56,Damaged
SO143211_SKU0028,ORD143211,DS006,SKU0028,2025-08-28 18:40:57,Pick fail
SO143225_SKU0008,ORD143225,DS006,SKU0008,2025-08-28 12:48:39,Expired
SO143238_SKU0012,ORD143238,DS006,SKU0012,2025-08-28 10:35:42,Zero on hand
SO143258_SKU0021,ORD143258,DS007,SKU0021,2025-08-28 18:26:05,Pick fail
SO143259_SKU0049,ORD143259,DS007,SKU0049,2025-08-28 16:09:55,Expired
SO143265_SKU0048,ORD143265,DS007,SKU0048,2025-08-28 12:47:08,Damaged
SO143265_SKU0063,ORD143265,DS007,SKU0063,2025-08-28 12:47:08,Pick fail
SO143288_SKU0012,ORD143288,DS007,SKU0012,2025-08-28 21:24:43,Damaged
SO143295_SKU0015,ORD143295,DS007,SKU0015,2025-08-28 19:14:07,Pick fail
SO143297_SKU0050,ORD143297,DS007,SKU0050,2025-08-28 19:33:46,Pick fail
SO143311_SKU0068,ORD143311,DS007,SKU0068,2025-08-28 20:39:50,Damaged
SO143321_SKU0064,ORD143321,DS007,SKU0064,2025-08-28 15:34:19,Damaged
SO143321_SKU0044,ORD143321,DS007,SKU0044,2025-08-28 15:34:19,Pick fail
SO143328_SKU0037,ORD143328,DS007,SKU0037,2025-08-28 12:59:45,Pick fail
SO143338_SKU0052,ORD143338,DS007,SKU0052,2025-08-28 12:49:46,Pick fail
SO143339_SKU0004,ORD143339,DS007,SKU0004,2025-08-28 18:52:27,Pick fail
SO143339_SKU0062,ORD143339,DS007,SKU0062,2025-08-28 18:52:27,Damaged
SO143356_SKU0044,ORD143356,DS008,SKU0044,2025-08-28 16:45:18,Pick fail
SO143364_SKU0024,ORD143364,DS008,SKU0024,2025-08-28 10:43:03,Pick fail
SO143383_SKU0061,ORD143383,DS008,SKU0061,2025-08-28 14:33:22,Pick fail
SO143397_SKU0050,ORD143397,DS008,SKU0050,2025-08-28 08:44:28,Damaged
SO143398_SKU0051,ORD143398,DS008,SKU0051,2025-08-28 17:57:28,Damaged
SO143407_SKU0007,ORD143407,DS008,SKU0007,2025-08-28 20:12:22,Damaged
SO143425_SKU0045,ORD143425,DS008,SKU0045,2025-08-28 19:12:07,Damaged
SO143426_SKU0050,ORD143426,DS008,SKU0050,2025-08-28 20:00:05,Damaged
SO143433_SKU0013,ORD143433,DS009,SKU0013,2025-08-28 12:55:19,Damaged
SO143436_SKU0072,ORD143436,DS009,SKU0072,2025-08-28 21:15:18,Expired
SO143437_SKU0057,ORD143437,DS009,SKU0057,2025-08-28 12:56:13,Zero on hand
SO143447_SKU0077,ORD143447,DS009,SKU0077,2025-08-28 09:05:24,Damaged
SO143449_SKU0074,ORD143449,DS009,SKU0074,2025-08-28 13:19:07,Zero on hand
SO143451_SKU0005,ORD143451,DS009,SKU0005,2025-08-28 17:10:09,Pick fail
SO143488_SKU0074,ORD143488,DS009,SKU0074,2025-08-28 13:25:03,Pick fail
SO143495_SKU0063,ORD143495,DS010,SKU0063,2025-08-28 09:42:20,Zero on hand
SO143546_SKU0006,ORD143546,DS010,SKU0006,2025-08-28 10:40:41,Expired
SO143549_SKU0059,ORD143549,DS010,SKU0059,2025-08-28 12:53:56,Damaged
SO143556_SKU0017,ORD143556,DS010,SKU0017,2025-08-28 18:20:20,Pick fail
SO143570_SKU0038,ORD143570,DS011,SKU0038,2025-08-28 13:33:31,Damaged
SO143573_SKU0004,ORD143573,DS011,SKU0004,2025-08-28 18:28:14,Damaged
SO143577_SKU0066,ORD143577,DS011,SKU0066,2025-08-28 19:42:01,Damaged
SO143578_SKU0027,ORD143578,DS011,SKU0027,2025-08-28 14:32:40,Zero on hand
SO143583_SKU0059,ORD143583,DS011,SKU0059,2025-08-28 10:40:40,Pick fail
SO143592_SKU0047,ORD143592,DS011,SKU0047,2025-08-28 18:59:42,Zero on hand
SO143598_SKU0008,ORD143598,DS011,SKU0008,2025-08-28 19:05:39,Damaged
SO143601_SKU0020,ORD143601,DS011,SKU0020,2025-08-28 18:39:28,Zero on hand
SO143603_SKU0044,ORD143603,DS011,SKU0044,2025-08-28 18:19:11,Expired
SO143607_SKU0020,ORD143607,DS011,SKU0020,2025-08-28 16:55:35,Zero on hand
SO143620_SKU0014,ORD143620,DS011,SKU0014,2025-08-28 20:51:09,Pick fail
SO143623_SKU0073,ORD143623,DS011,SKU0073,2025-08-28 16:05:27,Damaged
SO143625_SKU0040,ORD143625,DS011,SKU0040,2025-08-28 23:22:17,Zero on hand
SO143625_SKU0073,ORD143625,DS011,SKU0073,2025-08-28 23:22:17,Damaged
SO143626_SKU0016,ORD143626,DS011,SKU0016,2025-08-28 08:03:09,Pick fail
SO143636_SKU0009,ORD143636,DS012,SKU0009,2025-08-28 18:03:34,Pick fail
SO143637_SKU0050,ORD143637,DS012,SKU0050,2025-08-28 13:44:09,Expired
SO143642_SKU0019,ORD143642,DS012,SKU0019,2025-08-28 20:11:57,Damaged
SO143644_SKU0043,ORD143644,DS012,SKU0043,2025-08-28 20:57:45,Damaged
SO143646_SKU0006,ORD143646,DS012,SKU0006,2025-08-28 13:12:21,Expired
SO143660_SKU0015,ORD143660,DS012,SKU0015,2025-08-28 20:40:48,Damaged
SO143667_SKU0041,ORD143667,DS012,SKU0041,2025-08-28 16:26:01,Pick fail
SO143672_SKU0062,ORD143672,DS012,SKU0062,2025-08-28 17:13:11,Damaged
SO143686_SKU0039,ORD143686,DS012,SKU0039,2025-08-28 18:18:56,Damaged
SO143688_SKU0011,ORD143688,DS012,SKU0011,2025-08-28 20:29:33,Pick fail
SO143688_SKU0048,ORD143688,DS012,SKU0048,2025-08-28 20:29:33,Pick fail
SO143697_SKU0041,ORD143697,DS012,SKU0041,2025-08-28 17:00:37,Pick fail
SO143706_SKU0063,ORD143706,DS012,SKU0063,2025-08-28 22:25:54,Pick fail
SO143710_SKU0003,ORD143710,DS012,SKU0003,2025-08-28 16:30:05,Pick fail
SO143726_SKU0070,ORD143726,DS013,SKU0070,2025-08-28 16:04:25,Zero on hand
SO143738_SKU0002,ORD143738,DS013,SKU0002,2025-08-28 20:59:17,Expired
SO143772_SKU0040,ORD143772,DS013,SKU0040,2025-08-28 20:46:11,Pick fail
SO143776_SKU0070,ORD143776,DS013,SKU0070,2025-08-28 20:31:39,Damaged
SO143784_SKU0063,ORD143784,DS013,SKU0063,2025-08-28 18:47:48,Pick fail
SO143785_SKU0058,ORD143785,DS013,SKU0058,2025-08-28 17:52:32,Expired
SO143790_SKU0071,ORD143790,DS013,SKU0071,2025-08-28 09:23:37,Expired
SO143793_SKU0066,ORD143793,DS013,SKU0066,2025-08-28 19:42:33,Zero on hand
SO143798_SKU0006,ORD143798,DS013,SKU0006,2025-08-28 19:36:03,Expired
SO143812_SKU0048,ORD143812,DS014,SKU0048,2025-08-28 14:35:33,Expired
SO143825_SKU0054,ORD143825,DS014,SKU0054,2025-08-28 21:59:43,Pick fail
SO143840_SKU0029,ORD143840,DS014,SKU0029,2025-08-28 16:03:09,Expired
SO143845_SKU0001,ORD143845,DS014,SKU0001,2025-08-28 20:49:24,Pick fail
SO143848_SKU0065,ORD143848,DS014,SKU0065,2025-08-28 10:56:49,Damaged
SO143848_SKU0019,ORD143848,DS014,SKU0019,2025-08-28 10:56:49,Expired
SO143858_SKU0070,ORD143858,DS014,SKU0070,2025-08-28 16:22:59,Expired
SO143861_SKU0071,ORD143861,DS014,SKU0071,2025-08-28 19:00:43,Expired
SO143869_SKU0013,ORD143869,DS014,SKU0013,2025-08-28 18:23:12,Damaged
SO143870_SKU0061,ORD143870,DS014,SKU0061,2025-08-28 09:21:43,Pick fail
SO143873_SKU0009,ORD143873,DS014,SKU0009,2025-08-28 19:09:57,Damaged
SO143882_SKU0074,ORD143882,DS014,SKU0074,2025-08-28 12:36:07,Pick fail
SO143884_SKU0023,ORD143884,DS014,SKU0023,2025-08-28 13:07:53,Zero on hand
SO143891_SKU0002,ORD143891,DS014,SKU0002,2025-08-28 15:08:29,Expired
SO143901_SKU0040,ORD143901,DS014,SKU0040,2025-08-28 22:16:16,Damaged
SO143903_SKU0008,ORD143903,DS015,SKU0008,2025-08-28 17:42:15,Damaged
SO143905_SKU0004,ORD143905,DS015,SKU0004,2025-08-28 19:03:59,Damaged
SO143913_SKU0034,ORD143913,DS015,SKU0034,2025-08-28 20:13:53,Damaged
SO143915_SKU0046,ORD143915,DS015,SKU0046,2025-08-28 18:54:49,Expired
SO143917_SKU0038,ORD143917,DS015,SKU0038,2025-08-28 18:15:45,Expired
SO143930_SKU0066,ORD143930,DS015,SKU0066,2025-08-28 17:20:38,Damaged
SO143935_SKU0069,ORD143935,DS015,SKU0069,2025-08-28 21:51:19,Pick fail
SO143942_SKU0076,ORD143942,DS015,SKU0076,2025-08-28 12:17:45,Expired
SO143948_SKU0059,ORD143948,DS015,SKU0059,2025-08-28 13:11:57,Zero on hand
SO143949_SKU0055,ORD143949,DS015,SKU0055,2025-08-28 19:11:43,Zero on hand
SO143952_SKU0069,ORD143952,DS015,SKU0069,2025-08-28 19:21:58,Pick fail
SO143962_SKU0065,ORD143962,DS015,SKU0065,2025-08-28 15:13:56,Pick fail
SO143966_SKU0073,ORD143966,DS015,SKU0073,2025-08-28 22:21:00,Pick fail
SO143970_SKU0062,ORD143970,DS016,SKU0062,2025-08-28 12:35:01,Expired
SO143975_SKU0078,ORD143975,DS016,SKU0078,2025-08-28 12:10:15,Expired
SO143982_SKU0026,ORD143982,DS016,SKU0026,2025-08-28 21:39:42,Pick fail
SO143983_SKU0008,ORD143983,DS016,SKU0008,2025-08-28 19:38:04,Zero on hand
SO143990_SKU0062,ORD143990,DS016,SKU0062,2025-08-28 18:31:46,Expired
SO143992_SKU0023,ORD143992,DS016,SKU0023,2025-08-28 18:30:26,Pick fail
SO144010_SKU0022,ORD144010,DS016,SKU0022,2025-08-28 16:45:26,Damaged
SO144020_SKU0003,ORD144020,DS016,SKU0003,2025-08-28 18:20:08,Expired
SO144031_SKU0068,ORD144031,DS016,SKU0068,2025-08-28 15:12:53,Damaged
SO144033_SKU0004,ORD144033,DS016,SKU0004,2025-08-28 19:52:31,Pick fail
SO144044_SKU0023,ORD144044,DS016,SKU0023,2025-08-28 14:49:20,Damaged
SO144058_SKU0074,ORD144058,DS016,SKU0074,2025-08-28 11:49:33,Pick fail
SO144061_SKU0041,ORD144061,DS016,SKU0041,2025-08-28 13:49:27,Damaged
SO144066_SKU0058,ORD144066,DS016,SKU0058,2025-08-28 18:41:33,Damaged
SO144069_SKU0046,ORD144069,DS016,SKU0046,2025-08-28 16:01:25,Pick fail
SO144101_SKU0009,ORD144101,DS017,SKU0009,2025-08-28 20:23:54,Pick fail
SO144107_SKU0045,ORD144107,DS017,SKU0045,2025-08-28 12:06:05,Damaged
SO144110_SKU0077,ORD144110,DS017,SKU0077,2025-08-28 20:39:45,Expired
SO144115_SKU0006,ORD144115,DS017,SKU0006,2025-08-28 16:42:32,Expired
SO144122_SKU0032,ORD144122,DS017,SKU0032,2025-08-28 16:17:41,Pick fail
SO144123_SKU0051,ORD144123,DS017,SKU0051,2025-08-28 18:34:36,Zero on hand
SO144130_SKU0058,ORD144130,DS017,SKU0058,2025-08-28 10:59:04,Damaged
SO144157_SKU0014,ORD144157,DS017,SKU0014,2025-08-28 14:50:29,Expired
SO144159_SKU0059,ORD144159,DS017,SKU0059,2025-08-28 12:27:20,Expired
SO144175_SKU0047,ORD144175,DS017,SKU0047,2025-08-28 16:55:28,Damaged
SO144182_SKU0010,ORD144182,DS017,SKU0010,2025-08-28 20:30:56,Expired
SO144196_SKU0069,ORD144196,DS001,SKU0069,2025-08-29 22:54:41,Zero on hand
SO144215_SKU0067,ORD144215,DS001,SKU0067,2025-08-29 22:49:24,Damaged
SO144256_SKU0052,ORD144256,DS001,SKU0052,2025-08-29 17:49:14,Damaged
SO144274_SKU0054,ORD144274,DS001,SKU0054,2025-08-29 17:49:57,Zero on hand
SO144285_SKU0035,ORD144285,DS001,SKU0035,2025-08-29 19:30:05,Damaged
SO144304_SKU0061,ORD144304,DS001,SKU0061,2025-08-29 09:34:11,Expired
SO144309_SKU0063,ORD144309,DS001,SKU0063,2025-08-29 20:22:40,Damaged
SO144312_SKU0055,ORD144312,DS001,SKU0055,2025-08-29 12:36:41,Zero on hand
SO144339_SKU0080,ORD144339,DS002,SKU0080,2025-08-29 19:21:09,Pick fail
SO144339_SKU0041,ORD144339,DS002,SKU0041,2025-08-29 19:21:09,Expired
SO144340_SKU0069,ORD144340,DS002,SKU0069,2025-08-29 13:51:09,Zero on hand
SO144348_SKU0064,ORD144348,DS002,SKU0064,2025-08-29 09:42:55,Expired
SO144351_SKU0014,ORD144351,DS002,SKU0014,2025-08-29 23:05:37,Expired
SO144352_SKU0061,ORD144352,DS002,SKU0061,2025-08-29 13:29:20,Expired
SO144352_SKU0026,ORD144352,DS002,SKU0026,2025-08-29 13:29:20,Expired
SO144354_SKU0056,ORD144354,DS002,SKU0056,2025-08-29 17:54:35,Pick fail
SO144356_SKU0036,ORD144356,DS002,SKU0036,2025-08-29 20:03:06,Expired
SO144356_SKU0006,ORD144356,DS002,SKU0006,2025-08-29 20:03:06,Damaged
SO144356_SKU0049,ORD144356,DS002,SKU0049,2025-08-29 20:03:06,Pick fail
SO144359_SKU0009,ORD144359,DS002,SKU0009,2025-08-29 12:26:27,Damaged
SO144368_SKU0066,ORD144368,DS002,SKU0066,2025-08-29 12:49:51,Damaged
SO144371_SKU0069,ORD144371,DS002,SKU0069,2025-08-29 08:53:37,Damaged
SO144374_SKU0062,ORD144374,DS002,SKU0062,2025-08-29 19:59:31,Expired
SO144378_SKU0075,ORD144378,DS002,SKU0075,2025-08-29 10:07:26,Pick fail
SO144380_SKU0009,ORD144380,DS002,SKU0009,2025-08-29 09:16:30,Damaged
SO144384_SKU0008,ORD144384,DS002,SKU0008,2025-08-29 16:30:16,Damaged
SO144384_SKU0020,ORD144384,DS002,SKU0020,2025-08-29 16:30:16,Zero on hand
SO144397_SKU0076,ORD144397,DS002,SKU0076,2025-08-29 19:58:58,Pick fail
SO144399_SKU0001,ORD144399,DS002,SKU0001,2025-08-29 18:38:07,Pick fail
SO144409_SKU0072,ORD144409,DS002,SKU0072,2025-08-29 11:30:55,Expired
SO144410_SKU0009,ORD144410,DS002,SKU0009,2025-08-29 08:01:40,Pick fail
SO144410_SKU0067,ORD144410,DS002,SKU0067,2025-08-29 08:01:40,Pick fail
SO144428_SKU0044,ORD144428,DS003,SKU0044,2025-08-29 19:37:17,Pick fail
SO144429_SKU0055,ORD144429,DS003,SKU0055,2025-08-29 09:15:23,Zero on hand
SO144437_SKU0023,ORD144437,DS003,SKU0023,2025-08-29 16:57:24,Damaged
SO144438_SKU0076,ORD144438,DS003,SKU0076,2025-08-29 21:14:50,Damaged
SO144441_SKU0052,ORD144441,DS003,SKU0052,2025-08-29 21:31:50,Expired
SO144450_SKU0018,ORD144450,DS003,SKU0018,2025-08-29 19:45:15,Pick fail
SO144450_SKU0002,ORD144450,DS003,SKU0002,2025-08-29 19:45:15,Pick fail
SO144454_SKU0004,ORD144454,DS003,SKU0004,2025-08-29 19:10:02,Damaged
SO144461_SKU0032,ORD144461,DS003,SKU0032,2025-08-29 19:26:07,Pick fail
SO144462_SKU0056,ORD144462,DS003,SKU0056,2025-08-29 14:41:45,Zero on hand
SO144476_SKU0066,ORD144476,DS003,SKU0066,2025-08-29 21:47:30,Pick fail
SO144480_SKU0051,ORD144480,DS003,SKU0051,2025-08-29 09:13:01,Expired
SO144508_SKU0060,ORD144508,DS003,SKU0060,2025-08-29 12:50:29,Expired
SO144515_SKU0003,ORD144515,DS004,SKU0003,2025-08-29 11:25:52,Zero on hand
SO144519_SKU0011,ORD144519,DS004,SKU0011,2025-08-29 15:48:11,Pick fail
SO144530_SKU0054,ORD144530,DS004,SKU0054,2025-08-29 21:59:18,Zero on hand
SO144531_SKU0011,ORD144531,DS004,SKU0011,2025-08-29 20:56:13,Expired
SO144539_SKU0036,ORD144539,DS004,SKU0036,2025-08-29 18:06:49,Expired
SO144546_SKU0064,ORD144546,DS004,SKU0064,2025-08-29 17:49:38,Expired
SO144548_SKU0027,ORD144548,DS004,SKU0027,2025-08-29 08:03:04,Zero on hand
SO144558_SKU0061,ORD144558,DS004,SKU0061,2025-08-29 20:00:56,Damaged
SO144563_SKU0044,ORD144563,DS004,SKU0044,2025-08-29 16:42:59,Pick fail
SO144569_SKU0006,ORD144569,DS004,SKU0006,2025-08-29 11:21:01,Damaged
SO144578_SKU0046,ORD144578,DS004,SKU0046,2025-08-29 15:35:58,Damaged
SO144579_SKU0003,ORD144579,DS004,SKU0003,2025-08-29 16:08:30,Expired
SO144583_SKU0075,ORD144583,DS005,SKU0075,2025-08-29 20:49:59,Pick fail
SO144585_SKU0004,ORD144585,DS005,SKU0004,2025-08-29 16:50:41,Expired
SO144588_SKU0051,ORD144588,DS005,SKU0051,2025-08-29 11:35:11,Zero on hand
SO144589_SKU0033,ORD144589,DS005,SKU0033,2025-08-29 20:05:40,Zero on hand
SO144594_SKU0053,ORD144594,DS005,SKU0053,2025-08-29 15:26:34,Damaged
SO144595_SKU0078,ORD144595,DS005,SKU0078,2025-08-29 18:37:41,Damaged
SO144596_SKU0079,ORD144596,DS005,SKU0079,2025-08-29 20:46:01,Zero on hand
SO144596_SKU0023,ORD144596,DS005,SKU0023,2025-08-29 20:46:01,Damaged
SO144598_SKU0064,ORD144598,DS005,SKU0064,2025-08-29 14:00:44,Zero on hand
SO144601_SKU0055,ORD144601,DS005,SKU0055,2025-08-29 11:32:06,Zero on hand
SO144602_SKU0054,ORD144602,DS005,SKU0054,2025-08-29 15:02:38,Pick fail
SO144606_SKU0007,ORD144606,DS005,SKU0007,2025-08-29 12:26:25,Damaged
SO144616_SKU0019,ORD144616,DS005,SKU0019,2025-08-29 18:03:00,Pick fail
SO144616_SKU0028,ORD144616,DS005,SKU0028,2025-08-29 18:03:00,Damaged
SO144620_SKU0051,ORD144620,DS005,SKU0051,2025-08-29 20:59:43,Zero on hand
SO144622_SKU0057,ORD144622,DS005,SKU0057,2025-08-29 12:27:12,Expired
SO144630_SKU0002,ORD144630,DS005,SKU0002,2025-08-29 13:26:12,Zero on hand
SO144639_SKU0048,ORD144639,DS005,SKU0048,2025-08-29 20:06:45,Damaged
SO144640_SKU0040,ORD144640,DS005,SKU0040,2025-08-29 19:46:59,Expired
SO144643_SKU0047,ORD144643,DS005,SKU0047,2025-08-29 16:48:37,Pick fail
SO144662_SKU0030,ORD144662,DS005,SKU0030,2025-08-29 18:45:45,Damaged
SO144662_SKU0037,ORD144662,DS005,SKU0037,2025-08-29 18:45:45,Expired
SO144674_SKU0029,ORD144674,DS005,SKU0029,2025-08-29 16:50:53,Expired
SO144690_SKU0062,ORD144690,DS005,SKU0062,2025-08-29 17:43:03,Expired
SO144701_SKU0040,ORD144701,DS006,SKU0040,2025-08-29 16:18:41,Zero on hand
SO144704_SKU0046,ORD144704,DS006,SKU0046,2025-08-29 21:48:56,Zero on hand
SO144705_SKU0054,ORD144705,DS006,SKU0054,2025-08-29 17:35:19,Damaged
SO144717_SKU0064,ORD144717,DS006,SKU0064,2025-08-29 20:31:04,Damaged
SO144749_SKU0022,ORD144749,DS006,SKU0022,2025-08-29 11:57:18,Damaged
SO144751_SKU0065,ORD144751,DS006,SKU0065,2025-08-29 16:02:59,Zero on hand
SO144763_SKU0002,ORD144763,DS006,SKU0002,2025-08-29 17:30:22,Pick fail
SO144767_SKU0013,ORD144767,DS006,SKU0013,2025-08-29 14:31:16,Zero on hand
SO144770_SKU0043,ORD144770,DS006,SKU0043,2025-08-29 09:32:01,Pick fail
SO144775_SKU0071,ORD144775,DS006,SKU0071,2025-08-29 12:45:02,Zero on hand
SO144782_SKU0062,ORD144782,DS006,SKU0062,2025-08-29 19:12:11,Expired
SO144826_SKU0013,ORD144826,DS006,SKU0013,2025-08-29 17:43:36,Expired
SO144829_SKU0067,ORD144829,DS006,SKU0067,2025-08-29 12:53:17,Damaged
SO144832_SKU0043,ORD144832,DS006,SKU0043,2025-08-29 19:02:24,Damaged
SO144832_SKU0075,ORD144832,DS006,SKU0075,2025-08-29 19:02:24,Damaged
SO144832_SKU0014,ORD144832,DS006,SKU0014,2025-08-29 19:02:24,Pick fail
SO144835_SKU0054,ORD144835,DS006,SKU0054,2025-08-29 20:51:42,Zero on hand
SO144837_SKU0027,ORD144837,DS006,SKU0027,2025-08-29 08:23:50,Pick fail
SO144841_SKU0049,ORD144841,DS006,SKU0049,2025-08-29 10:04:57,Expired
SO144846_SKU0071,ORD144846,DS006,SKU0071,2025-08-29 19:48:14,Zero on hand
SO144847_SKU0061,ORD144847,DS006,SKU0061,2025-08-29 12:19:29,Pick fail
SO144849_SKU0056,ORD144849,DS006,SKU0056,2025-08-29 14:23:47,Expired
SO144857_SKU0069,ORD144857,DS007,SKU0069,2025-08-29 13:05:17,Damaged
SO144870_SKU0003,ORD144870,DS007,SKU0003,2025-08-29 08:37:35,Damaged
SO144879_SKU0042,ORD144879,DS007,SKU0042,2025-08-29 16:28:21,Zero on hand
SO144891_SKU0053,ORD144891,DS007,SKU0053,2025-08-29 22:25:08,Zero on hand
SO144896_SKU0057,ORD144896,DS007,SKU0057,2025-08-29 18:33:06,Zero on hand
SO144901_SKU0009,ORD144901,DS007,SKU0009,2025-08-29 19:04:45,Expired
SO144902_SKU0057,ORD144902,DS007,SKU0057,2025-08-29 10:46:47,Expired
SO144903_SKU0047,ORD144903,DS007,SKU0047,2025-08-29 14:33:55,Expired
SO144909_SKU0079,ORD144909,DS007,SKU0079,2025-08-29 17:15:08,Zero on hand
SO144911_SKU0062,ORD144911,DS007,SKU0062,2025-08-29 09:08:38,Pick fail
SO144928_SKU0013,ORD144928,DS007,SKU0013,2025-08-29 20:44:57,Expired
SO144935_SKU0057,ORD144935,DS007,SKU0057,2025-08-29 13:31:54,Damaged
SO144942_SKU0070,ORD144942,DS007,SKU0070,2025-08-29 19:55:23,Damaged
SO144942_SKU0050,ORD144942,DS007,SKU0050,2025-08-29 19:55:23,Pick fail
SO144957_SKU0018,ORD144957,DS007,SKU0018,2025-08-29 12:13:10,Zero on hand
SO144960_SKU0009,ORD144960,DS007,SKU0009,2025-08-29 22:58:06,Zero on hand
SO144965_SKU0069,ORD144965,DS008,SKU0069,2025-08-29 18:09:32,Zero on hand
SO144972_SKU0032,ORD144972,DS008,SKU0032,2025-08-29 12:05:34,Zero on hand
SO144973_SKU0052,ORD144973,DS008,SKU0052,2025-08-29 13:01:54,Expired
SO144991_SKU0061,ORD144991,DS008,SKU0061,2025-08-29 15:49:05,Damaged
SO144995_SKU0076,ORD144995,DS008,SKU0076,2025-08-29 16:39:21,Expired
SO144998_SKU0024,ORD144998,DS008,SKU0024,2025-08-29 13:46:07,Zero on hand
SO145001_SKU0031,ORD145001,DS008,SKU0031,2025-08-29 18:54:57,Zero on hand
SO145009_SKU0051,ORD145009,DS008,SKU0051,2025-08-29 20:47:45,Zero on hand
SO145010_SKU0053,ORD145010,DS008,SKU0053,2025-08-29 19:39:50,Expired
SO145013_SKU0006,ORD145013,DS008,SKU0006,2025-08-29 16:16:42,Expired
SO145023_SKU0002,ORD145023,DS008,SKU0002,2025-08-29 21:04:34,Pick fail
SO145038_SKU0005,ORD145038,DS008,SKU0005,2025-08-29 18:07:53,Expired
SO145042_SKU0020,ORD145042,DS008,SKU0020,2025-08-29 13:53:09,Pick fail
SO145047_SKU0052,ORD145047,DS008,SKU0052,2025-08-29 11:51:48,Zero on hand
SO145062_SKU0004,ORD145062,DS009,SKU0004,2025-08-29 18:07:17,Expired
SO145063_SKU0064,ORD145063,DS009,SKU0064,2025-08-29 19:40:06,Expired
SO145064_SKU0053,ORD145064,DS009,SKU0053,2025-08-29 18:57:26,Damaged
SO145069_SKU0028,ORD145069,DS009,SKU0028,2025-08-29 20:22:27,Damaged
SO145071_SKU0006,ORD145071,DS009,SKU0006,2025-08-29 20:35:01,Expired
SO145071_SKU0050,ORD145071,DS009,SKU0050,2025-08-29 20:35:01,Expired
SO145076_SKU0037,ORD145076,DS009,SKU0037,2025-08-29 19:47:44,Zero on hand
SO145092_SKU0042,ORD145092,DS009,SKU0042,2025-08-29 10:07:06,Expired
SO145101_SKU0010,ORD145101,DS009,SKU0010,2025-08-29 18:12:25,Pick fail
SO145104_SKU0021,ORD145104,DS009,SKU0021,2025-08-29 23:52:50,Zero on hand
SO145108_SKU0072,ORD145108,DS009,SKU0072,2025-08-29 16:11:03,Pick fail
SO145115_SKU0026,ORD145115,DS009,SKU0026,2025-08-29 20:14:33,Pick fail
SO145118_SKU0054,ORD145118,DS009,SKU0054,2025-08-29 15:07:11,Expired
SO145127_SKU0040,ORD145127,DS009,SKU0040,2025-08-29 20:09:59,Zero on hand
SO145129_SKU0078,ORD145129,DS009,SKU0078,2025-08-29 13:26:13,Zero on hand
SO145150_SKU0050,ORD145150,DS009,SKU0050,2025-08-29 17:49:48,Zero on hand
SO145152_SKU0068,ORD145152,DS009,SKU0068,2025-08-29 11:03:29,Pick fail
SO145157_SKU0071,ORD145157,DS010,SKU0071,2025-08-29 17:19:12,Damaged
SO145164_SKU0060,ORD145164,DS010,SKU0060,2025-08-29 20:24:39,Damaged
SO145166_SKU0038,ORD145166,DS010,SKU0038,2025-08-29 11:33:18,Expired
SO145174_SKU0056,ORD145174,DS010,SKU0056,2025-08-29 18:14:38,Damaged
SO145176_SKU0004,ORD145176,DS010,SKU0004,2025-08-29 18:50:43,Expired
SO145188_SKU0063,ORD145188,DS010,SKU0063,2025-08-29 11:38:21,Zero on hand
SO145194_SKU0052,ORD145194,DS010,SKU0052,2025-08-29 22:36:33,Expired
SO145196_SKU0064,ORD145196,DS010,SKU0064,2025-08-29 17:54:48,Zero on hand
SO145208_SKU0016,ORD145208,DS010,SKU0016,2025-08-29 08:05:28,Damaged
SO145211_SKU0073,ORD145211,DS010,SKU0073,2025-08-29 11:58:05,Zero on hand
SO145223_SKU0060,ORD145223,DS010,SKU0060,2025-08-29 11:47:22,Damaged
SO145233_SKU0015,ORD145233,DS010,SKU0015,2025-08-29 11:37:57,Pick fail
SO145300_SKU0011,ORD145300,DS010,SKU0011,2025-08-29 18:36:24,Zero on hand
SO145303_SKU0068,ORD145303,DS010,SKU0068,2025-08-29 13:05:10,Zero on hand
SO145304_SKU0055,ORD145304,DS010,SKU0055,2025-08-29 10:33:19,Pick fail
SO145309_SKU0049,ORD145309,DS011,SKU0049,2025-08-29 13:01:40,Damaged
SO145309_SKU0040,ORD145309,DS011,SKU0040,2025-08-29 13:01:40,Damaged
SO145314_SKU0048,ORD145314,DS011,SKU0048,2025-08-29 11:22:27,Zero on hand
SO145319_SKU0068,ORD145319,DS011,SKU0068,2025-08-29 22:46:46,Expired
SO145324_SKU0014,ORD145324,DS011,SKU0014,2025-08-29 18:24:16,Expired
SO145330_SKU0054,ORD145330,DS011,SKU0054,2025-08-29 19:51:19,Damaged
SO145336_SKU0002,ORD145336,DS011,SKU0002,2025-08-29 19:48:41,Expired
SO145337_SKU0031,ORD145337,DS011,SKU0031,2025-08-29 13:14:12,Pick fail
SO145338_SKU0009,ORD145338,DS011,SKU0009,2025-08-29 15:08:00,Damaged
SO145341_SKU0077,ORD145341,DS011,SKU0077,2025-08-29 19:46:53,Expired
SO145341_SKU0032,ORD145341,DS011,SKU0032,2025-08-29 19:46:53,Zero on hand
SO145342_SKU0026,ORD145342,DS011,SKU0026,2025-08-29 09:30:33,Damaged
SO145343_SKU0074,ORD145343,DS011,SKU0074,2025-08-29 10:58:15,Zero on hand
SO145345_SKU0005,ORD145345,DS011,SKU0005,2025-08-29 18:29:38,Damaged
SO145346_SKU0016,ORD145346,DS011,SKU0016,2025-08-29 18:44:58,Expired
SO145348_SKU0003,ORD145348,DS011,SKU0003,2025-08-29 20:33:01,Zero on hand
SO145351_SKU0001,ORD145351,DS011,SKU0001,2025-08-29 12:44:11,Damaged
SO145352_SKU0054,ORD145352,DS011,SKU0054,2025-08-29 19:41:49,Damaged
SO145357_SKU0034,ORD145357,DS011,SKU0034,2025-08-29 18:33:36,Expired
SO145360_SKU0076,ORD145360,DS011,SKU0076,2025-08-29 20:56:28,Expired
SO145373_SKU0057,ORD145373,DS011,SKU0057,2025-08-29 12:58:36,Zero on hand
SO145374_SKU0006,ORD145374,DS011,SKU0006,2025-08-29 18:45:34,Zero on hand
SO145399_SKU0053,ORD145399,DS011,SKU0053,2025-08-29 21:25:36,Pick fail
SO145401_SKU0010,ORD145401,DS011,SKU0010,2025-08-29 13:19:38,Expired
SO145408_SKU0044,ORD145408,DS012,SKU0044,2025-08-29 22:30:46,Zero on hand
SO145439_SKU0007,ORD145439,DS012,SKU0007,2025-08-29 10:52:02,Pick fail
SO145448_SKU0019,ORD145448,DS012,SKU0019,2025-08-29 16:58:50,Expired
SO145453_SKU0046,ORD145453,DS012,SKU0046,2025-08-29 09:53:07,Pick fail
SO145456_SKU0010,ORD145456,DS012,SKU0010,2025-08-29 19:14:56,Damaged
SO145464_SKU0067,ORD145464,DS012,SKU0067,2025-08-29 23:45:33,Pick fail
SO145479_SKU0066,ORD145479,DS012,SKU0066,2025-08-29 18:10:34,Expired
SO145487_SKU0028,ORD145487,DS012,SKU0028,2025-08-29 11:05:49,Expired
SO145489_SKU0009,ORD145489,DS012,SKU0009,2025-08-29 19:23:24,Expired
SO145512_SKU0063,ORD145512,DS012,SKU0063,2025-08-29 19:36:19,Damaged
SO145516_SKU0016,ORD145516,DS012,SKU0016,2025-08-29 19:22:28,Zero on hand
SO145528_SKU0015,ORD145528,DS012,SKU0015,2025-08-29 20:23:48,Damaged
SO145531_SKU0010,ORD145531,DS012,SKU0010,2025-08-29 19:15:20,Expired
SO145534_SKU0062,ORD145534,DS012,SKU0062,2025-08-29 18:45:19,Pick fail
SO145548_SKU0067,ORD145548,DS013,SKU0067,2025-08-29 11:20:04,Expired
SO145555_SKU0025,ORD145555,DS013,SKU0025,2025-08-29 14:50:38,Damaged
SO145556_SKU0080,ORD145556,DS013,SKU0080,2025-08-29 18:33:34,Pick fail
SO145557_SKU0018,ORD145557,DS013,SKU0018,2025-08-29 08:15:02,Zero on hand
SO145562_SKU0007,ORD145562,DS013,SKU0007,2025-08-29 12:30:30,Zero on hand
SO145569_SKU0003,ORD145569,DS013,SKU0003,2025-08-29 10:51:47,Pick fail
SO145569_SKU0037,ORD145569,DS013,SKU0037,2025-08-29 10:51:47,Zero on hand
SO145594_SKU0048,ORD145594,DS013,SKU0048,2025-08-29 14:28:55,Damaged
SO145598_SKU0065,ORD145598,DS013,SKU0065,2025-08-29 19:49:35,Expired
SO145602_SKU0062,ORD145602,DS013,SKU0062,2025-08-29 14:34:12,Zero on hand
SO145606_SKU0027,ORD145606,DS013,SKU0027,2025-08-29 21:32:34,Damaged
SO145621_SKU0008,ORD145621,DS013,SKU0008,2025-08-29 13:53:05,Zero on hand
SO145639_SKU0066,ORD145639,DS014,SKU0066,2025-08-29 18:07:40,Expired
SO145667_SKU0051,ORD145667,DS014,SKU0051,2025-08-29 17:27:43,Zero on hand
SO145667_SKU0080,ORD145667,DS014,SKU0080,2025-08-29 17:27:43,Damaged
SO145671_SKU0065,ORD145671,DS014,SKU0065,2025-08-29 13:52:19,Expired
SO145677_SKU0041,ORD145677,DS014,SKU0041,2025-08-29 10:57:48,Expired
SO145684_SKU0067,ORD145684,DS014,SKU0067,2025-08-29 19:42:06,Pick fail
SO145692_SKU0031,ORD145692,DS014,SKU0031,2025-08-29 09:03:05,Expired
SO145692_SKU0015,ORD145692,DS014,SKU0015,2025-08-29 09:03:05,Damaged
SO145693_SKU0027,ORD145693,DS014,SKU0027,2025-08-29 15:30:03,Damaged
SO145697_SKU0030,ORD145697,DS014,SKU0030,2025-08-29 15:55:27,Zero on hand
SO145698_SKU0016,ORD145698,DS014,SKU0016,2025-08-29 11:42:10,Zero on hand
SO145700_SKU0009,ORD145700,DS014,SKU0009,2025-08-29 18:03:44,Zero on hand
SO145713_SKU0010,ORD145713,DS014,SKU0010,2025-08-29 20:12:19,Damaged
SO145716_SKU0046,ORD145716,DS014,SKU0046,2025-08-29 15:31:14,Expired
SO145723_SKU0057,ORD145723,DS014,SKU0057,2025-08-29 09:18:21,Zero on hand
SO145726_SKU0080,ORD145726,DS014,SKU0080,2025-08-29 18:07:22,Pick fail
SO145733_SKU0046,ORD145733,DS014,SKU0046,2025-08-29 16:12:03,Expired
SO145737_SKU0068,ORD145737,DS015,SKU0068,2025-08-29 08:32:48,Pick fail
SO145745_SKU0004,ORD145745,DS015,SKU0004,2025-08-29 21:09:56,Zero on hand
SO145750_SKU0063,ORD145750,DS015,SKU0063,2025-08-29 19:41:06,Zero on hand
SO145768_SKU0056,ORD145768,DS015,SKU0056,2025-08-29 18:39:57,Pick fail
SO145768_SKU0052,ORD145768,DS015,SKU0052,2025-08-29 18:39:57,Pick fail
SO145771_SKU0056,ORD145771,DS015,SKU0056,2025-08-29 15:49:46,Pick fail
SO145772_SKU0048,ORD145772,DS015,SKU0048,2025-08-29 18:54:36,Damaged
SO145772_SKU0010,ORD145772,DS015,SKU0010,2025-08-29 18:54:36,Pick fail
SO145780_SKU0062,ORD145780,DS015,SKU0062,2025-08-29 19:20:29,Zero on hand
SO145795_SKU0004,ORD145795,DS015,SKU0004,2025-08-29 19:36:23,Zero on hand
SO145812_SKU0064,ORD145812,DS015,SKU0064,2025-08-29 17:43:00,Zero on hand
SO145818_SKU0048,ORD145818,DS015,SKU0048,2025-08-29 17:31:30,Pick fail
SO145819_SKU0054,ORD145819,DS015,SKU0054,2025-08-29 20:28:02,Zero on hand
SO145825_SKU0066,ORD145825,DS015,SKU0066,2025-08-29 19:48:17,Expired
SO145826_SKU0062,ORD145826,DS016,SKU0062,2025-08-29 19:35:55,Zero on hand
SO145834_SKU0040,ORD145834,DS016,SKU0040,2025-08-29 20:39:45,Pick fail
SO145836_SKU0069,ORD145836,DS016,SKU0069,2025-08-29 18:23:54,Zero on hand
SO145851_SKU0057,ORD145851,DS016,SKU0057,2025-08-29 18:43:24,Expired
SO145855_SKU0032,ORD145855,DS016,SKU0032,2025-08-29 17:43:00,Damaged
SO145858_SKU0061,ORD145858,DS016,SKU0061,2025-08-29 15:29:13,Damaged
SO145866_SKU0010,ORD145866,DS016,SKU0010,2025-08-29 12:30:45,Damaged
SO145868_SKU0064,ORD145868,DS016,SKU0064,2025-08-29 13:12:26,Pick fail
SO145877_SKU0062,ORD145877,DS016,SKU0062,2025-08-29 10:21:10,Damaged
SO145881_SKU0048,ORD145881,DS016,SKU0048,2025-08-29 14:38:54,Pick fail
SO145891_SKU0072,ORD145891,DS016,SKU0072,2025-08-29 13:17:59,Pick fail
SO145895_SKU0027,ORD145895,DS016,SKU0027,2025-08-29 17:34:16,Pick fail
SO145897_SKU0059,ORD145897,DS016,SKU0059,2025-08-29 09:43:20,Zero on hand
SO145909_SKU0054,ORD145909,DS016,SKU0054,2025-08-29 18:28:01,Expired
SO145910_SKU0051,ORD145910,DS016,SKU0051,2025-08-29 20:21:40,Zero on hand
SO145916_SKU0042,ORD145916,DS016,SKU0042,2025-08-29 16:57:21,Expired
SO145923_SKU0056,ORD145923,DS016,SKU0056,2025-08-29 12:45:23,Damaged
SO145934_SKU0042,ORD145934,DS016,SKU0042,2025-08-29 19:59:12,Expired
SO145943_SKU0025,ORD145943,DS016,SKU0025,2025-08-29 10:36:53,Expired
SO145973_SKU0078,ORD145973,DS017,SKU0078,2025-08-29 10:50:33,Expired
SO145985_SKU0050,ORD145985,DS017,SKU0050,2025-08-29 09:38:00,Pick fail
SO146004_SKU0031,ORD146004,DS017,SKU0031,2025-08-29 09:22:13,Damaged
SO146012_SKU0080,ORD146012,DS017,SKU0080,2025-08-29 21:22:41,Expired
SO146028_SKU0043,ORD146028,DS017,SKU0043,2025-08-29 16:42:29,Damaged
SO146037_SKU0047,ORD146037,DS017,SKU0047,2025-08-29 21:35:58,Zero on hand
SO146039_SKU0069,ORD146039,DS017,SKU0069,2025-08-29 19:40:59,Damaged
SO146047_SKU0012,ORD146047,DS017,SKU0012,2025-08-29 20:56:34,Zero on hand
SO146055_SKU0067,ORD146055,DS017,SKU0067,2025-08-29 09:45:18,Expired
SO146059_SKU0062,ORD146059,DS017,SKU0062,2025-08-29 18:01:39,Damaged
SO146061_SKU0066,ORD146061,DS017,SKU0066,2025-08-29 13:18:02,Pick fail
SO146062_SKU0066,ORD146062,DS017,SKU0066,2025-08-29 20:45:02,Damaged
SO146078_SKU0045,ORD146078,DS017,SKU0045,2025-08-29 19:19:59,Damaged
SO146082_SKU0008,ORD146082,DS017,SKU0008,2025-08-29 10:44:08,Pick fail
SO146094_SKU0032,ORD146094,DS001,SKU0032,2025-08-30 21:46:57,Zero on hand
SO146118_SKU0059,ORD146118,DS001,SKU0059,2025-08-30 17:40:30,Pick fail
SO146122_SKU0051,ORD146122,DS001,SKU0051,2025-08-30 17:43:45,Expired
SO146124_SKU0034,ORD146124,DS001,SKU0034,2025-08-30 19:20:23,Expired
SO146129_SKU0067,ORD146129,DS001,SKU0067,2025-08-30 09:39:17,Damaged
SO146155_SKU0067,ORD146155,DS001,SKU0067,2025-08-30 09:32:43,Pick fail
SO146156_SKU0054,ORD146156,DS001,SKU0054,2025-08-30 12:49:05,Damaged
SO146195_SKU0061,ORD146195,DS001,SKU0061,2025-08-30 13:08:14,Zero on hand
SO146198_SKU0057,ORD146198,DS001,SKU0057,2025-08-30 15:54:56,Zero on hand
SO146216_SKU0038,ORD146216,DS001,SKU0038,2025-08-30 12:12:59,Expired
SO146217_SKU0032,ORD146217,DS001,SKU0032,2025-08-30 20:47:11,Zero on hand
SO146220_SKU0048,ORD146220,DS002,SKU0048,2025-08-30 10:37:33,Expired
SO146220_SKU0039,ORD146220,DS002,SKU0039,2025-08-30 10:37:33,Pick fail
SO146227_SKU0046,ORD146227,DS002,SKU0046,2025-08-30 13:51:06,Expired
SO146233_SKU0009,ORD146233,DS002,SKU0009,2025-08-30 13:01:15,Pick fail
SO146239_SKU0038,ORD146239,DS002,SKU0038,2025-08-30 12:32:02,Damaged
SO146241_SKU0052,ORD146241,DS002,SKU0052,2025-08-30 21:17:18,Zero on hand
SO146247_SKU0067,ORD146247,DS002,SKU0067,2025-08-30 17:38:28,Expired
SO146252_SKU0050,ORD146252,DS002,SKU0050,2025-08-30 20:25:16,Expired
SO146260_SKU0034,ORD146260,DS002,SKU0034,2025-08-30 10:55:00,Expired
SO146261_SKU0043,ORD146261,DS002,SKU0043,2025-08-30 20:38:49,Damaged
SO146262_SKU0052,ORD146262,DS002,SKU0052,2025-08-30 10:49:18,Zero on hand
SO146268_SKU0043,ORD146268,DS002,SKU0043,2025-08-30 20:10:50,Expired
SO146271_SKU0067,ORD146271,DS002,SKU0067,2025-08-30 13:46:31,Expired
SO146276_SKU0015,ORD146276,DS002,SKU0015,2025-08-30 19:41:31,Expired
SO146280_SKU0037,ORD146280,DS002,SKU0037,2025-08-30 18:05:58,Pick fail
SO146284_SKU0015,ORD146284,DS002,SKU0015,2025-08-30 19:30:12,Damaged
SO146287_SKU0051,ORD146287,DS002,SKU0051,2025-08-30 13:34:10,Pick fail
SO146291_SKU0045,ORD146291,DS002,SKU0045,2025-08-30 21:35:08,Zero on hand
SO146292_SKU0076,ORD146292,DS002,SKU0076,2025-08-30 20:43:30,Zero on hand
SO146305_SKU0012,ORD146305,DS002,SKU0012,2025-08-30 08:31:12,Expired
SO146311_SKU0060,ORD146311,DS002,SKU0060,2025-08-30 19:56:01,Pick fail
SO146313_SKU0060,ORD146313,DS002,SKU0060,2025-08-30 11:25:08,Zero on hand
SO146316_SKU0064,ORD146316,DS002,SKU0064,2025-08-30 12:46:28,Expired
SO146324_SKU0015,ORD146324,DS002,SKU0015,2025-08-30 19:22:36,Damaged
SO146332_SKU0006,ORD146332,DS003,SKU0006,2025-08-30 20:25:25,Zero on hand
SO146345_SKU0015,ORD146345,DS003,SKU0015,2025-08-30 20:14:42,Expired
SO146357_SKU0075,ORD146357,DS003,SKU0075,2025-08-30 11:23:14,Expired
SO146361_SKU0078,ORD146361,DS003,SKU0078,2025-08-30 16:10:50,Zero on hand
SO146388_SKU0051,ORD146388,DS003,SKU0051,2025-08-30 21:42:02,Damaged
SO146391_SKU0052,ORD146391,DS003,SKU0052,2025-08-30 16:30:29,Pick fail
SO146394_SKU0054,ORD146394,DS003,SKU0054,2025-08-30 17:52:42,Zero on hand
SO146418_SKU0066,ORD146418,DS004,SKU0066,2025-08-30 13:26:43,Pick fail
SO146438_SKU0063,ORD146438,DS004,SKU0063,2025-08-30 18:31:01,Expired
SO146440_SKU0009,ORD146440,DS004,SKU0009,2025-08-30 11:24:18,Pick fail
SO146457_SKU0028,ORD146457,DS004,SKU0028,2025-08-30 20:56:05,Pick fail
SO146457_SKU0047,ORD146457,DS004,SKU0047,2025-08-30 20:56:05,Damaged
SO146467_SKU0035,ORD146467,DS004,SKU0035,2025-08-30 18:18:45,Damaged
SO146468_SKU0017,ORD146468,DS004,SKU0017,2025-08-30 19:33:41,Expired
SO146475_SKU0040,ORD146475,DS004,SKU0040,2025-08-30 18:22:00,Damaged
SO146488_SKU0045,ORD146488,DS005,SKU0045,2025-08-30 19:58:47,Damaged
SO146489_SKU0062,ORD146489,DS005,SKU0062,2025-08-30 15:21:49,Pick fail
SO146492_SKU0048,ORD146492,DS005,SKU0048,2025-08-30 11:48:01,Expired
SO146496_SKU0070,ORD146496,DS005,SKU0070,2025-08-30 19:16:27,Zero on hand
SO146545_SKU0039,ORD146545,DS005,SKU0039,2025-08-30 10:25:58,Pick fail
SO146546_SKU0055,ORD146546,DS005,SKU0055,2025-08-30 14:48:54,Zero on hand
SO146551_SKU0007,ORD146551,DS005,SKU0007,2025-08-30 19:18:46,Pick fail
SO146556_SKU0056,ORD146556,DS005,SKU0056,2025-08-30 20:41:26,Damaged
SO146557_SKU0056,ORD146557,DS005,SKU0056,2025-08-30 20:21:39,Expired
SO146558_SKU0016,ORD146558,DS005,SKU0016,2025-08-30 15:25:34,Pick fail
SO146559_SKU0059,ORD146559,DS005,SKU0059,2025-08-30 08:54:26,Zero on hand
SO146567_SKU0080,ORD146567,DS005,SKU0080,2025-08-30 09:11:51,Damaged
SO146568_SKU0061,ORD146568,DS005,SKU0061,2025-08-30 20:09:08,Pick fail
SO146571_SKU0048,ORD146571,DS005,SKU0048,2025-08-30 19:25:15,Pick fail
SO146573_SKU0001,ORD146573,DS005,SKU0001,2025-08-30 13:17:01,Expired
SO146578_SKU0053,ORD146578,DS005,SKU0053,2025-08-30 18:55:15,Zero on hand
SO146580_SKU0015,ORD146580,DS005,SKU0015,2025-08-30 22:55:08,Expired
SO146581_SKU0046,ORD146581,DS005,SKU0046,2025-08-30 15:20:58,Zero on hand
SO146583_SKU0050,ORD146583,DS005,SKU0050,2025-08-30 16:51:06,Zero on hand
SO146589_SKU0033,ORD146589,DS006,SKU0033,2025-08-30 12:36:35,Zero on hand
SO146590_SKU0056,ORD146590,DS006,SKU0056,2025-08-30 14:35:30,Pick fail
SO146592_SKU0077,ORD146592,DS006,SKU0077,2025-08-30 18:41:33,Expired
SO146594_SKU0008,ORD146594,DS006,SKU0008,2025-08-30 19:53:44,Pick fail
SO146595_SKU0037,ORD146595,DS006,SKU0037,2025-08-30 10:31:52,Damaged
SO146600_SKU0073,ORD146600,DS006,SKU0073,2025-08-30 19:40:24,Pick fail
SO146606_SKU0058,ORD146606,DS006,SKU0058,2025-08-30 11:53:46,Damaged
SO146612_SKU0008,ORD146612,DS006,SKU0008,2025-08-30 18:56:27,Zero on hand
SO146615_SKU0059,ORD146615,DS006,SKU0059,2025-08-30 10:49:23,Zero on hand
SO146650_SKU0004,ORD146650,DS006,SKU0004,2025-08-30 13:41:27,Damaged
SO146650_SKU0007,ORD146650,DS006,SKU0007,2025-08-30 13:41:27,Pick fail
SO146655_SKU0061,ORD146655,DS006,SKU0061,2025-08-30 10:23:44,Zero on hand
SO146658_SKU0068,ORD146658,DS006,SKU0068,2025-08-30 13:05:14,Zero on hand
SO146671_SKU0075,ORD146671,DS006,SKU0075,2025-08-30 18:41:56,Pick fail
SO146674_SKU0077,ORD146674,DS006,SKU0077,2025-08-30 15:15:12,Expired
SO146675_SKU0032,ORD146675,DS006,SKU0032,2025-08-30 17:55:39,Expired
SO146685_SKU0041,ORD146685,DS006,SKU0041,2025-08-30 15:06:25,Pick fail
SO146689_SKU0062,ORD146689,DS006,SKU0062,2025-08-30 23:33:04,Zero on hand
SO146690_SKU0062,ORD146690,DS006,SKU0062,2025-08-30 18:57:34,Expired
SO146707_SKU0053,ORD146707,DS006,SKU0053,2025-08-30 12:35:31,Damaged
SO146714_SKU0055,ORD146714,DS006,SKU0055,2025-08-30 17:48:07,Zero on hand
SO146729_SKU0066,ORD146729,DS006,SKU0066,2025-08-30 20:16:53,Pick fail
SO146730_SKU0019,ORD146730,DS006,SKU0019,2025-08-30 18:24:35,Expired
SO146731_SKU0044,ORD146731,DS007,SKU0044,2025-08-30 13:19:53,Pick fail
SO146739_SKU0053,ORD146739,DS007,SKU0053,2025-08-30 10:33:49,Expired
SO146741_SKU0020,ORD146741,DS007,SKU0020,2025-08-30 17:29:17,Pick fail
SO146742_SKU0069,ORD146742,DS007,SKU0069,2025-08-30 15:23:05,Expired
SO146743_SKU0056,ORD146743,DS007,SKU0056,2025-08-30 11:41:00,Zero on hand
SO146755_SKU0051,ORD146755,DS007,SKU0051,2025-08-30 08:53:29,Damaged
SO146757_SKU0051,ORD146757,DS007,SKU0051,2025-08-30 11:23:29,Pick fail
SO146758_SKU0062,ORD146758,DS007,SKU0062,2025-08-30 19:01:01,Zero on hand
SO146759_SKU0069,ORD146759,DS007,SKU0069,2025-08-30 21:24:36,Zero on hand
SO146780_SKU0018,ORD146780,DS007,SKU0018,2025-08-30 08:39:16,Expired
SO146783_SKU0002,ORD146783,DS007,SKU0002,2025-08-30 21:29:08,Zero on hand
SO146805_SKU0013,ORD146805,DS007,SKU0013,2025-08-30 11:37:58,Zero on hand
SO146806_SKU0053,ORD146806,DS007,SKU0053,2025-08-30 18:59:47,Damaged
SO146817_SKU0011,ORD146817,DS007,SKU0011,2025-08-30 18:31:17,Pick fail
SO146824_SKU0048,ORD146824,DS007,SKU0048,2025-08-30 18:24:18,Zero on hand
SO146839_SKU0016,ORD146839,DS008,SKU0016,2025-08-30 10:41:26,Damaged
SO146844_SKU0059,ORD146844,DS008,SKU0059,2025-08-30 11:06:35,Zero on hand
SO146845_SKU0021,ORD146845,DS008,SKU0021,2025-08-30 11:20:21,Damaged
SO146852_SKU0062,ORD146852,DS008,SKU0062,2025-08-30 19:21:42,Expired
SO146861_SKU0044,ORD146861,DS008,SKU0044,2025-08-30 20:26:43,Expired
SO146868_SKU0027,ORD146868,DS008,SKU0027,2025-08-30 21:45:10,Expired
SO146880_SKU0080,ORD146880,DS008,SKU0080,2025-08-30 19:51:38,Pick fail
SO146896_SKU0007,ORD146896,DS008,SKU0007,2025-08-30 19:25:36,Expired
SO146897_SKU0073,ORD146897,DS008,SKU0073,2025-08-30 19:50:03,Zero on hand
SO146898_SKU0054,ORD146898,DS008,SKU0054,2025-08-30 19:54:39,Damaged
SO146899_SKU0057,ORD146899,DS008,SKU0057,2025-08-30 17:10:39,Expired
SO146902_SKU0004,ORD146902,DS008,SKU0004,2025-08-30 18:24:08,Zero on hand
SO146910_SKU0058,ORD146910,DS008,SKU0058,2025-08-30 16:08:00,Expired
SO146912_SKU0037,ORD146912,DS008,SKU0037,2025-08-30 18:38:36,Pick fail
SO146934_SKU0062,ORD146934,DS008,SKU0062,2025-08-30 09:03:44,Expired
SO146957_SKU0060,ORD146957,DS009,SKU0060,2025-08-30 14:33:46,Damaged
SO146966_SKU0068,ORD146966,DS009,SKU0068,2025-08-30 13:20:04,Zero on hand
SO146987_SKU0067,ORD146987,DS009,SKU0067,2025-08-30 12:47:11,Expired
SO146991_SKU0055,ORD146991,DS009,SKU0055,2025-08-30 19:47:13,Pick fail
SO147013_SKU0012,ORD147013,DS009,SKU0012,2025-08-30 19:11:35,Damaged
SO147022_SKU0003,ORD147022,DS010,SKU0003,2025-08-30 11:43:05,Pick fail
SO147027_SKU0071,ORD147027,DS010,SKU0071,2025-08-30 15:46:18,Expired
SO147048_SKU0062,ORD147048,DS010,SKU0062,2025-08-30 08:21:07,Expired
SO147059_SKU0055,ORD147059,DS010,SKU0055,2025-08-30 09:19:20,Damaged
SO147060_SKU0015,ORD147060,DS010,SKU0015,2025-08-30 22:18:19,Pick fail
SO147075_SKU0010,ORD147075,DS010,SKU0010,2025-08-30 11:11:31,Expired
SO147076_SKU0004,ORD147076,DS010,SKU0004,2025-08-30 17:00:08,Damaged
SO147080_SKU0065,ORD147080,DS010,SKU0065,2025-08-30 18:26:40,Damaged
SO147091_SKU0077,ORD147091,DS010,SKU0077,2025-08-30 21:02:54,Pick fail
SO147092_SKU0051,ORD147092,DS010,SKU0051,2025-08-30 20:44:40,Expired
SO147097_SKU0037,ORD147097,DS010,SKU0037,2025-08-30 19:30:27,Damaged
SO147115_SKU0065,ORD147115,DS010,SKU0065,2025-08-30 12:07:33,Zero on hand
SO147120_SKU0046,ORD147120,DS010,SKU0046,2025-08-30 08:54:13,Zero on hand
SO147126_SKU0049,ORD147126,DS010,SKU0049,2025-08-30 19:37:46,Pick fail
SO147138_SKU0075,ORD147138,DS010,SKU0075,2025-08-30 18:24:21,Expired
SO147141_SKU0053,ORD147141,DS010,SKU0053,2025-08-30 09:03:26,Zero on hand
SO147152_SKU0004,ORD147152,DS010,SKU0004,2025-08-30 13:19:47,Damaged
SO147172_SKU0009,ORD147172,DS011,SKU0009,2025-08-30 19:45:17,Zero on hand
SO147181_SKU0052,ORD147181,DS011,SKU0052,2025-08-30 17:52:10,Zero on hand
SO147182_SKU0068,ORD147182,DS011,SKU0068,2025-08-30 18:36:35,Zero on hand
SO147182_SKU0038,ORD147182,DS011,SKU0038,2025-08-30 18:36:35,Damaged
SO147186_SKU0042,ORD147186,DS011,SKU0042,2025-08-30 16:32:54,Zero on hand
SO147186_SKU0008,ORD147186,DS011,SKU0008,2025-08-30 16:32:54,Pick fail
SO147192_SKU0030,ORD147192,DS011,SKU0030,2025-08-30 09:54:07,Zero on hand
SO147194_SKU0042,ORD147194,DS011,SKU0042,2025-08-30 18:16:35,Zero on hand
SO147195_SKU0012,ORD147195,DS011,SKU0012,2025-08-30 20:59:15,Zero on hand
SO147199_SKU0052,ORD147199,DS011,SKU0052,2025-08-30 10:46:09,Zero on hand
SO147203_SKU0061,ORD147203,DS011,SKU0061,2025-08-30 13:34:04,Damaged
SO147204_SKU0012,ORD147204,DS011,SKU0012,2025-08-30 18:41:41,Pick fail
SO147205_SKU0038,ORD147205,DS011,SKU0038,2025-08-30 12:49:26,Expired
SO147217_SKU0052,ORD147217,DS011,SKU0052,2025-08-30 10:31:34,Zero on hand
SO147223_SKU0049,ORD147223,DS011,SKU0049,2025-08-30 19:22:12,Zero on hand
SO147224_SKU0063,ORD147224,DS011,SKU0063,2025-08-30 18:27:06,Zero on hand
SO147226_SKU0026,ORD147226,DS011,SKU0026,2025-08-30 20:56:31,Expired
SO147233_SKU0040,ORD147233,DS011,SKU0040,2025-08-30 10:15:49,Pick fail
SO147236_SKU0071,ORD147236,DS011,SKU0071,2025-08-30 14:06:36,Pick fail
SO147238_SKU0061,ORD147238,DS011,SKU0061,2025-08-30 13:59:33,Expired
SO147241_SKU0063,ORD147241,DS011,SKU0063,2025-08-30 23:24:32,Zero on hand
SO147242_SKU0076,ORD147242,DS011,SKU0076,2025-08-30 14:58:55,Pick fail
SO147244_SKU0034,ORD147244,DS011,SKU0034,2025-08-30 22:44:17,Zero on hand
SO147250_SKU0047,ORD147250,DS011,SKU0047,2025-08-30 13:28:12,Expired
SO147254_SKU0050,ORD147254,DS011,SKU0050,2025-08-30 21:31:54,Zero on hand
SO147276_SKU0001,ORD147276,DS012,SKU0001,2025-08-30 22:34:52,Pick fail
SO147285_SKU0069,ORD147285,DS012,SKU0069,2025-08-30 14:12:54,Zero on hand
SO147286_SKU0027,ORD147286,DS012,SKU0027,2025-08-30 10:32:47,Zero on hand
SO147287_SKU0038,ORD147287,DS012,SKU0038,2025-08-30 14:24:59,Pick fail
SO147290_SKU0077,ORD147290,DS012,SKU0077,2025-08-30 12:09:45,Damaged
SO147291_SKU0058,ORD147291,DS012,SKU0058,2025-08-30 18:34:36,Zero on hand
SO147304_SKU0055,ORD147304,DS012,SKU0055,2025-08-30 15:01:30,Expired
SO147308_SKU0022,ORD147308,DS012,SKU0022,2025-08-30 20:49:58,Zero on hand
SO147309_SKU0035,ORD147309,DS012,SKU0035,2025-08-30 19:33:59,Damaged
SO147310_SKU0005,ORD147310,DS012,SKU0005,2025-08-30 14:17:33,Zero on hand
SO147315_SKU0056,ORD147315,DS012,SKU0056,2025-08-30 20:05:58,Pick fail
SO147316_SKU0047,ORD147316,DS012,SKU0047,2025-08-30 18:50:18,Expired
SO147328_SKU0029,ORD147328,DS012,SKU0029,2025-08-30 22:51:44,Expired
SO147331_SKU0031,ORD147331,DS012,SKU0031,2025-08-30 13:54:16,Zero on hand
SO147331_SKU0055,ORD147331,DS012,SKU0055,2025-08-30 13:54:16,Damaged
SO147333_SKU0001,ORD147333,DS012,SKU0001,2025-08-30 14:32:46,Pick fail
SO147336_SKU0067,ORD147336,DS012,SKU0067,2025-08-30 11:58:02,Pick fail
SO147340_SKU0024,ORD147340,DS012,SKU0024,2025-08-30 19:21:22,Damaged
SO147341_SKU0040,ORD147341,DS012,SKU0040,2025-08-30 13:22:54,Damaged
SO147344_SKU0005,ORD147344,DS012,SKU0005,2025-08-30 11:51:08,Expired
SO147344_SKU0004,ORD147344,DS012,SKU0004,2025-08-30 11:51:08,Expired
SO147368_SKU0045,ORD147368,DS013,SKU0045,2025-08-30 15:24:18,Expired
SO147369_SKU0023,ORD147369,DS013,SKU0023,2025-08-30 14:10:55,Pick fail
SO147376_SKU0003,ORD147376,DS013,SKU0003,2025-08-30 20:16:39,Zero on hand
SO147377_SKU0018,ORD147377,DS013,SKU0018,2025-08-30 12:49:08,Damaged
SO147380_SKU0046,ORD147380,DS013,SKU0046,2025-08-30 19:45:08,Pick fail
SO147384_SKU0004,ORD147384,DS013,SKU0004,2025-08-30 08:58:22,Expired
SO147387_SKU0074,ORD147387,DS013,SKU0074,2025-08-30 16:24:03,Expired
SO147390_SKU0064,ORD147390,DS013,SKU0064,2025-08-30 09:19:07,Expired
SO147396_SKU0050,ORD147396,DS013,SKU0050,2025-08-30 21:27:41,Pick fail
SO147398_SKU0047,ORD147398,DS013,SKU0047,2025-08-30 16:40:25,Pick fail
SO147405_SKU0059,ORD147405,DS013,SKU0059,2025-08-30 12:39:58,Damaged
SO147406_SKU0066,ORD147406,DS013,SKU0066,2025-08-30 20:41:36,Damaged
SO147415_SKU0008,ORD147415,DS013,SKU0008,2025-08-30 19:49:22,Damaged
SO147424_SKU0068,ORD147424,DS013,SKU0068,2025-08-30 09:48:48,Zero on hand
SO147434_SKU0015,ORD147434,DS013,SKU0015,2025-08-30 16:08:52,Damaged
SO147436_SKU0058,ORD147436,DS013,SKU0058,2025-08-30 08:41:26,Damaged
SO147441_SKU0076,ORD147441,DS013,SKU0076,2025-08-30 16:26:55,Zero on hand
SO147442_SKU0054,ORD147442,DS013,SKU0054,2025-08-30 22:44:37,Zero on hand
SO147446_SKU0057,ORD147446,DS013,SKU0057,2025-08-30 19:25:13,Pick fail
SO147457_SKU0017,ORD147457,DS013,SKU0017,2025-08-30 11:39:21,Zero on hand
SO147467_SKU0030,ORD147467,DS013,SKU0030,2025-08-30 18:24:16,Zero on hand
SO147468_SKU0005,ORD147468,DS013,SKU0005,2025-08-30 18:52:19,Damaged
SO147474_SKU0053,ORD147474,DS014,SKU0053,2025-08-30 19:40:35,Damaged
SO147476_SKU0064,ORD147476,DS014,SKU0064,2025-08-30 18:36:30,Pick fail
SO147480_SKU0013,ORD147480,DS014,SKU0013,2025-08-30 18:03:11,Zero on hand
SO147481_SKU0057,ORD147481,DS014,SKU0057,2025-08-30 18:07:45,Pick fail
SO147486_SKU0071,ORD147486,DS014,SKU0071,2025-08-30 20:55:03,Damaged
SO147494_SKU0069,ORD147494,DS014,SKU0069,2025-08-30 13:15:57,Expired
SO147499_SKU0045,ORD147499,DS014,SKU0045,2025-08-30 15:37:01,Damaged
SO147506_SKU0062,ORD147506,DS014,SKU0062,2025-08-30 23:37:15,Pick fail
SO147509_SKU0018,ORD147509,DS014,SKU0018,2025-08-30 18:18:37,Expired
SO147510_SKU0034,ORD147510,DS014,SKU0034,2025-08-30 11:18:07,Damaged
SO147512_SKU0016,ORD147512,DS014,SKU0016,2025-08-30 18:48:51,Damaged
SO147516_SKU0009,ORD147516,DS014,SKU0009,2025-08-30 18:59:43,Zero on hand
SO147516_SKU0002,ORD147516,DS014,SKU0002,2025-08-30 18:59:43,Expired
SO147517_SKU0064,ORD147517,DS014,SKU0064,2025-08-30 19:18:12,Expired
SO147518_SKU0053,ORD147518,DS014,SKU0053,2025-08-30 15:22:45,Zero on hand
SO147519_SKU0053,ORD147519,DS014,SKU0053,2025-08-30 18:27:55,Damaged
SO147519_SKU0015,ORD147519,DS014,SKU0015,2025-08-30 18:27:55,Expired
SO147522_SKU0002,ORD147522,DS014,SKU0002,2025-08-30 10:37:22,Pick fail
SO147533_SKU0075,ORD147533,DS014,SKU0075,2025-08-30 21:40:42,Pick fail
SO147542_SKU0074,ORD147542,DS014,SKU0074,2025-08-30 17:51:40,Zero on hand
SO147546_SKU0002,ORD147546,DS014,SKU0002,2025-08-30 14:30:10,Damaged
SO147551_SKU0022,ORD147551,DS014,SKU0022,2025-08-30 20:16:47,Damaged
SO147556_SKU0020,ORD147556,DS014,SKU0020,2025-08-30 18:59:14,Pick fail
SO147556_SKU0062,ORD147556,DS014,SKU0062,2025-08-30 18:59:14,Zero on hand
SO147557_SKU0047,ORD147557,DS014,SKU0047,2025-08-30 11:50:11,Zero on hand
SO147566_SKU0026,ORD147566,DS014,SKU0026,2025-08-30 18:29:24,Zero on hand
SO147570_SKU0014,ORD147570,DS014,SKU0014,2025-08-30 13:54:41,Expired
SO147575_SKU0007,ORD147575,DS014,SKU0007,2025-08-30 13:21:19,Expired
SO147582_SKU0016,ORD147582,DS014,SKU0016,2025-08-30 21:37:53,Expired
SO147596_SKU0045,ORD147596,DS015,SKU0045,2025-08-30 18:31:48,Expired
SO147603_SKU0004,ORD147603,DS015,SKU0004,2025-08-30 12:59:58,Expired
SO147614_SKU0054,ORD147614,DS015,SKU0054,2025-08-30 13:34:47,Pick fail
SO147616_SKU0022,ORD147616,DS015,SKU0022,2025-08-30 12:24:15,Zero on hand
SO147617_SKU0056,ORD147617,DS015,SKU0056,2025-08-30 11:01:00,Zero on hand
SO147620_SKU0021,ORD147620,DS015,SKU0021,2025-08-30 18:09:33,Pick fail
SO147620_SKU0016,ORD147620,DS015,SKU0016,2025-08-30 18:09:33,Damaged
SO147621_SKU0080,ORD147621,DS015,SKU0080,2025-08-30 21:27:37,Expired
SO147630_SKU0009,ORD147630,DS015,SKU0009,2025-08-30 14:57:42,Expired
SO147635_SKU0047,ORD147635,DS015,SKU0047,2025-08-30 14:00:06,Damaged
SO147640_SKU0023,ORD147640,DS015,SKU0023,2025-08-30 09:30:48,Damaged
SO147643_SKU0054,ORD147643,DS015,SKU0054,2025-08-30 16:22:19,Pick fail
SO147644_SKU0010,ORD147644,DS015,SKU0010,2025-08-30 19:26:29,Damaged
SO147650_SKU0009,ORD147650,DS015,SKU0009,2025-08-30 10:00:29,Zero on hand
SO147659_SKU0058,ORD147659,DS015,SKU0058,2025-08-30 17:15:37,Zero on hand
SO147667_SKU0064,ORD147667,DS015,SKU0064,2025-08-30 20:06:47,Pick fail
SO147672_SKU0069,ORD147672,DS015,SKU0069,2025-08-30 15:02:16,Expired
SO147678_SKU0010,ORD147678,DS015,SKU0010,2025-08-30 16:03:23,Zero on hand
SO147681_SKU0034,ORD147681,DS015,SKU0034,2025-08-30 19:05:29,Damaged
SO147683_SKU0016,ORD147683,DS015,SKU0016,2025-08-30 11:14:14,Expired
SO147684_SKU0059,ORD147684,DS015,SKU0059,2025-08-30 13:01:28,Pick fail
SO147687_SKU0012,ORD147687,DS015,SKU0012,2025-08-30 10:09:19,Zero on hand
SO147691_SKU0051,ORD147691,DS015,SKU0051,2025-08-30 10:46:09,Expired
SO147691_SKU0027,ORD147691,DS015,SKU0027,2025-08-30 10:46:09,Pick fail
SO147694_SKU0051,ORD147694,DS016,SKU0051,2025-08-30 15:28:10,Damaged
SO147697_SKU0053,ORD147697,DS016,SKU0053,2025-08-30 21:28:13,Damaged
SO147697_SKU0004,ORD147697,DS016,SKU0004,2025-08-30 21:28:13,Expired
SO147698_SKU0057,ORD147698,DS016,SKU0057,2025-08-30 10:37:28,Expired
SO147699_SKU0054,ORD147699,DS016,SKU0054,2025-08-30 20:01:25,Pick fail
SO147701_SKU0061,ORD147701,DS016,SKU0061,2025-08-30 23:18:36,Damaged
SO147720_SKU0021,ORD147720,DS016,SKU0021,2025-08-30 17:33:38,Zero on hand
SO147729_SKU0068,ORD147729,DS016,SKU0068,2025-08-30 14:07:53,Pick fail
SO147774_SKU0059,ORD147774,DS016,SKU0059,2025-08-30 13:27:31,Damaged
SO147784_SKU0069,ORD147784,DS016,SKU0069,2025-08-30 20:14:18,Expired
SO147803_SKU0062,ORD147803,DS016,SKU0062,2025-08-30 16:13:58,Pick fail
SO147812_SKU0011,ORD147812,DS016,SKU0011,2025-08-30 17:27:16,Expired
SO147813_SKU0065,ORD147813,DS016,SKU0065,2025-08-30 15:50:07,Damaged
SO147822_SKU0019,ORD147822,DS016,SKU0019,2025-08-30 19:22:15,Pick fail
SO147852_SKU0056,ORD147852,DS017,SKU0056,2025-08-30 19:45:08,Zero on hand
SO147855_SKU0056,ORD147855,DS017,SKU0056,2025-08-30 13:30:21,Zero on hand
SO147859_SKU0057,ORD147859,DS017,SKU0057,2025-08-30 18:24:12,Damaged
SO147862_SKU0068,ORD147862,DS017,SKU0068,2025-08-30 16:01:13,Expired
SO147879_SKU0007,ORD147879,DS017,SKU0007,2025-08-30 10:17:26,Zero on hand
SO147891_SKU0051,ORD147891,DS017,SKU0051,2025-08-30 13:01:03,Zero on hand
SO147894_SKU0055,ORD147894,DS017,SKU0055,2025-08-30 21:06:01,Zero on hand
SO147919_SKU0018,ORD147919,DS017,SKU0018,2025-08-30 13:29:23,Expired
SO147926_SKU0006,ORD147926,DS017,SKU0006,2025-08-30 12:42:08,Pick fail
SO147927_SKU0046,ORD147927,DS017,SKU0046,2025-08-30 13:32:45,Zero on hand
SO147930_SKU0004,ORD147930,DS017,SKU0004,2025-08-30 20:20:24,Expired
SO147930_SKU0013,ORD147930,DS017,SKU0013,2025-08-30 20:20:24,Damaged
SO147933_SKU0059,ORD147933,DS017,SKU0059,2025-08-30 14:48:56,Pick fail
SO147937_SKU0064,ORD147937,DS017,SKU0064,2025-08-30 17:30:43,Expired
SO147945_SKU0072,ORD147945,DS017,SKU0072,2025-08-30 12:08:46,Damaged
